t_epoch,name,cpu_pct,mem_mib
1790610473,rot-ai-web-1,0.00,15.5
1790610473,rot-ai-knowledge-1,0.52,180.6
1790610473,rot-ai-alarm-worker-1,0.08,58.2
1790610473,rot-ai-work-db-1,3.88,60.3
1790610473,rot-ai-graph-1,0.91,897.4
1790610473,rot-edgex-app-mqtt-export,0.10,27.4
1790610473,rot-edgex-device-modbus,0.26,24.3
1790610473,rot-edgex-core-command,0.01,11.1
1790610473,rot-edgex-core-data,0.13,24.3
1790610473,rot-edgex-ui,0.00,15.6
1790610473,rot-edgex-core-metadata,0.00,11.5
1790610473,rot-edgex-common-config,0.00,0.8
1790610473,rot-edgex-core-keeper,0.02,22.0
1790610473,rot-flink-taskmanager,5.72,1462.3
1790610473,rot-telegraf-sink,1.44,111.4
1790610473,rot-grafana,0.10,104.2
1790610473,rot-alert-republisher,0.18,85.0
1790610473,rot-telegraf-bridge,0.44,112.3
1790610473,rot-kafka-exporter,0.02,20.9
1790610473,rot-fuxa,0.20,76.4
1790610473,rot-edgex-postgres,0.06,55.4
1790610473,rot-edgex-mqtt-broker,0.05,1.6
1790610473,rot-kafka,4.85,512.2
1790610473,rot-influxdb,0.31,103.7
1790610473,rot-flink-jobmanager,0.75,445.5
1790610473,rot-alertmanager,0.12,30.1
1790610473,rot-prometheus,0.27,103.1
1790610473,rot-plant-simulator,0.38,37.1
1790610473,rot-emqx,73.26,186.7
1790610473,rot-cadvisor,0.27,52.7
1790610477,rot-ai-web-1,0.00,15.5
1790610477,rot-ai-knowledge-1,0.15,180.4
1790610477,rot-ai-alarm-worker-1,0.08,57.9
1790610477,rot-ai-work-db-1,0.03,59.9
1790610477,rot-ai-graph-1,1.43,897.6
1790610477,rot-edgex-app-mqtt-export,0.10,27.5
1790610477,rot-edgex-device-modbus,0.31,24.6
1790610477,rot-edgex-core-command,0.00,11.1
1790610477,rot-edgex-core-data,0.13,24.6
1790610477,rot-edgex-ui,0.00,15.6
1790610477,rot-edgex-core-metadata,0.00,11.5
1790610477,rot-edgex-common-config,0.00,0.8
1790610477,rot-edgex-core-keeper,0.15,22.2
1790610477,rot-flink-taskmanager,25.72,1459.2
1790610477,rot-telegraf-sink,1.22,110.9
1790610477,rot-grafana,0.04,104.2
1790610477,rot-alert-republisher,0.22,85.2
1790610477,rot-telegraf-bridge,0.31,112.1
1790610477,rot-kafka-exporter,5.27,21.9
1790610477,rot-fuxa,0.15,77.9
1790610477,rot-edgex-postgres,0.12,55.7
1790610477,rot-edgex-mqtt-broker,0.05,1.8
1790610477,rot-kafka,10.96,513.3
1790610477,rot-influxdb,0.54,104.2
1790610477,rot-flink-jobmanager,3.64,452.0
1790610477,rot-alertmanager,0.07,30.1
1790610477,rot-prometheus,1.25,106.0
1790610477,rot-plant-simulator,0.25,36.9
1790610477,rot-emqx,0.65,185.7
1790610477,rot-cadvisor,0.23,52.7
1790610480,rot-ai-web-1,1.92,15.8
1790610480,rot-ai-knowledge-1,0.60,180.9
1790610480,rot-ai-alarm-worker-1,0.09,58.6
1790610480,rot-ai-work-db-1,0.03,60.2
1790610480,rot-ai-graph-1,143.18,1049.6
1790610480,rot-edgex-app-mqtt-export,0.18,27.4
1790610480,rot-edgex-device-modbus,0.37,24.6
1790610480,rot-edgex-core-command,0.02,11.1
1790610480,rot-edgex-core-data,0.36,25.1
1790610480,rot-edgex-ui,0.00,15.6
1790610480,rot-edgex-core-metadata,0.03,11.8
1790610480,rot-edgex-common-config,0.00,0.8
1790610480,rot-edgex-core-keeper,0.16,22.7
1790610480,rot-flink-taskmanager,5.52,1445.9
1790610480,rot-telegraf-sink,3.13,129.4
1790610480,rot-grafana,0.06,104.2
1790610480,rot-alert-republisher,0.17,85.5
1790610480,rot-telegraf-bridge,0.28,111.6
1790610480,rot-kafka-exporter,0.05,21.5
1790610480,rot-fuxa,0.18,78.0
1790610480,rot-edgex-postgres,0.12,55.7
1790610480,rot-edgex-mqtt-broker,0.08,2.1
1790610480,rot-kafka,3.84,511.1
1790610480,rot-influxdb,0.04,103.5
1790610480,rot-flink-jobmanager,1.14,451.6
1790610480,rot-alertmanager,0.16,34.4
1790610480,rot-prometheus,0.00,105.7
1790610480,rot-plant-simulator,0.59,37.2
1790610480,rot-emqx,0.69,185.9
1790610480,rot-cadvisor,0.33,53.0
1790610484,rot-ai-web-1,0.00,15.4
1790610484,rot-ai-knowledge-1,0.14,179.1
1790610484,rot-ai-alarm-worker-1,0.11,57.3
1790610484,rot-ai-work-db-1,8.46,60.0
1790610484,rot-ai-graph-1,1.21,895.5
1790610484,rot-edgex-app-mqtt-export,0.24,26.8
1790610484,rot-edgex-device-modbus,0.66,24.0
1790610484,rot-edgex-core-command,0.00,10.9
1790610484,rot-edgex-core-data,0.43,24.7
1790610484,rot-edgex-ui,0.00,15.1
1790610484,rot-edgex-core-metadata,0.00,11.5
1790610484,rot-edgex-common-config,0.00,0.8
1790610484,rot-edgex-core-keeper,0.03,21.4
1790610484,rot-flink-taskmanager,13.59,1442.8
1790610484,rot-telegraf-sink,1.34,124.9
1790610484,rot-grafana,0.09,101.5
1790610484,rot-alert-republisher,0.20,82.6
1790610484,rot-telegraf-bridge,0.39,109.6
1790610484,rot-kafka-exporter,0.07,21.0
1790610484,rot-fuxa,0.27,78.1
1790610484,rot-edgex-postgres,3.82,56.4
1790610484,rot-edgex-mqtt-broker,0.10,1.6
1790610484,rot-kafka,5.79,507.4
1790610484,rot-influxdb,0.06,102.0
1790610484,rot-flink-jobmanager,1.01,450.7
1790610484,rot-alertmanager,0.11,33.4
1790610484,rot-prometheus,0.00,103.9
1790610484,rot-plant-simulator,0.80,36.3
1790610484,rot-emqx,115.88,222.0
1790610484,rot-cadvisor,0.09,53.1
1790610487,rot-ai-web-1,0.00,15.4
1790610487,rot-ai-knowledge-1,0.50,179.4
1790610487,rot-ai-alarm-worker-1,0.07,57.5
1790610487,rot-ai-work-db-1,0.48,60.5
1790610487,rot-ai-graph-1,0.79,894.9
1790610487,rot-edgex-app-mqtt-export,0.06,26.8
1790610487,rot-edgex-device-modbus,0.22,23.8
1790610487,rot-edgex-core-command,0.00,10.9
1790610487,rot-edgex-core-data,0.11,24.2
1790610487,rot-edgex-ui,0.00,15.1
1790610487,rot-edgex-core-metadata,0.03,11.7
1790610487,rot-edgex-common-config,0.00,0.8
1790610487,rot-edgex-core-keeper,0.00,22.1
1790610487,rot-flink-taskmanager,6.40,1464.3
1790610487,rot-telegraf-sink,0.92,125.1
1790610487,rot-grafana,0.17,101.5
1790610487,rot-alert-republisher,0.13,82.4
1790610487,rot-telegraf-bridge,0.27,109.3
1790610487,rot-kafka-exporter,2.46,21.2
1790610487,rot-fuxa,0.16,77.2
1790610487,rot-edgex-postgres,0.49,55.3
1790610487,rot-edgex-mqtt-broker,0.04,1.9
1790610487,rot-kafka,7.58,514.1
1790610487,rot-influxdb,0.32,104.2
1790610487,rot-flink-jobmanager,5.70,455.7
1790610487,rot-alertmanager,0.06,33.4
1790610487,rot-prometheus,0.32,104.0
1790610487,rot-plant-simulator,0.46,37.1
1790610487,rot-emqx,1.59,184.9
1790610487,rot-cadvisor,0.26,53.6
1790610491,rot-ai-web-1,0.00,15.5
1790610491,rot-ai-knowledge-1,0.14,178.9
1790610491,rot-ai-alarm-worker-1,0.07,57.2
1790610491,rot-ai-work-db-1,0.01,60.0
1790610491,rot-ai-graph-1,1.11,894.9
1790610491,rot-edgex-app-mqtt-export,0.19,26.6
1790610491,rot-edgex-device-modbus,0.30,23.8
1790610491,rot-edgex-core-command,0.04,11.4
1790610491,rot-edgex-core-data,0.21,23.9
1790610491,rot-edgex-ui,0.00,15.1
1790610491,rot-edgex-core-metadata,0.00,11.5
1790610491,rot-edgex-common-config,0.00,0.8
1790610491,rot-edgex-core-keeper,0.11,22.4
1790610491,rot-flink-taskmanager,4.85,1463.3
1790610491,rot-telegraf-sink,0.80,125.9
1790610491,rot-grafana,0.04,101.5
1790610491,rot-alert-republisher,0.26,82.6
1790610491,rot-telegraf-bridge,0.30,109.4
1790610491,rot-kafka-exporter,0.04,20.7
1790610491,rot-fuxa,0.18,77.7
1790610491,rot-edgex-postgres,0.14,55.4
1790610491,rot-edgex-mqtt-broker,0.07,2.3
1790610491,rot-kafka,3.58,507.6
1790610491,rot-influxdb,0.26,104.7
1790610491,rot-flink-jobmanager,0.79,458.3
1790610491,rot-alertmanager,0.08,33.4
1790610491,rot-prometheus,0.00,113.8
1790610491,rot-plant-simulator,0.40,36.9
1790610491,rot-emqx,1.55,184.7
1790610491,rot-cadvisor,0.31,52.0
1790610494,rot-ai-web-1,0.00,15.4
1790610494,rot-ai-knowledge-1,1.13,178.5
1790610494,rot-ai-alarm-worker-1,0.21,57.5
1790610494,rot-ai-work-db-1,11.68,60.6
1790610494,rot-ai-graph-1,174.69,1095.7
1790610494,rot-edgex-app-mqtt-export,0.77,26.6
1790610494,rot-edgex-device-modbus,1.23,23.6
1790610494,rot-edgex-core-command,0.00,10.9
1790610494,rot-edgex-core-data,0.15,23.9
1790610494,rot-edgex-ui,0.00,15.1
1790610494,rot-edgex-core-metadata,0.12,11.8
1790610494,rot-edgex-common-config,0.00,0.8
1790610494,rot-edgex-core-keeper,0.35,22.6
1790610494,rot-flink-taskmanager,13.32,1454.1
1790610494,rot-telegraf-sink,1.42,125.4
1790610494,rot-grafana,0.09,100.8
1790610494,rot-alert-republisher,0.38,82.6
1790610494,rot-telegraf-bridge,0.44,112.7
1790610494,rot-kafka-exporter,0.07,21.2
1790610494,rot-fuxa,0.29,78.5
1790610494,rot-edgex-postgres,3.67,56.0
1790610494,rot-edgex-mqtt-broker,0.08,1.6
1790610494,rot-kafka,214.17,562.4
1790610494,rot-influxdb,0.23,104.2
1790610494,rot-flink-jobmanager,1.42,458.6
1790610494,rot-alertmanager,0.19,33.3
1790610494,rot-prometheus,0.00,116.1
1790610494,rot-plant-simulator,0.90,37.3
1790610494,rot-emqx,3.17,184.5
1790610494,rot-cadvisor,0.11,54.2
1790610498,rot-ai-web-1,0.00,15.0
1790610498,rot-ai-knowledge-1,0.95,175.9
1790610498,rot-ai-alarm-worker-1,0.09,55.0
1790610498,rot-ai-work-db-1,1.11,57.8
1790610498,rot-ai-graph-1,1.42,884.4
1790610498,rot-edgex-app-mqtt-export,0.17,27.2
1790610498,rot-edgex-device-modbus,0.50,21.8
1790610498,rot-edgex-core-command,0.02,10.4
1790610498,rot-edgex-core-data,0.25,23.0
1790610498,rot-edgex-ui,0.00,13.9
1790610498,rot-edgex-core-metadata,0.03,11.2
1790610498,rot-edgex-common-config,0.00,0.8
1790610498,rot-edgex-core-keeper,0.00,20.7
1790610498,rot-flink-taskmanager,13.97,1434.6
1790610498,rot-telegraf-sink,1.19,118.6
1790610498,rot-grafana,0.19,96.1
1790610498,rot-alert-republisher,0.24,81.6
1790610498,rot-telegraf-bridge,0.42,106.1
1790610498,rot-kafka-exporter,0.06,20.4
1790610498,rot-fuxa,0.33,75.8
1790610498,rot-edgex-postgres,0.10,52.9
1790610498,rot-edgex-mqtt-broker,0.08,1.6
1790610498,rot-kafka,5.26,500.2
1790610498,rot-influxdb,0.16,102.0
1790610498,rot-flink-jobmanager,24.25,471.0
1790610498,rot-alertmanager,0.15,31.3
1790610498,rot-prometheus,0.31,111.8
1790610498,rot-plant-simulator,0.51,35.7
1790610498,rot-emqx,1.14,179.1
1790610498,rot-cadvisor,0.61,52.2
1790610501,rot-ai-web-1,0.00,15.1
1790610501,rot-ai-knowledge-1,1.03,176.2
1790610501,rot-ai-alarm-worker-1,0.14,55.4
1790610501,rot-ai-work-db-1,1.07,58.1
1790610501,rot-ai-graph-1,1.64,884.4
1790610501,rot-edgex-app-mqtt-export,0.25,27.7
1790610501,rot-edgex-device-modbus,0.64,22.8
1790610501,rot-edgex-core-command,0.00,10.6
1790610501,rot-edgex-core-data,0.28,23.4
1790610501,rot-edgex-ui,0.04,14.2
1790610501,rot-edgex-core-metadata,0.00,11.3
1790610501,rot-edgex-common-config,0.00,0.8
1790610501,rot-edgex-core-keeper,0.06,20.9
1790610501,rot-flink-taskmanager,6.92,1434.6
1790610501,rot-telegraf-sink,1.65,117.6
1790610501,rot-grafana,0.08,95.9
1790610501,rot-alert-republisher,0.49,81.5
1790610501,rot-telegraf-bridge,0.88,109.6
1790610501,rot-kafka-exporter,0.05,20.6
1790610501,rot-fuxa,0.26,75.5
1790610501,rot-edgex-postgres,0.18,54.1
1790610501,rot-edgex-mqtt-broker,0.07,1.6
1790610501,rot-kafka,8.06,501.3
1790610501,rot-influxdb,5.69,103.1
1790610501,rot-flink-jobmanager,3.19,471.6
1790610501,rot-alertmanager,0.11,31.2
1790610501,rot-prometheus,0.82,116.4
1790610501,rot-plant-simulator,0.55,36.0
1790610501,rot-emqx,1.71,178.9
1790610501,rot-cadvisor,1.61,54.8
1790610505,rot-ai-web-1,0.00,15.1
1790610505,rot-ai-knowledge-1,0.19,175.6
1790610505,rot-ai-alarm-worker-1,0.12,55.3
1790610505,rot-ai-work-db-1,0.02,57.8
1790610505,rot-ai-graph-1,89.88,966.4
1790610505,rot-edgex-app-mqtt-export,0.30,27.1
1790610505,rot-edgex-device-modbus,0.77,22.3
1790610505,rot-edgex-core-command,0.00,10.2
1790610505,rot-edgex-core-data,0.61,23.8
1790610505,rot-edgex-ui,0.00,13.6
1790610505,rot-edgex-core-metadata,0.13,11.2
1790610505,rot-edgex-common-config,0.00,0.8
1790610505,rot-edgex-core-keeper,0.54,20.7
1790610505,rot-flink-taskmanager,6.83,1435.6
1790610505,rot-telegraf-sink,1.66,121.6
1790610505,rot-grafana,0.17,96.7
1790610505,rot-alert-republisher,0.23,80.8
1790610505,rot-telegraf-bridge,0.52,109.2
1790610505,rot-kafka-exporter,0.08,20.2
1790610505,rot-fuxa,0.27,75.4
1790610505,rot-edgex-postgres,4.06,54.2
1790610505,rot-edgex-mqtt-broker,0.08,1.8
1790610505,rot-kafka,6.13,500.7
1790610505,rot-influxdb,0.54,102.5
1790610505,rot-flink-jobmanager,1.14,470.5
1790610505,rot-alertmanager,0.12,31.1
1790610505,rot-prometheus,0.00,115.5
1790610505,rot-plant-simulator,9.94,37.0
1790610505,rot-emqx,4.70,179.9
1790610505,rot-cadvisor,0.40,54.5
1790610508,rot-ai-web-1,0.00,14.7
1790610508,rot-ai-knowledge-1,2.88,173.4
1790610508,rot-ai-alarm-worker-1,0.06,54.2
1790610508,rot-ai-work-db-1,0.76,55.8
1790610508,rot-ai-graph-1,0.96,879.3
1790610508,rot-edgex-app-mqtt-export,0.08,25.9
1790610508,rot-edgex-device-modbus,0.36,21.7
1790610508,rot-edgex-core-command,0.02,10.3
1790610508,rot-edgex-core-data,0.13,22.7
1790610508,rot-edgex-ui,0.00,13.4
1790610508,rot-edgex-core-metadata,0.00,11.1
1790610508,rot-edgex-common-config,0.00,0.8
1790610508,rot-edgex-core-keeper,0.02,20.3
1790610508,rot-flink-taskmanager,17.69,1433.6
1790610508,rot-telegraf-sink,1.46,114.5
1790610508,rot-grafana,3.14,127.1
1790610508,rot-alert-republisher,0.27,75.4
1790610508,rot-telegraf-bridge,0.57,104.2
1790610508,rot-kafka-exporter,0.05,22.0
1790610508,rot-fuxa,0.36,74.3
1790610508,rot-edgex-postgres,0.07,52.5
1790610508,rot-edgex-mqtt-broker,0.04,1.6
1790610508,rot-kafka,76.89,508.7
1790610508,rot-influxdb,0.03,98.3
1790610508,rot-flink-jobmanager,4.58,468.8
1790610508,rot-alertmanager,0.11,29.5
1790610508,rot-prometheus,0.89,121.4
1790610508,rot-plant-simulator,0.64,36.5
1790610508,rot-emqx,36.64,175.4
1790610508,rot-cadvisor,0.23,53.2
1790610512,rot-ai-web-1,0.00,14.7
1790610512,rot-ai-knowledge-1,0.55,173.2
1790610512,rot-ai-alarm-worker-1,0.09,54.0
1790610512,rot-ai-work-db-1,0.48,56.0
1790610512,rot-ai-graph-1,0.80,879.1
1790610512,rot-edgex-app-mqtt-export,0.09,29.6
1790610512,rot-edgex-device-modbus,0.48,21.2
1790610512,rot-edgex-core-command,0.00,10.3
1790610512,rot-edgex-core-data,0.25,22.6
1790610512,rot-edgex-ui,0.00,13.3
1790610512,rot-edgex-core-metadata,0.00,11.1
1790610512,rot-edgex-common-config,0.00,0.8
1790610512,rot-edgex-core-keeper,0.04,20.2
1790610512,rot-flink-taskmanager,7.99,1445.9
1790610512,rot-telegraf-sink,1.19,114.8
1790610512,rot-grafana,0.09,127.0
1790610512,rot-alert-republisher,0.27,75.6
1790610512,rot-telegraf-bridge,0.30,104.1
1790610512,rot-kafka-exporter,0.03,21.5
1790610512,rot-fuxa,0.27,74.2
1790610512,rot-edgex-postgres,0.14,53.1
1790610512,rot-edgex-mqtt-broker,0.09,1.6
1790610512,rot-kafka,4.81,505.2
1790610512,rot-influxdb,3.37,99.2
1790610512,rot-flink-jobmanager,2.71,469.9
1790610512,rot-alertmanager,0.09,29.5
1790610512,rot-prometheus,0.12,121.1
1790610512,rot-plant-simulator,0.54,36.4
1790610512,rot-emqx,3.73,177.3
1790610512,rot-cadvisor,0.57,53.6
1790610516,rot-ai-web-1,0.00,14.7
1790610516,rot-ai-knowledge-1,0.82,173.2
1790610516,rot-ai-alarm-worker-1,0.09,54.2
1790610516,rot-ai-work-db-1,0.84,56.1
1790610516,rot-ai-graph-1,0.75,878.9
1790610516,rot-edgex-app-mqtt-export,0.16,29.9
1790610516,rot-edgex-device-modbus,0.56,23.7
1790610516,rot-edgex-core-command,0.00,10.3
1790610516,rot-edgex-core-data,0.21,22.9
1790610516,rot-edgex-ui,0.00,13.3
1790610516,rot-edgex-core-metadata,0.00,11.1
1790610516,rot-edgex-common-config,0.00,0.8
1790610516,rot-edgex-core-keeper,0.22,20.8
1790610516,rot-flink-taskmanager,10.04,1445.9
1790610516,rot-telegraf-sink,0.63,113.7
1790610516,rot-grafana,0.05,127.0
1790610516,rot-alert-republisher,0.33,76.1
1790610516,rot-telegraf-bridge,0.26,106.1
1790610516,rot-kafka-exporter,0.02,21.5
1790610516,rot-fuxa,0.22,73.8
1790610516,rot-edgex-postgres,0.22,53.8
1790610516,rot-edgex-mqtt-broker,0.04,1.8
1790610516,rot-kafka,7.01,510.5
1790610516,rot-influxdb,2.20,108.2
1790610516,rot-flink-jobmanager,0.95,472.1
1790610516,rot-alertmanager,0.10,29.5
1790610516,rot-prometheus,0.93,120.9
1790610516,rot-plant-simulator,0.59,37.2
1790610516,rot-emqx,1.80,175.3
1790610516,rot-cadvisor,0.34,53.6
1790610520,rot-ai-web-1,2.96,14.5
1790610520,rot-ai-knowledge-1,0.77,171.1
1790610520,rot-ai-alarm-worker-1,0.11,53.1
1790610520,rot-ai-work-db-1,5.89,58.5
1790610520,rot-ai-graph-1,78.22,876.1
1790610520,rot-edgex-app-mqtt-export,0.08,29.2
1790610520,rot-edgex-device-modbus,0.64,25.4
1790610520,rot-edgex-core-command,0.00,10.2
1790610520,rot-edgex-core-data,0.13,22.5
1790610520,rot-edgex-ui,0.00,12.8
1790610520,rot-edgex-core-metadata,0.06,10.9
1790610520,rot-edgex-common-config,0.00,0.8
1790610520,rot-edgex-core-keeper,0.08,19.7
1790610520,rot-flink-taskmanager,6.25,1441.8
1790610520,rot-telegraf-sink,1.52,110.0
1790610520,rot-grafana,0.11,121.6
1790610520,rot-alert-republisher,0.32,71.7
1790610520,rot-telegraf-bridge,0.30,106.4
1790610520,rot-kafka-exporter,0.06,20.9
1790610520,rot-fuxa,0.24,71.6
1790610520,rot-edgex-postgres,4.44,53.1
1790610520,rot-edgex-mqtt-broker,0.05,2.1
1790610520,rot-kafka,166.81,601.0
1790610520,rot-influxdb,0.04,104.0
1790610520,rot-flink-jobmanager,1.63,468.2
1790610520,rot-alertmanager,0.13,34.4
1790610520,rot-prometheus,0.00,117.5
1790610520,rot-plant-simulator,0.92,37.0
1790610520,rot-emqx,2.33,174.2
1790610520,rot-cadvisor,0.22,51.6
1790610523,rot-ai-web-1,0.00,14.5
1790610523,rot-ai-knowledge-1,0.74,171.3
1790610523,rot-ai-alarm-worker-1,0.10,53.3
1790610523,rot-ai-work-db-1,1.33,56.0
1790610523,rot-ai-graph-1,0.82,875.8
1790610523,rot-edgex-app-mqtt-export,0.13,29.2
1790610523,rot-edgex-device-modbus,0.36,24.9
1790610523,rot-edgex-core-command,0.03,10.2
1790610523,rot-edgex-core-data,0.14,22.1
1790610523,rot-edgex-ui,0.00,12.8
1790610523,rot-edgex-core-metadata,0.00,10.9
1790610523,rot-edgex-common-config,0.00,0.8
1790610523,rot-edgex-core-keeper,0.05,19.7
1790610523,rot-flink-taskmanager,8.44,1437.7
1790610523,rot-telegraf-sink,1.10,110.0
1790610523,rot-grafana,0.12,121.6
1790610523,rot-alert-republisher,0.27,72.2
1790610523,rot-telegraf-bridge,0.31,106.6
1790610523,rot-kafka-exporter,0.05,20.9
1790610523,rot-fuxa,0.31,71.6
1790610523,rot-edgex-postgres,0.07,52.8
1790610523,rot-edgex-mqtt-broker,0.05,1.6
1790610523,rot-kafka,5.19,514.8
1790610523,rot-influxdb,0.68,109.9
1790610523,rot-flink-jobmanager,1.11,470.0
1790610523,rot-alertmanager,0.12,34.4
1790610523,rot-prometheus,0.14,117.5
1790610523,rot-plant-simulator,0.55,37.0
1790610523,rot-emqx,5.97,173.7
1790610523,rot-cadvisor,1.23,52.1
1790610527,rot-ai-web-1,0.00,14.5
1790610527,rot-ai-knowledge-1,0.15,171.1
1790610527,rot-ai-alarm-worker-1,0.07,53.3
1790610527,rot-ai-work-db-1,0.02,55.0
1790610527,rot-ai-graph-1,0.63,875.8
1790610527,rot-edgex-app-mqtt-export,0.11,29.5
1790610527,rot-edgex-device-modbus,0.38,25.1
1790610527,rot-edgex-core-command,0.00,10.2
1790610527,rot-edgex-core-data,0.14,21.7
1790610527,rot-edgex-ui,0.00,12.8
1790610527,rot-edgex-core-metadata,0.00,10.9
1790610527,rot-edgex-common-config,0.00,0.8
1790610527,rot-edgex-core-keeper,0.19,19.7
1790610527,rot-flink-taskmanager,13.70,1443.8
1790610527,rot-telegraf-sink,1.05,110.2
1790610527,rot-grafana,0.06,121.6
1790610527,rot-alert-republisher,0.28,71.7
1790610527,rot-telegraf-bridge,0.22,106.9
1790610527,rot-kafka-exporter,4.19,22.3
1790610527,rot-fuxa,1.70,77.5
1790610527,rot-edgex-postgres,1.58,53.6
1790610527,rot-edgex-mqtt-broker,0.05,1.6
1790610527,rot-kafka,14.30,517.2
1790610527,rot-influxdb,0.56,110.4
1790610527,rot-flink-jobmanager,1.65,473.3
1790610527,rot-alertmanager,0.07,34.4
1790610527,rot-prometheus,2.88,124.2
1790610527,rot-plant-simulator,0.37,37.1
1790610527,rot-emqx,2.62,173.9
1790610527,rot-cadvisor,0.20,52.6
1790610530,rot-ai-web-1,0.00,14.5
1790610530,rot-ai-knowledge-1,0.48,171.1
1790610530,rot-ai-alarm-worker-1,0.08,53.3
1790610530,rot-ai-work-db-1,4.52,56.3
1790610530,rot-ai-graph-1,126.90,1010.0
1790610530,rot-edgex-app-mqtt-export,0.18,29.2
1790610530,rot-edgex-device-modbus,0.35,24.9
1790610530,rot-edgex-core-command,0.03,10.4
1790610530,rot-edgex-core-data,0.26,22.2
1790610530,rot-edgex-ui,0.00,12.8
1790610530,rot-edgex-core-metadata,0.04,10.9
1790610530,rot-edgex-common-config,0.00,0.8
1790610530,rot-edgex-core-keeper,0.13,20.0
1790610530,rot-flink-taskmanager,5.17,1437.7
1790610530,rot-telegraf-sink,0.82,109.5
1790610530,rot-grafana,0.06,121.6
1790610530,rot-alert-republisher,0.21,72.0
1790610530,rot-telegraf-bridge,0.22,114.6
1790610530,rot-kafka-exporter,0.03,22.0
1790610530,rot-fuxa,0.35,78.9
1790610530,rot-edgex-postgres,2.05,53.7
1790610530,rot-edgex-mqtt-broker,0.06,2.1
1790610530,rot-kafka,4.30,512.1
1790610530,rot-influxdb,0.06,109.9
1790610530,rot-flink-jobmanager,1.16,477.0
1790610530,rot-alertmanager,0.09,34.4
1790610530,rot-prometheus,0.00,123.5
1790610530,rot-plant-simulator,0.47,37.2
1790610530,rot-emqx,54.41,174.2
1790610530,rot-cadvisor,0.09,53.6
1790610534,rot-ai-web-1,0.00,14.2
1790610534,rot-ai-knowledge-1,0.50,169.1
1790610534,rot-ai-alarm-worker-1,0.07,52.1
1790610534,rot-ai-work-db-1,0.47,53.9
1790610534,rot-ai-graph-1,0.83,866.1
1790610534,rot-edgex-app-mqtt-export,0.33,27.3
1790610534,rot-edgex-device-modbus,0.38,24.0
1790610534,rot-edgex-core-command,0.00,10.0
1790610534,rot-edgex-core-data,0.47,24.1
1790610534,rot-edgex-ui,0.00,12.3
1790610534,rot-edgex-core-metadata,0.00,10.8
1790610534,rot-edgex-common-config,0.00,0.8
1790610534,rot-edgex-core-keeper,0.05,19.0
1790610534,rot-flink-taskmanager,4.96,1414.1
1790610534,rot-telegraf-sink,0.95,104.7
1790610534,rot-grafana,0.04,115.2
1790610534,rot-alert-republisher,0.17,68.0
1790610534,rot-telegraf-bridge,0.26,114.9
1790610534,rot-kafka-exporter,0.07,21.1
1790610534,rot-fuxa,0.22,76.5
1790610534,rot-edgex-postgres,0.08,52.7
1790610534,rot-edgex-mqtt-broker,0.09,1.8
1790610534,rot-kafka,3.92,505.2
1790610534,rot-influxdb,0.03,106.9
1790610534,rot-flink-jobmanager,0.77,471.5
1790610534,rot-alertmanager,0.12,32.7
1790610534,rot-prometheus,0.00,119.0
1790610534,rot-plant-simulator,0.57,37.6
1790610534,rot-emqx,2.33,171.0
1790610534,rot-cadvisor,0.44,52.8
1790610537,rot-ai-web-1,0.00,14.2
1790610537,rot-ai-knowledge-1,0.19,169.1
1790610537,rot-ai-alarm-worker-1,0.10,53.3
1790610537,rot-ai-work-db-1,0.00,54.3
1790610537,rot-ai-graph-1,0.91,865.9
1790610537,rot-edgex-app-mqtt-export,0.12,27.5
1790610537,rot-edgex-device-modbus,0.35,23.8
1790610537,rot-edgex-core-command,0.00,10.0
1790610537,rot-edgex-core-data,0.27,24.6
1790610537,rot-edgex-ui,0.00,12.3
1790610537,rot-edgex-core-metadata,0.02,10.8
1790610537,rot-edgex-common-config,0.00,0.8
1790610537,rot-edgex-core-keeper,0.00,19.0
1790610537,rot-flink-taskmanager,20.78,1437.7
1790610537,rot-telegraf-sink,0.89,104.7
1790610537,rot-grafana,0.05,115.2
1790610537,rot-alert-republisher,0.37,72.9
1790610537,rot-telegraf-bridge,0.35,114.7
1790610537,rot-kafka-exporter,3.52,20.2
1790610537,rot-fuxa,0.32,77.2
1790610537,rot-edgex-postgres,0.10,53.1
1790610537,rot-edgex-mqtt-broker,0.06,2.3
1790610537,rot-kafka,7.60,506.0
1790610537,rot-influxdb,0.20,107.4
1790610537,rot-flink-jobmanager,6.27,468.5
1790610537,rot-alertmanager,0.06,32.7
1790610537,rot-prometheus,0.20,119.0
1790610537,rot-plant-simulator,0.49,37.0
1790610537,rot-emqx,1.87,170.3
1790610537,rot-cadvisor,0.19,52.8
1790610541,rot-ai-web-1,0.00,14.3
1790610541,rot-ai-knowledge-1,0.16,169.2
1790610541,rot-ai-alarm-worker-1,0.09,53.3
1790610541,rot-ai-work-db-1,0.00,54.5
1790610541,rot-ai-graph-1,0.77,865.9
1790610541,rot-edgex-app-mqtt-export,0.24,27.5
1790610541,rot-edgex-device-modbus,0.82,25.4
1790610541,rot-edgex-core-command,0.03,10.3
1790610541,rot-edgex-core-data,0.26,24.1
1790610541,rot-edgex-ui,0.00,12.3
1790610541,rot-edgex-core-metadata,0.00,10.8
1790610541,rot-edgex-common-config,0.00,0.8
1790610541,rot-edgex-core-keeper,0.10,19.0
1790610541,rot-flink-taskmanager,4.83,1434.6
1790610541,rot-telegraf-sink,0.91,104.5
1790610541,rot-grafana,0.10,115.2
1790610541,rot-alert-republisher,0.24,72.7
1790610541,rot-telegraf-bridge,0.23,123.0
1790610541,rot-kafka-exporter,0.03,20.1
1790610541,rot-fuxa,0.26,76.4
1790610541,rot-edgex-postgres,0.20,52.9
1790610541,rot-edgex-mqtt-broker,0.06,1.8
1790610541,rot-kafka,3.77,507.7
1790610541,rot-influxdb,0.39,107.2
1790610541,rot-flink-jobmanager,0.91,465.3
1790610541,rot-alertmanager,0.09,32.7
1790610541,rot-prometheus,0.21,119.5
1790610541,rot-plant-simulator,0.45,36.5
1790610541,rot-emqx,75.71,172.6
1790610541,rot-cadvisor,0.93,53.5
1790610544,rot-ai-web-1,0.00,14.2
1790610544,rot-ai-knowledge-1,0.98,168.8
1790610544,rot-ai-alarm-worker-1,0.09,52.8
1790610544,rot-ai-work-db-1,8.65,54.5
1790610544,rot-ai-graph-1,44.47,871.1
1790610544,rot-edgex-app-mqtt-export,0.14,27.4
1790610544,rot-edgex-device-modbus,0.39,24.3
1790610544,rot-edgex-core-command,0.00,10.0
1790610544,rot-edgex-core-data,0.21,24.2
1790610544,rot-edgex-ui,0.00,12.1
1790610544,rot-edgex-core-metadata,0.06,10.7
1790610544,rot-edgex-common-config,0.00,0.8
1790610544,rot-edgex-core-keeper,0.21,19.5
1790610544,rot-flink-taskmanager,14.20,1428.5
1790610544,rot-telegraf-sink,1.50,104.7
1790610544,rot-grafana,0.08,114.5
1790610544,rot-alert-republisher,0.39,73.4
1790610544,rot-telegraf-bridge,0.35,122.4
1790610544,rot-kafka-exporter,0.05,19.9
1790610544,rot-fuxa,0.29,76.1
1790610544,rot-edgex-postgres,4.34,54.2
1790610544,rot-edgex-mqtt-broker,0.07,1.6
1790610544,rot-kafka,158.68,590.9
1790610544,rot-influxdb,0.05,108.6
1790610544,rot-flink-jobmanager,1.09,464.7
1790610544,rot-alertmanager,0.13,32.2
1790610544,rot-prometheus,0.00,118.4
1790610544,rot-plant-simulator,0.50,36.6
1790610544,rot-emqx,2.37,172.1
1790610544,rot-cadvisor,0.16,52.7
1790610548,rot-ai-web-1,0.00,14.2
1790610548,rot-ai-knowledge-1,0.70,169.4
1790610548,rot-ai-alarm-worker-1,0.05,53.2
1790610548,rot-ai-work-db-1,0.75,54.8
1790610548,rot-ai-graph-1,0.85,871.1
1790610548,rot-edgex-app-mqtt-export,0.49,28.9
1790610548,rot-edgex-device-modbus,0.30,24.8
1790610548,rot-edgex-core-command,0.01,10.0
1790610548,rot-edgex-core-data,0.18,24.2
1790610548,rot-edgex-ui,0.00,12.2
1790610548,rot-edgex-core-metadata,0.03,10.7
1790610548,rot-edgex-common-config,0.00,0.8
1790610548,rot-edgex-core-keeper,0.00,19.0
1790610548,rot-flink-taskmanager,14.65,1439.7
1790610548,rot-telegraf-sink,0.85,105.2
1790610548,rot-grafana,0.12,114.5
1790610548,rot-alert-republisher,0.23,79.0
1790610548,rot-telegraf-bridge,0.36,125.4
1790610548,rot-kafka-exporter,0.05,20.9
1790610548,rot-fuxa,0.13,76.5
1790610548,rot-edgex-postgres,0.09,52.2
1790610548,rot-edgex-mqtt-broker,0.04,1.8
1790610548,rot-kafka,4.91,507.1
1790610548,rot-influxdb,0.06,109.1
1790610548,rot-flink-jobmanager,8.49,472.0
1790610548,rot-alertmanager,0.07,32.5
1790610548,rot-prometheus,0.17,119.2
1790610548,rot-plant-simulator,0.33,37.1
1790610548,rot-emqx,2.86,173.0
1790610548,rot-cadvisor,0.25,53.1
1790610551,rot-ai-web-1,0.00,14.3
1790610551,rot-ai-knowledge-1,0.17,168.9
1790610551,rot-ai-alarm-worker-1,0.09,53.2
1790610551,rot-ai-work-db-1,0.00,54.2
1790610551,rot-ai-graph-1,0.84,870.8
1790610551,rot-edgex-app-mqtt-export,0.21,28.9
1790610551,rot-edgex-device-modbus,0.42,24.8
1790610551,rot-edgex-core-command,0.03,10.3
1790610551,rot-edgex-core-data,0.45,24.8
1790610551,rot-edgex-ui,0.00,12.2
1790610551,rot-edgex-core-metadata,0.00,10.7
1790610551,rot-edgex-common-config,0.00,0.8
1790610551,rot-edgex-core-keeper,0.10,19.2
1790610551,rot-flink-taskmanager,4.97,1435.6
1790610551,rot-telegraf-sink,0.89,104.7
1790610551,rot-grafana,0.05,114.5
1790610551,rot-alert-republisher,0.33,79.2
1790610551,rot-telegraf-bridge,2.85,162.7
1790610551,rot-kafka-exporter,0.04,20.7
1790610551,rot-fuxa,0.28,77.5
1790610551,rot-edgex-postgres,0.13,52.7
1790610551,rot-edgex-mqtt-broker,0.06,1.8
1790610551,rot-kafka,5.05,506.7
1790610551,rot-influxdb,0.29,109.6
1790610551,rot-flink-jobmanager,1.28,471.1
1790610551,rot-alertmanager,0.09,32.5
1790610551,rot-prometheus,0.21,119.2
1790610551,rot-plant-simulator,0.48,37.1
1790610551,rot-emqx,87.89,173.2
1790610551,rot-cadvisor,0.84,54.1
1790610555,rot-ai-web-1,0.00,14.2
1790610555,rot-ai-knowledge-1,0.27,168.5
1790610555,rot-ai-alarm-worker-1,0.07,52.9
1790610555,rot-ai-work-db-1,4.47,54.4
1790610555,rot-ai-graph-1,218.76,1032.2
1790610555,rot-edgex-app-mqtt-export,0.10,28.6
1790610555,rot-edgex-device-modbus,0.51,24.3
1790610555,rot-edgex-core-command,0.00,10.0
1790610555,rot-edgex-core-data,0.22,24.3
1790610555,rot-edgex-ui,0.00,12.1
1790610555,rot-edgex-core-metadata,0.08,10.7
1790610555,rot-edgex-common-config,0.00,0.8
1790610555,rot-edgex-core-keeper,0.25,18.8
1790610555,rot-flink-taskmanager,6.24,1429.5
1790610555,rot-telegraf-sink,1.37,104.3
1790610555,rot-grafana,0.09,113.1
1790610555,rot-alert-republisher,0.24,77.6
1790610555,rot-telegraf-bridge,0.36,160.4
1790610555,rot-kafka-exporter,0.05,20.5
1790610555,rot-fuxa,0.39,76.4
1790610555,rot-edgex-postgres,3.01,52.9
1790610555,rot-edgex-mqtt-broker,0.07,1.6
1790610555,rot-kafka,25.07,506.6
1790610555,rot-influxdb,0.47,108.7
1790610555,rot-flink-jobmanager,1.03,470.6
1790610555,rot-alertmanager,0.12,36.4
1790610555,rot-prometheus,0.00,118.4
1790610555,rot-plant-simulator,0.63,36.7
1790610555,rot-emqx,0.54,171.3
1790610555,rot-cadvisor,0.41,54.0
1790610558,rot-ai-web-1,0.00,14.1
1790610558,rot-ai-knowledge-1,0.49,167.9
1790610558,rot-ai-alarm-worker-1,0.10,52.2
1790610558,rot-ai-work-db-1,0.46,52.4
1790610558,rot-ai-graph-1,0.77,866.4
1790610558,rot-edgex-app-mqtt-export,0.15,28.5
1790610558,rot-edgex-device-modbus,0.33,23.9
1790610558,rot-edgex-core-command,0.01,9.9
1790610558,rot-edgex-core-data,0.23,25.0
1790610558,rot-edgex-ui,0.00,11.8
1790610558,rot-edgex-core-metadata,0.00,10.6
1790610558,rot-edgex-common-config,0.00,0.8
1790610558,rot-edgex-core-keeper,0.03,21.8
1790610558,rot-flink-taskmanager,13.87,1431.6
1790610558,rot-telegraf-sink,0.86,103.0
1790610558,rot-grafana,0.14,109.6
1790610558,rot-alert-republisher,0.18,74.8
1790610558,rot-telegraf-bridge,0.28,155.8
1790610558,rot-kafka-exporter,0.04,20.6
1790610558,rot-fuxa,0.12,74.8
1790610558,rot-edgex-postgres,0.22,52.1
1790610558,rot-edgex-mqtt-broker,0.06,1.8
1790610558,rot-kafka,13.50,504.5
1790610558,rot-influxdb,0.03,102.8
1790610558,rot-flink-jobmanager,9.35,483.3
1790610558,rot-alertmanager,0.08,35.2
1790610558,rot-prometheus,1.05,116.7
1790610558,rot-plant-simulator,0.51,36.8
1790610558,rot-emqx,0.49,169.4
1790610558,rot-cadvisor,0.11,53.4
1790610562,rot-ai-web-1,0.00,14.2
1790610562,rot-ai-knowledge-1,0.56,167.9
1790610562,rot-ai-alarm-worker-1,0.11,52.0
1790610562,rot-ai-work-db-1,0.49,53.4
1790610562,rot-ai-graph-1,0.97,866.4
1790610562,rot-edgex-app-mqtt-export,0.09,28.2
1790610562,rot-edgex-device-modbus,0.52,23.9
1790610562,rot-edgex-core-command,0.00,9.9
1790610562,rot-edgex-core-data,0.22,24.8
1790610562,rot-edgex-ui,1.43,29.3
1790610562,rot-edgex-core-metadata,0.00,10.6
1790610562,rot-edgex-common-config,0.00,0.8
1790610562,rot-edgex-core-keeper,0.06,21.8
1790610562,rot-flink-taskmanager,6.57,1416.2
1790610562,rot-telegraf-sink,1.21,103.0
1790610562,rot-grafana,0.11,109.6
1790610562,rot-alert-republisher,0.30,74.8
1790610562,rot-telegraf-bridge,0.56,158.9
1790610562,rot-kafka-exporter,0.05,20.6
1790610562,rot-fuxa,0.28,75.2
1790610562,rot-edgex-postgres,0.11,52.2
1790610562,rot-edgex-mqtt-broker,0.07,1.6
1790610562,rot-kafka,8.42,501.1
1790610562,rot-influxdb,4.57,103.4
1790610562,rot-flink-jobmanager,12.34,504.8
1790610562,rot-alertmanager,0.11,35.2
1790610562,rot-prometheus,0.12,116.6
1790610562,rot-plant-simulator,0.69,36.3
1790610562,rot-emqx,87.82,205.6
1790610562,rot-cadvisor,0.26,54.1
1790610565,rot-ai-web-1,0.00,14.1
1790610565,rot-ai-knowledge-1,0.44,167.4
1790610565,rot-ai-alarm-worker-1,0.06,52.2
1790610565,rot-ai-work-db-1,4.52,53.1
1790610565,rot-ai-graph-1,1.09,866.4
1790610565,rot-edgex-app-mqtt-export,0.28,28.8
1790610565,rot-edgex-device-modbus,0.32,23.6
1790610565,rot-edgex-core-command,0.10,9.9
1790610565,rot-edgex-core-data,0.15,24.8
1790610565,rot-edgex-ui,0.00,29.2
1790610565,rot-edgex-core-metadata,0.00,10.6
1790610565,rot-edgex-common-config,0.00,0.8
1790610565,rot-edgex-core-keeper,1.60,25.6
1790610565,rot-flink-taskmanager,11.48,1419.3
1790610565,rot-telegraf-sink,1.07,105.9
1790610565,rot-grafana,0.07,109.6
1790610565,rot-alert-republisher,0.17,75.5
1790610565,rot-telegraf-bridge,0.36,159.4
1790610565,rot-kafka-exporter,0.03,20.6
1790610565,rot-fuxa,0.19,75.2
1790610565,rot-edgex-postgres,2.91,52.9
1790610565,rot-edgex-mqtt-broker,0.06,1.6
1790610565,rot-kafka,4.64,501.1
1790610565,rot-influxdb,0.52,103.3
1790610565,rot-flink-jobmanager,2.99,504.7
1790610565,rot-alertmanager,0.08,35.2
1790610565,rot-prometheus,0.13,116.6
1790610565,rot-plant-simulator,0.39,36.3
1790610565,rot-emqx,4.84,170.1
1790610565,rot-cadvisor,0.81,52.6
1790610569,rot-ai-web-1,2.11,13.6
1790610569,rot-ai-knowledge-1,4.91,164.4
1790610569,rot-ai-alarm-worker-1,0.07,50.3
1790610569,rot-ai-work-db-1,0.00,48.8
1790610569,rot-ai-graph-1,10.60,852.7
1790610569,rot-edgex-app-mqtt-export,0.06,26.0
1790610569,rot-edgex-device-modbus,0.27,21.7
1790610569,rot-edgex-core-command,0.00,9.5
1790610569,rot-edgex-core-data,0.10,22.8
1790610569,rot-edgex-ui,0.00,25.4
1790610569,rot-edgex-core-metadata,1.11,15.1
1790610569,rot-edgex-common-config,0.00,0.8
1790610569,rot-edgex-core-keeper,0.05,23.8
1790610569,rot-flink-taskmanager,5.53,1411.1
1790610569,rot-telegraf-sink,1.36,95.7
1790610569,rot-grafana,0.11,114.1
1790610569,rot-alert-republisher,0.30,66.1
1790610569,rot-telegraf-bridge,0.45,144.8
1790610569,rot-kafka-exporter,0.08,18.5
1790610569,rot-fuxa,0.14,69.7
1790610569,rot-edgex-postgres,0.06,48.9
1790610569,rot-edgex-mqtt-broker,0.05,1.6
1790610569,rot-kafka,71.06,487.0
1790610569,rot-influxdb,0.39,93.4
1790610569,rot-flink-jobmanager,1.32,493.2
1790610569,rot-alertmanager,0.10,31.5
1790610569,rot-prometheus,0.00,111.5
1790610569,rot-plant-simulator,0.34,33.2
1790610569,rot-emqx,1.27,162.6
1790610569,rot-cadvisor,0.39,48.7
1790610573,rot-ai-web-1,0.00,13.6
1790610573,rot-ai-knowledge-1,0.18,163.9
1790610573,rot-ai-alarm-worker-1,0.12,51.1
1790610573,rot-ai-work-db-1,0.00,52.4
1790610573,rot-ai-graph-1,0.98,852.6
1790610573,rot-edgex-app-mqtt-export,0.45,25.9
1790610573,rot-edgex-device-modbus,0.47,21.9
1790610573,rot-edgex-core-command,0.02,21.2
1790610573,rot-edgex-core-data,0.25,22.6
1790610573,rot-edgex-ui,0.00,25.4
1790610573,rot-edgex-core-metadata,0.00,14.8
1790610573,rot-edgex-common-config,0.00,0.8
1790610573,rot-edgex-core-keeper,0.02,23.8
1790610573,rot-flink-taskmanager,6.14,1411.1
1790610573,rot-telegraf-sink,1.45,95.8
1790610573,rot-grafana,0.06,113.8
1790610573,rot-alert-republisher,0.24,109.7
1790610573,rot-telegraf-bridge,0.32,144.6
1790610573,rot-kafka-exporter,0.05,18.5
1790610573,rot-fuxa,0.27,69.6
1790610573,rot-edgex-postgres,0.10,50.9
1790610573,rot-edgex-mqtt-broker,0.08,1.8
1790610573,rot-kafka,7.68,489.2
1790610573,rot-influxdb,0.44,94.9
1790610573,rot-flink-jobmanager,0.91,493.2
1790610573,rot-alertmanager,0.13,31.5
1790610573,rot-prometheus,0.37,111.5
1790610573,rot-plant-simulator,0.54,33.7
1790610573,rot-emqx,111.73,165.4
1790610573,rot-cadvisor,0.43,49.8
1790610577,rot-ai-web-1,0.00,13.6
1790610577,rot-ai-knowledge-1,0.52,164.2
1790610577,rot-ai-alarm-worker-1,0.08,50.3
1790610577,rot-ai-work-db-1,0.42,52.5
1790610577,rot-ai-graph-1,0.86,852.6
1790610577,rot-edgex-app-mqtt-export,0.09,26.0
1790610577,rot-edgex-device-modbus,0.41,21.4
1790610577,rot-edgex-core-command,0.00,21.2
1790610577,rot-edgex-core-data,0.20,22.9
1790610577,rot-edgex-ui,0.00,25.4
1790610577,rot-edgex-core-metadata,0.00,14.8
1790610577,rot-edgex-common-config,0.00,0.8
1790610577,rot-edgex-core-keeper,0.21,23.8
1790610577,rot-flink-taskmanager,19.86,1410.0
1790610577,rot-telegraf-sink,0.99,95.4
1790610577,rot-grafana,0.04,113.8
1790610577,rot-alert-republisher,0.26,110.0
1790610577,rot-telegraf-bridge,0.46,144.8
1790610577,rot-kafka-exporter,6.03,20.9
1790610577,rot-fuxa,0.60,70.7
1790610577,rot-edgex-postgres,0.19,50.8
1790610577,rot-edgex-mqtt-broker,0.05,1.8
1790610577,rot-kafka,14.16,488.6
1790610577,rot-influxdb,0.11,95.0
1790610577,rot-flink-jobmanager,1.62,493.4
1790610577,rot-alertmanager,0.07,31.5
1790610577,rot-prometheus,1.03,112.1
1790610577,rot-plant-simulator,6.73,35.2
1790610577,rot-emqx,1.16,164.2
1790610577,rot-cadvisor,0.27,49.8
1790610580,rot-ai-web-1,0.00,13.4
1790610580,rot-ai-knowledge-1,2.89,163.8
1790610580,rot-ai-alarm-worker-1,0.09,49.6
1790610580,rot-ai-work-db-1,0.00,52.1
1790610580,rot-ai-graph-1,208.76,1032.2
1790610580,rot-edgex-app-mqtt-export,0.26,26.1
1790610580,rot-edgex-device-modbus,0.53,21.6
1790610580,rot-edgex-core-command,0.03,21.3
1790610580,rot-edgex-core-data,0.24,22.0
1790610580,rot-edgex-ui,0.00,25.2
1790610580,rot-edgex-core-metadata,0.06,14.6
1790610580,rot-edgex-common-config,0.00,0.8
1790610580,rot-edgex-core-keeper,0.16,23.9
1790610580,rot-flink-taskmanager,7.93,1409.0
1790610580,rot-telegraf-sink,1.63,94.5
1790610580,rot-grafana,0.11,113.2
1790610580,rot-alert-republisher,0.34,108.5
1790610580,rot-telegraf-bridge,0.33,143.6
1790610580,rot-kafka-exporter,0.04,19.2
1790610580,rot-fuxa,0.43,71.0
1790610580,rot-edgex-postgres,4.02,51.3
1790610580,rot-edgex-mqtt-broker,0.09,1.8
1790610580,rot-kafka,148.25,537.1
1790610580,rot-influxdb,0.07,94.9
1790610580,rot-flink-jobmanager,1.56,492.7
1790610580,rot-alertmanager,0.13,31.3
1790610580,rot-prometheus,0.00,111.1
1790610580,rot-plant-simulator,0.60,35.2
1790610580,rot-emqx,1.86,163.3
1790610580,rot-cadvisor,0.57,49.8
1790610584,rot-ai-web-1,0.00,13.6
1790610584,rot-ai-knowledge-1,0.54,164.0
1790610584,rot-ai-alarm-worker-1,0.08,50.0
1790610584,rot-ai-work-db-1,0.91,53.2
1790610584,rot-ai-graph-1,0.69,852.8
1790610584,rot-edgex-app-mqtt-export,0.11,25.9
1790610584,rot-edgex-device-modbus,0.29,21.6
1790610584,rot-edgex-core-command,0.00,21.3
1790610584,rot-edgex-core-data,0.15,22.7
1790610584,rot-edgex-ui,0.00,25.2
1790610584,rot-edgex-core-metadata,0.00,14.7
1790610584,rot-edgex-common-config,0.00,0.8
1790610584,rot-edgex-core-keeper,0.06,23.9
1790610584,rot-flink-taskmanager,4.01,1410.0
1790610584,rot-telegraf-sink,0.85,109.5
1790610584,rot-grafana,0.03,113.2
1790610584,rot-alert-republisher,0.15,108.7
1790610584,rot-telegraf-bridge,0.20,143.9
1790610584,rot-kafka-exporter,0.05,19.6
1790610584,rot-fuxa,0.17,70.9
1790610584,rot-edgex-postgres,0.09,50.8
1790610584,rot-edgex-mqtt-broker,0.05,2.4
1790610584,rot-kafka,3.50,489.2
1790610584,rot-influxdb,0.03,95.3
1790610584,rot-flink-jobmanager,0.61,492.8
1790610584,rot-alertmanager,0.07,31.3
1790610584,rot-prometheus,0.00,111.1
1790610584,rot-plant-simulator,0.33,35.1
1790610584,rot-emqx,78.88,164.3
1790610584,rot-cadvisor,0.30,48.9
1790610588,rot-ai-web-1,0.00,13.6
1790610588,rot-ai-knowledge-1,0.18,163.7
1790610588,rot-ai-alarm-worker-1,0.07,50.0
1790610588,rot-ai-work-db-1,0.01,53.1
1790610588,rot-ai-graph-1,0.88,852.8
1790610588,rot-edgex-app-mqtt-export,0.15,25.9
1790610588,rot-edgex-device-modbus,0.34,21.4
1790610588,rot-edgex-core-command,0.00,21.3
1790610588,rot-edgex-core-data,0.24,22.9
1790610588,rot-edgex-ui,0.00,25.2
1790610588,rot-edgex-core-metadata,0.01,14.7
1790610588,rot-edgex-common-config,0.00,0.8
1790610588,rot-edgex-core-keeper,0.00,23.7
1790610588,rot-flink-taskmanager,7.03,1412.1
1790610588,rot-telegraf-sink,0.86,109.0
1790610588,rot-grafana,0.11,113.2
1790610588,rot-alert-republisher,0.20,108.5
1790610588,rot-telegraf-bridge,0.32,143.6
1790610588,rot-kafka-exporter,7.13,18.9
1790610588,rot-fuxa,1.82,71.0
1790610588,rot-edgex-postgres,2.95,51.0
1790610588,rot-edgex-mqtt-broker,0.08,2.1
1790610588,rot-kafka,10.71,497.8
1790610588,rot-influxdb,0.26,95.3
1790610588,rot-flink-jobmanager,2.59,495.5
1790610588,rot-alertmanager,0.10,31.3
1790610588,rot-prometheus,0.30,111.8
1790610588,rot-plant-simulator,0.52,35.7
1790610588,rot-emqx,1.73,164.0
1790610588,rot-cadvisor,0.26,48.4
1790610591,rot-ai-web-1,0.00,13.6
1790610591,rot-ai-knowledge-1,0.17,163.8
1790610591,rot-ai-alarm-worker-1,0.08,50.5
1790610591,rot-ai-work-db-1,3.36,53.3
1790610591,rot-ai-graph-1,0.88,852.8
1790610591,rot-edgex-app-mqtt-export,0.12,26.4
1790610591,rot-edgex-device-modbus,0.32,21.9
1790610591,rot-edgex-core-command,0.02,21.3
1790610591,rot-edgex-core-data,0.35,23.0
1790610591,rot-edgex-ui,0.00,25.2
1790610591,rot-edgex-core-metadata,0.00,14.7
1790610591,rot-edgex-common-config,0.00,0.8
1790610591,rot-edgex-core-keeper,0.12,23.9
1790610591,rot-flink-taskmanager,5.51,1427.5
1790610591,rot-telegraf-sink,1.12,109.5
1790610591,rot-grafana,0.05,113.2
1790610591,rot-alert-republisher,0.17,108.7
1790610591,rot-telegraf-bridge,0.31,144.4
1790610591,rot-kafka-exporter,0.03,18.9
1790610591,rot-fuxa,0.19,70.6
1790610591,rot-edgex-postgres,2.29,51.0
1790610591,rot-edgex-mqtt-broker,0.05,1.9
1790610591,rot-kafka,3.95,489.8
1790610591,rot-influxdb,0.70,96.3
1790610591,rot-flink-jobmanager,0.93,494.7
1790610591,rot-alertmanager,0.06,31.3
1790610591,rot-prometheus,0.63,114.6
1790610591,rot-plant-simulator,0.31,35.2
1790610591,rot-emqx,1.62,164.3
1790610591,rot-cadvisor,2.31,49.7
1790610595,rot-ai-web-1,0.00,13.3
1790610595,rot-ai-knowledge-1,0.18,161.8
1790610595,rot-ai-alarm-worker-1,0.10,50.2
1790610595,rot-ai-work-db-1,0.55,50.5
1790610595,rot-ai-graph-1,1.06,826.6
1790610595,rot-edgex-app-mqtt-export,0.11,24.4
1790610595,rot-edgex-device-modbus,0.38,20.2
1790610595,rot-edgex-core-command,0.00,20.0
1790610595,rot-edgex-core-data,0.19,21.4
1790610595,rot-edgex-ui,0.00,23.1
1790610595,rot-edgex-core-metadata,0.12,14.3
1790610595,rot-edgex-common-config,0.00,0.8
1790610595,rot-edgex-core-keeper,0.29,22.2
1790610595,rot-flink-taskmanager,4.59,1421.3
1790610595,rot-telegraf-sink,1.08,102.6
1790610595,rot-grafana,0.06,105.5
1790610595,rot-alert-republisher,0.22,99.0
1790610595,rot-telegraf-bridge,0.27,136.6
1790610595,rot-kafka-exporter,0.04,17.9
1790610595,rot-fuxa,0.28,68.2
1790610595,rot-edgex-postgres,0.21,49.4
1790610595,rot-edgex-mqtt-broker,0.08,2.3
1790610595,rot-kafka,4.11,483.6
1790610595,rot-influxdb,0.31,95.9
1790610595,rot-flink-jobmanager,0.87,486.8
1790610595,rot-alertmanager,0.07,29.4
1790610595,rot-prometheus,0.00,109.4
1790610595,rot-plant-simulator,0.51,33.3
1790610595,rot-emqx,112.06,163.4
1790610595,rot-cadvisor,0.19,47.4
1790610598,rot-ai-web-1,0.00,13.3
1790610598,rot-ai-knowledge-1,0.53,162.0
1790610598,rot-ai-alarm-worker-1,0.10,50.2
1790610598,rot-ai-work-db-1,0.42,51.1
1790610598,rot-ai-graph-1,0.83,826.3
1790610598,rot-edgex-app-mqtt-export,0.25,26.9
1790610598,rot-edgex-device-modbus,0.31,20.2
1790610598,rot-edgex-core-command,0.01,20.0
1790610598,rot-edgex-core-data,0.16,23.1
1790610598,rot-edgex-ui,0.00,23.1
1790610598,rot-edgex-core-metadata,0.00,14.0
1790610598,rot-edgex-common-config,0.00,0.8
1790610598,rot-edgex-core-keeper,0.00,22.2
1790610598,rot-flink-taskmanager,7.94,1428.5
1790610598,rot-telegraf-sink,0.99,102.1
1790610598,rot-grafana,0.70,108.9
1790610598,rot-alert-republisher,0.25,99.2
1790610598,rot-telegraf-bridge,0.28,136.8
1790610598,rot-kafka-exporter,0.05,17.6
1790610598,rot-fuxa,0.52,67.1
1790610598,rot-edgex-postgres,0.11,50.1
1790610598,rot-edgex-mqtt-broker,0.05,2.5
1790610598,rot-kafka,3.71,496.1
1790610598,rot-influxdb,0.03,95.4
1790610598,rot-flink-jobmanager,10.07,482.6
1790610598,rot-alertmanager,0.09,29.4
1790610598,rot-prometheus,0.45,110.1
1790610598,rot-plant-simulator,0.42,36.6
1790610598,rot-emqx,1.77,162.3
1790610598,rot-cadvisor,0.21,47.6
1790610602,rot-ai-web-1,0.00,13.3
1790610602,rot-ai-knowledge-1,0.48,162.9
1790610602,rot-ai-alarm-worker-1,0.07,49.8
1790610602,rot-ai-work-db-1,0.25,51.9
1790610602,rot-ai-graph-1,1.06,826.3
1790610602,rot-edgex-app-mqtt-export,0.13,26.6
1790610602,rot-edgex-device-modbus,0.62,21.9
1790610602,rot-edgex-core-command,0.00,20.0
1790610602,rot-edgex-core-data,0.25,23.3
1790610602,rot-edgex-ui,0.00,23.1
1790610602,rot-edgex-core-metadata,0.00,14.0
1790610602,rot-edgex-common-config,0.00,0.8
1790610602,rot-edgex-core-keeper,0.03,22.2
1790610602,rot-flink-taskmanager,17.66,1426.4
1790610602,rot-telegraf-sink,0.65,126.9
1790610602,rot-grafana,0.05,108.8
1790610602,rot-alert-republisher,0.29,99.0
1790610602,rot-telegraf-bridge,0.35,136.3
1790610602,rot-kafka-exporter,0.05,17.6
1790610602,rot-fuxa,0.14,67.6
1790610602,rot-edgex-postgres,0.13,50.1
1790610602,rot-edgex-mqtt-broker,0.08,2.0
1790610602,rot-kafka,5.10,492.6
1790610602,rot-influxdb,2.71,106.9
1790610602,rot-flink-jobmanager,1.89,483.2
1790610602,rot-alertmanager,0.07,29.4
1790610602,rot-prometheus,0.12,109.7
1790610602,rot-plant-simulator,0.45,36.1
1790610602,rot-emqx,2.41,161.8
1790610602,rot-cadvisor,0.23,47.6
1790610605,rot-ai-web-1,0.00,13.2
1790610605,rot-ai-knowledge-1,0.25,161.4
1790610605,rot-ai-alarm-worker-1,0.10,51.5
1790610605,rot-ai-work-db-1,6.61,54.1
1790610605,rot-ai-graph-1,146.44,810.7
1790610605,rot-edgex-app-mqtt-export,0.43,25.4
1790610605,rot-edgex-device-modbus,0.64,21.0
1790610605,rot-edgex-core-command,0.08,19.8
1790610605,rot-edgex-core-data,0.38,22.3
1790610605,rot-edgex-ui,0.00,22.5
1790610605,rot-edgex-core-metadata,0.00,13.8
1790610605,rot-edgex-common-config,0.00,0.8
1790610605,rot-edgex-core-keeper,0.73,21.3
1790610605,rot-flink-taskmanager,19.73,1415.2
1790610605,rot-telegraf-sink,2.06,123.1
1790610605,rot-grafana,0.07,108.9
1790610605,rot-alert-republisher,0.33,121.2
1790610605,rot-telegraf-bridge,0.40,133.6
1790610605,rot-kafka-exporter,0.08,16.9
1790610605,rot-fuxa,0.46,66.5
1790610605,rot-edgex-postgres,4.53,50.2
1790610605,rot-edgex-mqtt-broker,0.12,2.4
1790610605,rot-kafka,202.50,571.8
1790610605,rot-influxdb,1.48,107.4
1790610605,rot-flink-jobmanager,37.05,498.6
1790610605,rot-alertmanager,0.16,29.0
1790610605,rot-prometheus,0.18,107.6
1790610605,rot-plant-simulator,0.68,35.9
1790610605,rot-emqx,91.51,170.2
1790610605,rot-cadvisor,0.31,47.4
1790610609,rot-ai-web-1,0.00,13.2
1790610609,rot-ai-knowledge-1,3.00,162.0
1790610609,rot-ai-alarm-worker-1,0.06,52.0
1790610609,rot-ai-work-db-1,1.11,53.9
1790610609,rot-ai-graph-1,0.77,810.2
1790610609,rot-edgex-app-mqtt-export,0.13,25.9
1790610609,rot-edgex-device-modbus,0.38,21.6
1790610609,rot-edgex-core-command,0.00,20.0
1790610609,rot-edgex-core-data,0.16,23.1
1790610609,rot-edgex-ui,0.00,22.5
1790610609,rot-edgex-core-metadata,0.00,13.9
1790610609,rot-edgex-common-config,0.00,0.8
1790610609,rot-edgex-core-keeper,0.02,21.7
1790610609,rot-flink-taskmanager,3.36,1416.2
1790610609,rot-telegraf-sink,0.52,122.9
1790610609,rot-grafana,0.06,108.9
1790610609,rot-alert-republisher,0.11,121.0
1790610609,rot-telegraf-bridge,0.31,134.4
1790610609,rot-kafka-exporter,0.06,21.6
1790610609,rot-fuxa,0.14,66.8
1790610609,rot-edgex-postgres,0.09,50.2
1790610609,rot-edgex-mqtt-broker,0.07,2.5
1790610609,rot-kafka,2.73,492.1
1790610609,rot-influxdb,0.24,107.4
1790610609,rot-flink-jobmanager,0.69,498.1
1790610609,rot-alertmanager,0.07,29.0
1790610609,rot-prometheus,0.83,108.0
1790610609,rot-plant-simulator,0.48,36.8
1790610609,rot-emqx,1.51,161.1
1790610609,rot-cadvisor,0.26,47.6
1790610612,rot-ai-web-1,0.00,13.2
1790610612,rot-ai-knowledge-1,0.92,162.0
1790610612,rot-ai-alarm-worker-1,0.09,51.8
1790610612,rot-ai-work-db-1,0.69,54.1
1790610612,rot-ai-graph-1,0.67,810.0
1790610612,rot-edgex-app-mqtt-export,0.11,26.1
1790610612,rot-edgex-device-modbus,0.43,24.1
1790610612,rot-edgex-core-command,0.00,20.0
1790610612,rot-edgex-core-data,0.17,22.6
1790610612,rot-edgex-ui,0.00,22.5
1790610612,rot-edgex-core-metadata,0.03,13.9
1790610612,rot-edgex-common-config,0.00,0.8
1790610612,rot-edgex-core-keeper,0.00,24.6
1790610612,rot-flink-taskmanager,4.29,1417.2
1790610612,rot-telegraf-sink,1.09,123.1
1790610612,rot-grafana,0.06,108.9
1790610612,rot-alert-republisher,0.29,121.0
1790610612,rot-telegraf-bridge,0.30,137.9
1790610612,rot-kafka-exporter,0.02,21.6
1790610612,rot-fuxa,0.22,66.5
1790610612,rot-edgex-postgres,0.11,50.2
1790610612,rot-edgex-mqtt-broker,0.05,2.5
1790610612,rot-kafka,4.25,490.7
1790610612,rot-influxdb,2.26,107.7
1790610612,rot-flink-jobmanager,0.70,498.7
1790610612,rot-alertmanager,0.12,29.0
1790610612,rot-prometheus,0.29,108.6
1790610612,rot-plant-simulator,0.67,36.5
1790610612,rot-emqx,3.46,161.8
1790610612,rot-cadvisor,0.29,47.4
1790610616,rot-ai-web-1,0.00,13.2
1790610616,rot-ai-knowledge-1,0.81,162.0
1790610616,rot-ai-alarm-worker-1,0.07,52.0
1790610616,rot-ai-work-db-1,4.62,54.1
1790610616,rot-ai-graph-1,163.20,954.7
1790610616,rot-edgex-app-mqtt-export,0.14,26.0
1790610616,rot-edgex-device-modbus,0.48,24.1
1790610616,rot-edgex-core-command,0.00,20.0
1790610616,rot-edgex-core-data,0.21,22.7
1790610616,rot-edgex-ui,0.00,22.5
1790610616,rot-edgex-core-metadata,0.00,13.9
1790610616,rot-edgex-common-config,0.00,0.8
1790610616,rot-edgex-core-keeper,0.21,24.4
1790610616,rot-flink-taskmanager,11.84,1415.2
1790610616,rot-telegraf-sink,1.22,127.1
1790610616,rot-grafana,0.08,108.9
1790610616,rot-alert-republisher,0.26,120.7
1790610616,rot-telegraf-bridge,0.51,137.7
1790610616,rot-kafka-exporter,2.09,22.3
1790610616,rot-fuxa,0.30,66.7
1790610616,rot-edgex-postgres,0.19,49.8
1790610616,rot-edgex-mqtt-broker,0.06,2.2
1790610616,rot-kafka,2.77,490.5
1790610616,rot-influxdb,0.18,107.3
1790610616,rot-flink-jobmanager,1.28,498.8
1790610616,rot-alertmanager,0.08,29.0
1790610616,rot-prometheus,1.45,108.1
1790610616,rot-plant-simulator,13.81,36.5
1790610616,rot-emqx,30.57,184.1
1790610616,rot-cadvisor,0.37,47.2
1790610620,rot-ai-web-1,0.00,13.2
1790610620,rot-ai-knowledge-1,0.74,161.8
1790610620,rot-ai-alarm-worker-1,0.10,51.9
1790610620,rot-ai-work-db-1,3.06,55.4
1790610620,rot-ai-graph-1,1.11,802.1
1790610620,rot-edgex-app-mqtt-export,0.31,25.4
1790610620,rot-edgex-device-modbus,0.46,23.5
1790610620,rot-edgex-core-command,0.03,19.6
1790610620,rot-edgex-core-data,0.30,22.3
1790610620,rot-edgex-ui,0.00,21.8
1790610620,rot-edgex-core-metadata,0.00,13.9
1790610620,rot-edgex-common-config,0.00,0.8
1790610620,rot-edgex-core-keeper,0.14,24.1
1790610620,rot-flink-taskmanager,6.72,1423.4
1790610620,rot-telegraf-sink,1.15,123.9
1790610620,rot-grafana,0.08,106.3
1790610620,rot-alert-republisher,0.24,116.7
1790610620,rot-telegraf-bridge,0.25,135.1
1790610620,rot-kafka-exporter,0.04,21.8
1790610620,rot-fuxa,0.18,65.4
1790610620,rot-edgex-postgres,3.23,49.3
1790610620,rot-edgex-mqtt-broker,0.06,2.5
1790610620,rot-kafka,3.96,489.0
1790610620,rot-influxdb,0.89,109.8
1790610620,rot-flink-jobmanager,1.06,496.8
1790610620,rot-alertmanager,0.12,28.4
1790610620,rot-prometheus,0.43,106.9
1790610620,rot-plant-simulator,0.49,36.1
1790610620,rot-emqx,87.06,160.4
1790610620,rot-cadvisor,2.47,50.6
1790610624,rot-ai-web-1,0.00,13.2
1790610624,rot-ai-knowledge-1,0.55,162.0
1790610624,rot-ai-alarm-worker-1,0.08,51.9
1790610624,rot-ai-work-db-1,1.01,53.9
1790610624,rot-ai-graph-1,0.76,802.1
1790610624,rot-edgex-app-mqtt-export,0.07,25.7
1790610624,rot-edgex-device-modbus,0.23,23.5
1790610624,rot-edgex-core-command,0.00,19.6
1790610624,rot-edgex-core-data,0.08,23.1
1790610624,rot-edgex-ui,0.00,21.8
1790610624,rot-edgex-core-metadata,0.08,14.2
1790610624,rot-edgex-common-config,0.00,0.8
1790610624,rot-edgex-core-keeper,0.27,24.5
1790610624,rot-flink-taskmanager,4.15,1423.4
1790610624,rot-telegraf-sink,0.97,123.9
1790610624,rot-grafana,0.04,106.3
1790610624,rot-alert-republisher,0.21,116.9
1790610624,rot-telegraf-bridge,0.30,135.6
1790610624,rot-kafka-exporter,0.16,21.8
1790610624,rot-fuxa,0.19,66.1
1790610624,rot-edgex-postgres,0.11,49.9
1790610624,rot-edgex-mqtt-broker,0.03,2.5
1790610624,rot-kafka,5.66,489.1
1790610624,rot-influxdb,0.04,109.1
1790610624,rot-flink-jobmanager,0.79,497.2
1790610624,rot-alertmanager,0.07,28.4
1790610624,rot-prometheus,0.00,109.4
1790610624,rot-plant-simulator,0.30,36.1
1790610624,rot-emqx,1.64,159.7
1790610624,rot-cadvisor,0.04,49.6
1790610628,rot-ai-web-1,0.00,13.2
1790610628,rot-ai-knowledge-1,0.14,161.8
1790610628,rot-ai-alarm-worker-1,0.10,51.7
1790610628,rot-ai-work-db-1,0.03,54.0
1790610628,rot-ai-graph-1,0.82,802.1
1790610628,rot-edgex-app-mqtt-export,0.11,25.5
1790610628,rot-edgex-device-modbus,0.35,23.5
1790610628,rot-edgex-core-command,0.00,19.6
1790610628,rot-edgex-core-data,0.17,22.6
1790610628,rot-edgex-ui,0.00,21.8
1790610628,rot-edgex-core-metadata,0.02,13.9
1790610628,rot-edgex-common-config,0.00,0.8
1790610628,rot-edgex-core-keeper,0.00,23.8
1790610628,rot-flink-taskmanager,9.62,1423.4
1790610628,rot-telegraf-sink,1.18,124.2
1790610628,rot-grafana,1.10,112.1
1790610628,rot-alert-republisher,0.23,116.9
1790610628,rot-telegraf-bridge,0.20,135.6
1790610628,rot-kafka-exporter,0.05,21.1
1790610628,rot-fuxa,0.25,65.5
1790610628,rot-edgex-postgres,0.07,49.6
1790610628,rot-edgex-mqtt-broker,0.04,2.3
1790610628,rot-kafka,5.01,495.6
1790610628,rot-influxdb,0.56,111.4
1790610628,rot-flink-jobmanager,3.42,492.6
1790610628,rot-alertmanager,0.06,28.4
1790610628,rot-prometheus,0.26,109.5
1790610628,rot-plant-simulator,0.41,36.4
1790610628,rot-emqx,1.05,160.0
1790610628,rot-cadvisor,0.11,49.5
1790610631,rot-ai-web-1,0.00,13.2
1790610631,rot-ai-knowledge-1,0.19,162.0
1790610631,rot-ai-alarm-worker-1,0.14,52.2
1790610631,rot-ai-work-db-1,0.85,53.7
1790610631,rot-ai-graph-1,63.67,804.9
1790610631,rot-edgex-app-mqtt-export,0.18,25.5
1790610631,rot-edgex-device-modbus,0.64,23.8
1790610631,rot-edgex-core-command,0.00,19.6
1790610631,rot-edgex-core-data,0.29,22.4
1790610631,rot-edgex-ui,0.00,21.8
1790610631,rot-edgex-core-metadata,0.00,13.9
1790610631,rot-edgex-common-config,0.00,0.8
1790610631,rot-edgex-core-keeper,0.06,23.8
1790610631,rot-flink-taskmanager,7.41,1415.2
1790610631,rot-telegraf-sink,1.23,124.2
1790610631,rot-grafana,0.09,111.4
1790610631,rot-alert-republisher,0.45,117.4
1790610631,rot-telegraf-bridge,0.47,135.6
1790610631,rot-kafka-exporter,0.04,21.2
1790610631,rot-fuxa,0.22,65.4
1790610631,rot-edgex-postgres,0.14,49.5
1790610631,rot-edgex-mqtt-broker,0.09,2.4
1790610631,rot-kafka,142.37,502.2
1790610631,rot-influxdb,0.48,110.9
1790610631,rot-flink-jobmanager,2.19,493.0
1790610631,rot-alertmanager,0.09,28.4
1790610631,rot-prometheus,0.67,109.5
1790610631,rot-plant-simulator,0.63,36.2
1790610631,rot-emqx,2.48,160.5
1790610631,rot-cadvisor,2.32,49.9
1790610635,rot-ai-web-1,0.00,13.2
1790610635,rot-ai-knowledge-1,0.14,161.7
1790610635,rot-ai-alarm-worker-1,0.07,51.7
1790610635,rot-ai-work-db-1,0.01,53.8
1790610635,rot-ai-graph-1,0.84,804.4
1790610635,rot-edgex-app-mqtt-export,0.16,26.0
1790610635,rot-edgex-device-modbus,0.31,23.8
1790610635,rot-edgex-core-command,0.05,19.9
1790610635,rot-edgex-core-data,0.19,23.7
1790610635,rot-edgex-ui,0.00,21.8
1790610635,rot-edgex-core-metadata,0.02,13.9
1790610635,rot-edgex-common-config,0.00,0.8
1790610635,rot-edgex-core-keeper,0.44,24.6
1790610635,rot-flink-taskmanager,8.10,1408.0
1790610635,rot-telegraf-sink,0.74,124.1
1790610635,rot-grafana,0.05,111.4
1790610635,rot-alert-republisher,0.17,116.6
1790610635,rot-telegraf-bridge,0.24,134.8
1790610635,rot-kafka-exporter,0.04,21.2
1790610635,rot-fuxa,0.37,66.3
1790610635,rot-edgex-postgres,0.19,50.3
1790610635,rot-edgex-mqtt-broker,0.07,2.4
1790610635,rot-kafka,3.30,489.7
1790610635,rot-influxdb,0.46,111.4
1790610635,rot-flink-jobmanager,3.39,493.0
1790610635,rot-alertmanager,0.07,28.4
1790610635,rot-prometheus,0.10,110.2
1790610635,rot-plant-simulator,0.63,36.9
1790610635,rot-emqx,3.22,160.2
1790610635,rot-cadvisor,0.36,49.6
1790610639,rot-ai-web-1,0.00,13.2
1790610639,rot-ai-knowledge-1,0.58,162.5
1790610639,rot-ai-alarm-worker-1,0.10,51.7
1790610639,rot-ai-work-db-1,0.50,54.0
1790610639,rot-ai-graph-1,0.82,804.7
1790610639,rot-edgex-app-mqtt-export,0.07,25.8
1790610639,rot-edgex-device-modbus,0.40,23.5
1790610639,rot-edgex-core-command,0.03,19.6
1790610639,rot-edgex-core-data,0.11,23.7
1790610639,rot-edgex-ui,0.00,21.8
1790610639,rot-edgex-core-metadata,0.00,13.9
1790610639,rot-edgex-common-config,0.00,0.8
1790610639,rot-edgex-core-keeper,0.01,23.8
1790610639,rot-flink-taskmanager,5.93,1409.0
1790610639,rot-telegraf-sink,0.78,123.9
1790610639,rot-grafana,0.05,111.4
1790610639,rot-alert-republisher,0.23,122.4
1790610639,rot-telegraf-bridge,0.24,135.3
1790610639,rot-kafka-exporter,0.04,21.4
1790610639,rot-fuxa,0.18,65.8
1790610639,rot-edgex-postgres,0.08,49.6
1790610639,rot-edgex-mqtt-broker,0.04,2.7
1790610639,rot-kafka,3.45,501.0
1790610639,rot-influxdb,0.04,113.0
1790610639,rot-flink-jobmanager,4.58,493.0
1790610639,rot-alertmanager,0.09,28.4
1790610639,rot-prometheus,0.60,110.0
1790610639,rot-plant-simulator,0.50,37.1
1790610639,rot-emqx,1.05,160.7
1790610639,rot-cadvisor,0.17,50.1
1790610642,rot-ai-web-1,0.00,13.2
1790610642,rot-ai-knowledge-1,0.73,162.2
1790610642,rot-ai-alarm-worker-1,0.10,51.9
1790610642,rot-ai-work-db-1,0.68,54.1
1790610642,rot-ai-graph-1,217.50,977.5
1790610642,rot-edgex-app-mqtt-export,0.17,25.5
1790610642,rot-edgex-device-modbus,0.46,23.6
1790610642,rot-edgex-core-command,0.00,19.6
1790610642,rot-edgex-core-data,0.26,23.9
1790610642,rot-edgex-ui,0.00,21.8
1790610642,rot-edgex-core-metadata,0.04,13.9
1790610642,rot-edgex-common-config,0.00,0.8
1790610642,rot-edgex-core-keeper,0.00,23.8
1790610642,rot-flink-taskmanager,5.56,1409.0
1790610642,rot-telegraf-sink,1.18,124.6
1790610642,rot-grafana,0.06,111.4
1790610642,rot-alert-republisher,0.22,121.7
1790610642,rot-telegraf-bridge,0.32,135.1
1790610642,rot-kafka-exporter,0.05,21.1
1790610642,rot-fuxa,0.85,65.5
1790610642,rot-edgex-postgres,0.15,49.9
1790610642,rot-edgex-mqtt-broker,0.08,2.4
1790610642,rot-kafka,110.41,534.8
1790610642,rot-influxdb,3.23,113.0
1790610642,rot-flink-jobmanager,2.28,492.9
1790610642,rot-alertmanager,0.08,28.4
1790610642,rot-prometheus,0.10,109.6
1790610642,rot-plant-simulator,0.62,36.7
1790610642,rot-emqx,0.63,159.9
1790610642,rot-cadvisor,0.42,50.1
1790610646,rot-ai-web-1,0.00,13.1
1790610646,rot-ai-knowledge-1,0.55,162.4
1790610646,rot-ai-alarm-worker-1,0.23,51.9
1790610646,rot-ai-work-db-1,4.01,59.7
1790610646,rot-ai-graph-1,0.85,802.1
1790610646,rot-edgex-app-mqtt-export,0.27,25.5
1790610646,rot-edgex-device-modbus,0.54,24.0
1790610646,rot-edgex-core-command,0.00,19.6
1790610646,rot-edgex-core-data,0.18,23.6
1790610646,rot-edgex-ui,0.00,21.8
1790610646,rot-edgex-core-metadata,0.00,13.9
1790610646,rot-edgex-common-config,0.00,0.8
1790610646,rot-edgex-core-keeper,0.26,23.8
1790610646,rot-flink-taskmanager,13.90,1409.0
1790610646,rot-telegraf-sink,0.91,123.8
1790610646,rot-grafana,0.12,111.1
1790610646,rot-alert-republisher,0.27,122.2
1790610646,rot-telegraf-bridge,0.24,134.5
1790610646,rot-kafka-exporter,0.04,21.1
1790610646,rot-fuxa,0.14,65.2
1790610646,rot-edgex-postgres,2.77,50.4
1790610646,rot-edgex-mqtt-broker,0.04,2.4
1790610646,rot-kafka,3.80,489.8
1790610646,rot-influxdb,0.41,112.5
1790610646,rot-flink-jobmanager,2.24,492.5
1790610646,rot-alertmanager,0.07,28.3
1790610646,rot-prometheus,1.09,113.8
1790610646,rot-plant-simulator,0.57,36.9
1790610646,rot-emqx,1.18,160.2
1790610646,rot-cadvisor,0.40,50.0
1790610650,rot-ai-web-1,0.00,13.1
1790610650,rot-ai-knowledge-1,2.67,163.0
1790610650,rot-ai-alarm-worker-1,0.07,51.9
1790610650,rot-ai-work-db-1,0.00,53.8
1790610650,rot-ai-graph-1,0.70,802.1
1790610650,rot-edgex-app-mqtt-export,0.07,25.5
1790610650,rot-edgex-device-modbus,0.30,23.8
1790610650,rot-edgex-core-command,0.00,19.6
1790610650,rot-edgex-core-data,0.10,23.9
1790610650,rot-edgex-ui,0.00,21.8
1790610650,rot-edgex-core-metadata,0.03,13.9
1790610650,rot-edgex-common-config,0.00,0.8
1790610650,rot-edgex-core-keeper,0.02,23.8
1790610650,rot-flink-taskmanager,4.74,1410.0
1790610650,rot-telegraf-sink,0.97,123.8
1790610650,rot-grafana,0.05,111.1
1790610650,rot-alert-republisher,0.21,122.2
1790610650,rot-telegraf-bridge,0.42,135.2
1790610650,rot-kafka-exporter,0.03,21.6
1790610650,rot-fuxa,0.12,65.6
1790610650,rot-edgex-postgres,0.06,49.3
1790610650,rot-edgex-mqtt-broker,0.05,2.4
1790610650,rot-kafka,4.12,498.9
1790610650,rot-influxdb,0.04,112.5
1790610650,rot-flink-jobmanager,0.97,483.7
1790610650,rot-alertmanager,0.12,28.3
1790610650,rot-prometheus,0.00,107.8
1790610650,rot-plant-simulator,0.42,36.4
1790610650,rot-emqx,2.25,159.5
1790610650,rot-cadvisor,0.47,50.5
1790610653,rot-ai-web-1,0.00,13.1
1790610653,rot-ai-knowledge-1,0.32,162.0
1790610653,rot-ai-alarm-worker-1,0.07,51.7
1790610653,rot-ai-work-db-1,0.00,53.8
1790610653,rot-ai-graph-1,52.50,862.0
1790610653,rot-edgex-app-mqtt-export,0.48,27.2
1790610653,rot-edgex-device-modbus,0.42,24.2
1790610653,rot-edgex-core-command,0.01,19.6
1790610653,rot-edgex-core-data,0.21,23.9
1790610653,rot-edgex-ui,0.00,21.8
1790610653,rot-edgex-core-metadata,0.00,13.9
1790610653,rot-edgex-common-config,0.00,0.8
1790610653,rot-edgex-core-keeper,0.04,24.0
1790610653,rot-flink-taskmanager,7.58,1406.0
1790610653,rot-telegraf-sink,0.88,130.7
1790610653,rot-grafana,0.06,111.1
1790610653,rot-alert-republisher,0.18,121.7
1790610653,rot-telegraf-bridge,0.24,135.0
1790610653,rot-kafka-exporter,0.06,21.6
1790610653,rot-fuxa,0.15,65.5
1790610653,rot-edgex-postgres,0.12,50.0
1790610653,rot-edgex-mqtt-broker,0.07,2.7
1790610653,rot-kafka,2.78,500.6
1790610653,rot-influxdb,0.34,112.8
1790610653,rot-flink-jobmanager,0.82,487.8
1790610653,rot-alertmanager,0.09,28.3
1790610653,rot-prometheus,0.43,113.4
1790610653,rot-plant-simulator,0.45,36.4
1790610653,rot-emqx,2.36,160.1
1790610653,rot-cadvisor,0.36,50.1
1790610657,rot-ai-web-1,0.00,13.0
1790610657,rot-ai-knowledge-1,1.60,160.7
1790610657,rot-ai-alarm-worker-1,0.08,51.3
1790610657,rot-ai-work-db-1,7.06,55.8
1790610657,rot-ai-graph-1,94.39,783.3
1790610657,rot-edgex-app-mqtt-export,0.18,26.1
1790610657,rot-edgex-device-modbus,0.67,23.1
1790610657,rot-edgex-core-command,0.00,18.8
1790610657,rot-edgex-core-data,0.63,22.8
1790610657,rot-edgex-ui,0.00,20.7
1790610657,rot-edgex-core-metadata,0.00,13.9
1790610657,rot-edgex-common-config,0.00,0.8
1790610657,rot-edgex-core-keeper,0.28,22.9
1790610657,rot-flink-taskmanager,32.28,1412.1
1790610657,rot-telegraf-sink,0.94,124.8
1790610657,rot-grafana,0.07,107.0
1790610657,rot-alert-republisher,0.46,117.0
1790610657,rot-telegraf-bridge,0.36,136.0
1790610657,rot-kafka-exporter,6.16,22.6
1790610657,rot-fuxa,0.16,64.2
1790610657,rot-edgex-postgres,5.58,48.5
1790610657,rot-edgex-mqtt-broker,0.08,2.5
1790610657,rot-kafka,87.82,496.3
1790610657,rot-influxdb,0.52,111.1
1790610657,rot-flink-jobmanager,2.15,483.0
1790610657,rot-alertmanager,0.12,27.4
1790610657,rot-prometheus,2.43,111.5
1790610657,rot-plant-simulator,0.72,35.0
1790610657,rot-emqx,1.05,156.8
1790610657,rot-cadvisor,0.39,48.8
1790610660,rot-ai-web-1,3.08,13.8
1790610660,rot-ai-knowledge-1,0.51,161.7
1790610660,rot-ai-alarm-worker-1,0.09,51.5
1790610660,rot-ai-work-db-1,0.44,56.1
1790610660,rot-ai-graph-1,0.93,783.3
1790610660,rot-edgex-app-mqtt-export,0.24,26.3
1790610660,rot-edgex-device-modbus,0.32,23.1
1790610660,rot-edgex-core-command,0.05,19.3
1790610660,rot-edgex-core-data,0.24,23.1
1790610660,rot-edgex-ui,0.00,20.7
1790610660,rot-edgex-core-metadata,0.03,13.9
1790610660,rot-edgex-common-config,0.00,0.8
1790610660,rot-edgex-core-keeper,0.09,22.9
1790610660,rot-flink-taskmanager,4.60,1416.2
1790610660,rot-telegraf-sink,0.96,124.6
1790610660,rot-grafana,0.06,107.0
1790610660,rot-alert-republisher,0.24,116.8
1790610660,rot-telegraf-bridge,0.29,136.7
1790610660,rot-kafka-exporter,0.04,21.6
1790610660,rot-fuxa,0.16,64.4
1790610660,rot-edgex-postgres,0.09,48.7
1790610660,rot-edgex-mqtt-broker,0.08,2.7
1790610660,rot-kafka,3.85,503.2
1790610660,rot-influxdb,0.04,110.6
1790610660,rot-flink-jobmanager,1.46,485.8
1790610660,rot-alertmanager,0.12,27.4
1790610660,rot-prometheus,0.00,113.2
1790610660,rot-plant-simulator,0.44,36.7
1790610660,rot-emqx,0.98,156.8
1790610660,rot-cadvisor,0.39,48.7
1790610664,rot-ai-web-1,0.00,13.0
1790610664,rot-ai-knowledge-1,0.17,161.2
1790610664,rot-ai-alarm-worker-1,0.07,51.3
1790610664,rot-ai-work-db-1,0.36,55.6
1790610664,rot-ai-graph-1,0.86,783.1
1790610664,rot-edgex-app-mqtt-export,0.09,26.1
1790610664,rot-edgex-device-modbus,0.37,23.6
1790610664,rot-edgex-core-command,0.00,18.8
1790610664,rot-edgex-core-data,0.16,22.8
1790610664,rot-edgex-ui,0.00,20.7
1790610664,rot-edgex-core-metadata,0.00,13.9
1790610664,rot-edgex-common-config,0.00,0.8
1790610664,rot-edgex-core-keeper,0.03,22.9
1790610664,rot-flink-taskmanager,3.61,1415.2
1790610664,rot-telegraf-sink,1.10,124.3
1790610664,rot-grafana,0.11,107.0
1790610664,rot-alert-republisher,0.27,116.3
1790610664,rot-telegraf-bridge,0.28,136.2
1790610664,rot-kafka-exporter,0.03,21.6
1790610664,rot-fuxa,0.25,64.4
1790610664,rot-edgex-postgres,0.10,48.5
1790610664,rot-edgex-mqtt-broker,0.06,2.5
1790610664,rot-kafka,4.43,504.5
1790610664,rot-influxdb,0.03,111.0
1790610664,rot-flink-jobmanager,0.83,476.7
1790610664,rot-alertmanager,0.10,27.4
1790610664,rot-prometheus,0.00,113.2
1790610664,rot-plant-simulator,0.50,36.0
1790610664,rot-emqx,2.18,157.5
1790610664,rot-cadvisor,0.26,49.5
1790610668,rot-ai-work-db-1,9.71,55.7
1790610668,rot-ai-graph-1,221.19,885.4
1790610668,rot-edgex-app-mqtt-export,0.16,26.3
1790610668,rot-edgex-device-modbus,0.59,23.3
1790610668,rot-edgex-core-command,0.00,18.8
1790610668,rot-edgex-core-data,0.27,22.8
1790610668,rot-edgex-ui,0.00,20.7
1790610668,rot-edgex-core-metadata,0.06,13.9
1790610668,rot-edgex-common-config,0.00,0.8
1790610668,rot-edgex-core-keeper,0.00,22.9
1790610668,rot-flink-taskmanager,12.18,1416.2
1790610668,rot-telegraf-sink,1.64,124.6
1790610668,rot-grafana,0.26,107.0
1790610668,rot-alert-republisher,0.42,118.1
1790610668,rot-telegraf-bridge,0.67,136.0
1790610668,rot-kafka-exporter,10.26,19.9
1790610668,rot-fuxa,0.31,63.9
1790610668,rot-edgex-postgres,0.17,48.5
1790610668,rot-edgex-mqtt-broker,0.13,2.7
1790610668,rot-kafka,124.95,537.8
1790610668,rot-influxdb,0.79,111.6
1790610668,rot-flink-jobmanager,7.58,481.5
1790610668,rot-alertmanager,0.12,30.9
1790610668,rot-prometheus,0.70,115.3
1790610668,rot-plant-simulator,20.13,36.1
1790610668,rot-emqx,3.74,156.8
1790610668,rot-cadvisor,0.68,50.3
1790610671,rot-edgex-core-data,0.92,23.0
1790610671,rot-edgex-core-metadata,0.02,13.9
1790610671,rot-edgex-common-config,0.00,0.8
1790610671,rot-edgex-core-keeper,0.02,27.0
1790610671,rot-fuxa,0.40,65.1
1790610671,rot-edgex-postgres,3.96,50.2
1790610671,rot-edgex-mqtt-broker,0.05,2.4
1790610671,rot-kafka,55.29,476.2
1790610671,rot-flink-jobmanager,17.50,527.8
1790610671,rot-plant-simulator,0.29,36.8
1790610671,rot-emqx,69.82,188.1
1790610677,rot-plant-simulator,0.04,36.1
1790610695,rot-model-trainer,75.09,64.1
1790610695,rot-cadvisor,18.15,22.5
1790610695,rot-plant-simulator,64.34,29.4
1790610695,rot-edgex-mqtt-broker,0.04,1.9
1790610695,rot-edgex-postgres,70.60,26.8
1790610695,rot-alertmanager,10.62,17.6
1790610695,rot-kafka,182.16,59.0
1790610695,rot-influxdb,67.99,28.7
1790610695,rot-emqx,106.92,47.5
1790610695,rot-prometheus,0.00,17.8
1790610695,rot-flink-jobmanager,124.48,59.0
1790610700,rot-edgex-postgres,12.00,41.4
1790610700,rot-edgex-mqtt-broker,1.01,3.0
1790610700,rot-flink-jobmanager,136.24,31.5
1790610700,rot-kafka,279.95,165.9
1790610700,rot-influxdb,0.02,62.8
1790610700,rot-prometheus,0.38,18.1
1790610700,rot-emqx,226.18,143.3
1790610700,rot-model-trainer,94.05,148.9
1790610700,rot-alertmanager,0.11,17.5
1790610700,rot-plant-simulator,0.03,29.4
1790610700,rot-cadvisor,1.66,22.7
1790610700,rot-edgex-core-keeper,17.55,11.7
1790610700,rot-edgex-common-config,0.88,0.7
1790610700,rot-grafana,41.36,33.5
1790610700,rot-edgex-core-metadata,0.47,9.8
1790610700,rot-edgex-core-data,0.66,11.9
1790610700,rot-edgex-ui,0.00,6.3
1790610700,rot-edgex-core-command,0.52,9.4
1790610700,rot-edgex-device-modbus,1.05,11.4
1790610707,rot-edgex-device-modbus,0.62,14.4
1790610707,rot-edgex-core-command,0.09,9.0
1790610707,rot-edgex-ui,0.00,6.2
1790610707,rot-edgex-core-data,1.90,13.7
1790610707,rot-edgex-core-metadata,0.00,10.2
1790610707,rot-edgex-common-config,0.00,0.7
1790610707,rot-edgex-core-keeper,0.37,11.7
1790610707,rot-telegraf-sink,0.72,192.3
1790610707,rot-kafka-init,141.46,58.3
1790610707,rot-kafka-exporter,2.59,8.2
1790610707,rot-grafana,57.93,36.0
1790610707,rot-edgex-postgres,2.46,56.2
1790610707,rot-edgex-mqtt-broker,0.07,2.2
1790610707,rot-flink-jobmanager,108.54,98.2
1790610707,rot-kafka,13.29,275.8
1790610707,rot-influxdb,0.05,64.0
1790610707,rot-prometheus,0.49,26.5
1790610707,rot-emqx,70.20,278.0
1790610707,rot-model-trainer,484.79,234.3
1790610707,rot-alertmanager,0.09,17.5
1790610707,rot-plant-simulator,0.82,29.4
1790610707,rot-cadvisor,0.62,23.8
1790610711,rot-edgex-device-modbus,0.39,13.9
1790610711,rot-edgex-core-command,0.06,9.3
1790610711,rot-edgex-ui,0.00,6.2
1790610711,rot-edgex-core-data,0.58,13.8
1790610711,rot-edgex-core-metadata,0.04,10.0
1790610711,rot-edgex-common-config,0.00,0.7
1790610711,rot-edgex-core-keeper,6.98,16.4
1790610711,rot-telegraf-sink,0.11,337.5
1790610711,rot-kafka-init,113.34,60.7
1790610711,rot-kafka-exporter,0.03,8.1
1790610711,rot-grafana,0.06,66.7
1790610711,rot-edgex-postgres,2.19,56.1
1790610711,rot-edgex-mqtt-broker,0.15,2.5
1790610711,rot-flink-jobmanager,139.22,221.4
1790610711,rot-kafka,4.60,273.6
1790610711,rot-influxdb,0.04,67.0
1790610711,rot-prometheus,2.88,29.3
1790610711,rot-emqx,2.73,264.9
1790610711,rot-model-trainer,459.77,235.7
1790610711,rot-alertmanager,0.09,17.5
1790610711,rot-plant-simulator,0.56,30.2
1790610711,rot-cadvisor,6.05,31.2
1790610711,rot-alert-republisher,15.46,49.7
1790610711,rot-fuxa,66.03,50.2
1790610711,rot-telegraf-bridge,23.68,46.1
1790610711,rot-edgex-app-mqtt-export,8.56,15.9
1790610711,rot-fuxa-provisioner,0.00,14.2
1790610717,rot-edgex-app-mqtt-export,0.43,16.7
1790610717,rot-edgex-device-modbus,0.37,14.7
1790610717,rot-edgex-core-command,0.07,9.0
1790610717,rot-edgex-ui,0.00,6.2
1790610717,rot-edgex-core-data,0.26,13.6
1790610717,rot-edgex-core-metadata,0.00,17.2
1790610717,rot-edgex-common-config,0.00,0.7
1790610717,rot-fuxa-provisioner,0.00,14.4
1790610717,rot-edgex-core-keeper,1.04,16.1
1790610717,rot-telegraf-sink,0.49,346.0
1790610717,rot-kafka-init,97.22,40.4
1790610717,rot-alert-republisher,0.29,49.2
1790610717,rot-kafka-exporter,1.28,10.2
1790610717,rot-telegraf-bridge,0.39,47.4
1790610717,rot-fuxa,71.88,144.9
1790610717,rot-grafana,0.06,66.9
1790610717,rot-edgex-postgres,0.47,57.9
1790610717,rot-edgex-mqtt-broker,0.08,2.3
1790610717,rot-flink-jobmanager,2.33,290.3
1790610717,rot-kafka,140.70,436.4
1790610717,rot-influxdb,2.34,76.6
1790610717,rot-prometheus,0.84,29.4
1790610717,rot-emqx,3.10,244.0
1790610717,rot-model-trainer,462.61,237.5
1790610717,rot-alertmanager,0.10,17.5
1790610717,rot-plant-simulator,0.35,30.2
1790610717,rot-cadvisor,0.56,31.4
1790610717,rot-flink-taskmanager,157.94,72.4
1790610722,rot-edgex-app-mqtt-export,0.33,17.4
1790610722,rot-edgex-device-modbus,0.64,14.2
1790610722,rot-edgex-core-command,0.00,9.0
1790610722,rot-edgex-ui,0.00,6.2
1790610722,rot-edgex-core-data,0.32,13.7
1790610722,rot-edgex-core-metadata,0.00,17.2
1790610722,rot-edgex-common-config,0.00,0.7
1790610722,rot-edgex-core-keeper,0.14,16.1
1790610722,rot-flink-taskmanager,139.09,65.1
1790610722,rot-telegraf-sink,0.48,347.5
1790610722,rot-kafka-init,82.83,7.2
1790610722,rot-alert-republisher,0.18,49.0
1790610722,rot-kafka-exporter,0.03,9.7
1790610722,rot-telegraf-bridge,0.49,48.0
1790610722,rot-fuxa,55.13,140.4
1790610722,rot-grafana,0.05,66.9
1790610722,rot-edgex-postgres,0.32,58.4
1790610722,rot-edgex-mqtt-broker,0.09,2.0
1790610722,rot-flink-jobmanager,14.43,292.8
1790610722,rot-kafka,9.63,499.9
1790610722,rot-influxdb,0.49,77.5
1790610722,rot-prometheus,0.28,29.9
1790610722,rot-emqx,110.28,288.1
1790610722,rot-model-trainer,538.78,237.5
1790610722,rot-alertmanager,0.10,17.5
1790610722,rot-plant-simulator,0.71,30.2
1790610722,rot-cadvisor,0.99,30.8
1790610726,rot-edgex-app-mqtt-export,0.56,17.0
1790610726,rot-edgex-device-modbus,0.25,14.3
1790610726,rot-edgex-core-command,0.00,9.0
1790610726,rot-edgex-ui,0.00,6.2
1790610726,rot-edgex-core-data,0.21,14.0
1790610726,rot-edgex-core-metadata,0.15,17.9
1790610726,rot-edgex-common-config,0.00,0.7
1790610726,rot-edgex-core-keeper,0.47,16.6
1790610726,rot-flink-taskmanager,183.52,121.0
1790610726,rot-telegraf-sink,2.01,347.5
1790610726,rot-kafka-init,146.76,48.6
1790610726,rot-alert-republisher,0.14,49.3
1790610726,rot-kafka-exporter,0.03,9.7
1790610726,rot-telegraf-bridge,0.22,49.1
1790610726,rot-fuxa,0.43,141.3
1790610726,rot-grafana,0.07,66.9
1790610726,rot-edgex-postgres,0.26,58.4
1790610726,rot-edgex-mqtt-broker,0.11,2.5
1790610726,rot-flink-jobmanager,10.06,310.4
1790610726,rot-kafka,23.32,565.6
1790610726,rot-influxdb,0.82,78.0
1790610726,rot-prometheus,0.45,29.8
1790610726,rot-emqx,2.64,244.4
1790610726,rot-model-trainer,554.68,237.4
1790610726,rot-alertmanager,0.09,17.5
1790610726,rot-plant-simulator,0.59,30.4
1790610726,rot-cadvisor,0.85,30.1
1790610730,rot-edgex-app-mqtt-export,0.16,16.4
1790610730,rot-edgex-device-modbus,0.28,14.5
1790610730,rot-edgex-core-command,0.00,9.0
1790610730,rot-edgex-ui,0.00,6.2
1790610730,rot-edgex-core-data,0.14,13.9
1790610730,rot-edgex-core-metadata,0.00,17.8
1790610730,rot-edgex-common-config,0.04,1.2
1790610730,rot-edgex-core-keeper,0.02,15.6
1790610730,rot-flink-taskmanager,127.25,747.9
1790610730,rot-telegraf-sink,1.04,272.8
1790610730,rot-kafka-init,148.14,49.9
1790610730,rot-alert-republisher,0.18,89.5
1790610730,rot-kafka-exporter,0.03,10.8
1790610730,rot-telegraf-bridge,0.37,90.5
1790610730,rot-fuxa,0.34,142.1
1790610730,rot-grafana,0.07,72.3
1790610730,rot-edgex-postgres,6.13,59.2
1790610730,rot-edgex-mqtt-broker,0.06,2.3
1790610730,rot-flink-jobmanager,2.32,320.9
1790610730,rot-kafka,167.39,634.5
1790610730,rot-influxdb,4.65,87.9
1790610730,rot-prometheus,0.04,33.0
1790610730,rot-emqx,2.13,243.7
1790610730,rot-model-trainer,479.40,303.9
1790610730,rot-alertmanager,0.10,17.5
1790610730,rot-plant-simulator,17.24,31.2
1790610730,rot-cadvisor,0.07,30.3
1790610734,rot-edgex-app-mqtt-export,0.21,16.5
1790610734,rot-edgex-device-modbus,0.58,14.2
1790610734,rot-edgex-core-command,0.03,9.0
1790610734,rot-edgex-ui,0.00,6.2
1790610734,rot-edgex-core-data,0.32,14.0
1790610734,rot-edgex-core-metadata,0.00,18.3
1790610734,rot-edgex-common-config,0.01,1.2
1790610734,rot-edgex-core-keeper,0.00,15.6
1790610734,rot-flink-taskmanager,2.31,748.0
1790610734,rot-telegraf-sink,1.15,273.2
1790610734,rot-alert-republisher,0.11,91.6
1790610734,rot-kafka-exporter,0.22,11.1
1790610734,rot-telegraf-bridge,0.36,94.7
1790610734,rot-fuxa,0.29,142.2
1790610734,rot-grafana,0.10,72.3
1790610734,rot-edgex-postgres,0.17,58.8
1790610734,rot-edgex-mqtt-broker,0.08,2.3
1790610734,rot-flink-jobmanager,8.58,349.3
1790610734,rot-kafka,11.56,562.3
1790610734,rot-influxdb,0.34,88.2
1790610734,rot-prometheus,0.00,33.9
1790610734,rot-emqx,16.58,244.8
1790610734,rot-alertmanager,0.14,17.4
1790610734,rot-plant-simulator,0.62,32.0
1790610734,rot-cadvisor,0.69,32.9
1790610734,rot-flink-job-submitter,173.61,7.4
1790610738,rot-ai-work-db-1,0.03,44.0
1790610738,rot-ai-graph-1,213.10,176.4
1790610738,rot-edgex-app-mqtt-export,0.24,17.0
1790610738,rot-edgex-device-modbus,0.56,14.0
1790610738,rot-edgex-core-command,0.00,9.0
1790610738,rot-edgex-ui,0.00,6.2
1790610738,rot-edgex-core-data,0.33,14.1
1790610738,rot-edgex-core-metadata,0.03,18.3
1790610738,rot-edgex-common-config,0.00,1.2
1790610738,rot-flink-job-submitter,169.20,145.4
1790610738,rot-edgex-core-keeper,0.00,15.7
1790610738,rot-flink-taskmanager,4.79,750.2
1790610738,rot-telegraf-sink,0.94,243.2
1790610738,rot-alert-republisher,0.41,94.7
1790610738,rot-kafka-exporter,5.72,13.8
1790610738,rot-telegraf-bridge,0.41,95.2
1790610738,rot-fuxa,10.67,115.8
1790610738,rot-grafana,0.19,71.5
1790610738,rot-edgex-postgres,0.14,58.3
1790610738,rot-edgex-mqtt-broker,0.10,2.3
1790610738,rot-flink-jobmanager,5.35,333.3
1790610738,rot-kafka,7.90,564.9
1790610738,rot-influxdb,0.15,98.3
1790610738,rot-prometheus,3.36,48.6
1790610738,rot-emqx,1.87,243.9
1790610738,rot-alertmanager,0.10,18.9
1790610738,rot-plant-simulator,0.70,32.0
1790610738,rot-cadvisor,0.54,32.9
1790610742,rot-ai-work-db-1,0.05,44.8
1790610742,rot-ai-graph-1,365.24,374.9
1790610742,rot-edgex-app-mqtt-export,0.11,17.1
1790610742,rot-edgex-device-modbus,0.61,14.0
1790610742,rot-edgex-core-command,0.00,9.0
1790610742,rot-edgex-ui,0.00,6.2
1790610742,rot-edgex-core-data,0.30,14.1
1790610742,rot-edgex-core-metadata,0.00,18.3
1790610742,rot-edgex-common-config,0.00,0.9
1790610742,rot-flink-job-submitter,169.35,375.0
1790610742,rot-edgex-core-keeper,0.04,15.7
1790610742,rot-flink-taskmanager,4.79,750.6
1790610742,rot-telegraf-sink,0.99,250.7
1790610742,rot-alert-republisher,0.26,93.3
1790610742,rot-kafka-exporter,0.04,14.5
1790610742,rot-telegraf-bridge,1.01,101.8
1790610742,rot-fuxa,2.48,116.0
1790610742,rot-grafana,0.04,71.4
1790610742,rot-edgex-postgres,0.19,58.5
1790610742,rot-edgex-mqtt-broker,0.06,2.5
1790610742,rot-flink-jobmanager,4.74,332.9
1790610742,rot-kafka,193.71,615.0
1790610742,rot-influxdb,0.07,106.6
1790610742,rot-prometheus,0.30,53.2
1790610742,rot-emqx,4.63,244.3
1790610742,rot-alertmanager,0.12,18.9
1790610742,rot-plant-simulator,0.67,31.5
1790610742,rot-cadvisor,0.08,34.1
1790610742,rot-ai-alarm-worker-1,78.72,43.4
1790610747,rot-ai-alarm-worker-1,0.14,48.5
1790610747,rot-ai-work-db-1,0.04,47.9
1790610747,rot-ai-graph-1,205.05,678.3
1790610747,rot-edgex-app-mqtt-export,0.51,17.1
1790610747,rot-edgex-device-modbus,1.35,20.5
1790610747,rot-edgex-core-command,0.10,9.0
1790610747,rot-edgex-ui,0.00,6.2
1790610747,rot-edgex-core-data,1.91,16.5
1790610747,rot-edgex-core-metadata,0.00,17.2
1790610747,rot-edgex-common-config,0.00,1.1
1790610747,rot-flink-job-submitter,89.28,460.6
1790610747,rot-edgex-core-keeper,2.05,17.8
1790610747,rot-flink-taskmanager,7.83,750.4
1790610747,rot-telegraf-sink,1.15,268.5
1790610747,rot-alert-republisher,0.38,94.6
1790610747,rot-kafka-exporter,7.93,19.4
1790610747,rot-telegraf-bridge,0.45,112.1
1790610747,rot-fuxa,0.33,109.7
1790610747,rot-grafana,0.08,68.6
1790610747,rot-edgex-postgres,0.49,58.7
1790610747,rot-edgex-mqtt-broker,0.07,2.6
1790610747,rot-flink-jobmanager,195.58,412.5
1790610747,rot-kafka,27.19,570.7
1790610747,rot-influxdb,0.27,101.5
1790610747,rot-prometheus,0.54,57.7
1790610747,rot-emqx,2.15,241.6
1790610747,rot-alertmanager,0.16,18.5
1790610747,rot-plant-simulator,1.44,31.7
1790610747,rot-cadvisor,0.36,31.1
1790610751,rot-ai-alarm-worker-1,0.08,47.2
1790610751,rot-ai-work-db-1,10.81,46.1
1790610751,rot-ai-graph-1,325.24,874.2
1790610751,rot-edgex-app-mqtt-export,0.12,23.5
1790610751,rot-edgex-device-modbus,0.64,24.6
1790610751,rot-edgex-core-command,1.46,17.0
1790610751,rot-edgex-ui,0.00,6.2
1790610751,rot-edgex-core-data,0.32,22.3
1790610751,rot-edgex-core-metadata,0.05,15.1
1790610751,rot-edgex-common-config,0.01,1.0
1790610751,rot-flink-job-submitter,184.77,470.0
1790610751,rot-edgex-core-keeper,0.14,15.9
1790610751,rot-flink-taskmanager,175.08,908.6
1790610751,rot-telegraf-sink,2.05,188.9
1790610751,rot-alert-republisher,0.28,68.0
1790610751,rot-kafka-exporter,0.16,15.9
1790610751,rot-telegraf-bridge,0.46,86.9
1790610751,rot-fuxa,0.41,98.5
1790610751,rot-grafana,0.05,64.9
1790610751,rot-edgex-postgres,0.15,58.8
1790610751,rot-edgex-mqtt-broker,0.07,2.5
1790610751,rot-flink-jobmanager,24.61,503.6
1790610751,rot-kafka,34.98,579.4
1790610751,rot-influxdb,0.05,94.0
1790610751,rot-prometheus,1.16,53.2
1790610751,rot-emqx,2.55,237.1
1790610751,rot-alertmanager,0.27,17.4
1790610751,rot-plant-simulator,17.81,38.1
1790610751,rot-cadvisor,3.07,36.3
1790610755,rot-ai-alarm-worker-1,0.08,48.0
1790610755,rot-ai-work-db-1,0.04,41.1
1790610755,rot-ai-graph-1,154.89,831.9
1790610755,rot-edgex-app-mqtt-export,0.14,30.1
1790610755,rot-edgex-device-modbus,0.37,22.4
1790610755,rot-edgex-core-command,0.00,16.5
1790610755,rot-edgex-ui,0.00,6.2
1790610755,rot-edgex-core-data,0.34,22.6
1790610755,rot-edgex-core-metadata,0.09,18.5
1790610755,rot-edgex-common-config,0.00,1.0
1790610755,rot-flink-job-submitter,184.29,141.2
1790610755,rot-edgex-core-keeper,0.73,18.7
1790610755,rot-flink-taskmanager,172.01,952.6
1790610755,rot-telegraf-sink,1.07,156.1
1790610755,rot-alert-republisher,0.32,55.4
1790610755,rot-kafka-exporter,0.04,14.9
1790610755,rot-telegraf-bridge,0.42,120.5
1790610755,rot-fuxa,0.34,98.9
1790610755,rot-grafana,0.09,63.4
1790610755,rot-edgex-postgres,4.43,60.0
1790610755,rot-edgex-mqtt-broker,0.07,2.1
1790610755,rot-flink-jobmanager,82.69,547.1
1790610755,rot-kafka,180.29,641.6
1790610755,rot-influxdb,1.32,92.7
1790610755,rot-prometheus,0.23,63.7
1790610755,rot-emqx,29.72,250.2
1790610755,rot-alertmanager,0.11,27.5
1790610755,rot-plant-simulator,0.61,36.3
1790610755,rot-cadvisor,4.57,38.8
1790610760,rot-ai-alarm-worker-1,0.13,48.1
1790610760,rot-ai-work-db-1,0.05,42.0
1790610760,rot-ai-graph-1,167.81,956.2
1790610760,rot-edgex-app-mqtt-export,0.11,29.4
1790610760,rot-edgex-device-modbus,0.82,27.2
1790610760,rot-edgex-core-command,0.00,16.1
1790610760,rot-edgex-ui,0.00,6.2
1790610760,rot-edgex-core-data,0.42,24.1
1790610760,rot-edgex-core-metadata,0.00,23.6
1790610760,rot-edgex-common-config,0.00,1.0
1790610760,rot-flink-job-submitter,77.37,85.2
1790610760,rot-edgex-core-keeper,0.07,18.6
1790610760,rot-flink-taskmanager,95.17,996.3
1790610760,rot-telegraf-sink,1.13,147.6
1790610760,rot-alert-republisher,0.82,56.2
1790610760,rot-kafka-exporter,0.33,28.3
1790610760,rot-telegraf-bridge,0.42,120.2
1790610760,rot-fuxa,0.36,98.8
1790610760,rot-grafana,0.05,94.3
1790610760,rot-edgex-postgres,0.31,60.0
1790610760,rot-edgex-mqtt-broker,0.08,2.1
1790610760,rot-flink-jobmanager,175.86,568.2
1790610760,rot-kafka,34.26,607.4
1790610760,rot-influxdb,5.49,97.2
1790610760,rot-prometheus,0.05,77.5
1790610760,rot-emqx,2.57,244.2
1790610760,rot-alertmanager,0.32,29.2
1790610760,rot-plant-simulator,0.94,38.9
1790610760,rot-cadvisor,0.38,37.4
1790610764,rot-ai-alarm-worker-1,0.08,50.5
1790610764,rot-ai-work-db-1,0.01,43.2
1790610764,rot-ai-graph-1,173.63,1094.7
1790610764,rot-edgex-app-mqtt-export,0.08,28.6
1790610764,rot-edgex-device-modbus,0.51,28.6
1790610764,rot-edgex-core-command,0.14,20.1
1790610764,rot-edgex-ui,0.00,6.2
1790610764,rot-edgex-core-data,0.25,24.6
1790610764,rot-edgex-core-metadata,0.01,24.2
1790610764,rot-edgex-common-config,0.00,0.8
1790610764,rot-flink-job-submitter,0.00,81.1
1790610764,rot-edgex-core-keeper,0.00,19.4
1790610764,rot-flink-taskmanager,15.99,1034.2
1790610764,rot-telegraf-sink,1.43,161.2
1790610764,rot-alert-republisher,0.20,54.6
1790610764,rot-kafka-exporter,0.21,29.4
1790610764,rot-telegraf-bridge,0.28,116.6
1790610764,rot-fuxa,0.19,97.2
1790610764,rot-grafana,0.05,113.6
1790610764,rot-edgex-postgres,0.12,62.9
1790610764,rot-edgex-mqtt-broker,0.06,1.9
1790610764,rot-flink-jobmanager,1.34,578.8
1790610764,rot-kafka,14.04,610.0
1790610764,rot-influxdb,0.33,97.4
1790610764,rot-prometheus,0.00,76.3
1790610764,rot-emqx,9.73,247.8
1790610764,rot-alertmanager,0.24,31.8
1790610764,rot-plant-simulator,0.48,45.6
1790610764,rot-cadvisor,0.39,40.3
1790610768,rot-ai-knowledge-1,70.60,114.1
1790610768,rot-ai-alarm-worker-1,0.11,50.9
1790610768,rot-ai-work-db-1,3.00,46.3
1790610768,rot-ai-graph-1,2.01,922.2
1790610768,rot-edgex-app-mqtt-export,0.39,28.6
1790610768,rot-edgex-device-modbus,0.74,28.4
1790610768,rot-edgex-core-command,0.00,20.6
1790610768,rot-edgex-ui,0.00,6.2
1790610768,rot-edgex-core-data,0.66,30.2
1790610768,rot-edgex-core-metadata,0.00,26.6
1790610768,rot-edgex-common-config,0.00,0.9
1790610768,rot-flink-job-submitter,0.00,81.1
1790610768,rot-edgex-core-keeper,0.64,24.9
1790610768,rot-flink-taskmanager,42.54,1086.5
1790610768,rot-telegraf-sink,1.33,162.3
1790610768,rot-alert-republisher,0.38,55.1
1790610768,rot-kafka-exporter,8.06,28.1
1790610768,rot-telegraf-bridge,0.45,116.7
1790610768,rot-fuxa,0.31,97.4
1790610768,rot-grafana,0.16,113.8
1790610768,rot-edgex-postgres,0.37,63.4
1790610768,rot-edgex-mqtt-broker,0.07,2.0
1790610768,rot-flink-jobmanager,11.16,569.2
1790610768,rot-kafka,30.28,614.3
1790610768,rot-influxdb,0.22,98.5
1790610768,rot-prometheus,0.45,91.8
1790610768,rot-emqx,2.85,247.4
1790610768,rot-alertmanager,0.10,31.8
1790610768,rot-plant-simulator,0.69,45.1
1790610768,rot-cadvisor,0.43,42.4
1790610771,rot-ai-knowledge-1,0.16,187.8
1790610771,rot-ai-alarm-worker-1,1.54,50.5
1790610771,rot-ai-work-db-1,5.81,47.9
1790610771,rot-ai-graph-1,1.09,907.4
1790610771,rot-edgex-app-mqtt-export,0.30,32.1
1790610771,rot-edgex-device-modbus,0.34,26.9
1790610771,rot-edgex-core-command,0.00,19.8
1790610771,rot-edgex-ui,0.00,6.2
1790610771,rot-edgex-core-data,0.30,29.1
1790610771,rot-edgex-core-metadata,0.03,24.8
1790610771,rot-edgex-common-config,0.00,0.9
1790610771,rot-flink-job-submitter,0.00,74.0
1790610771,rot-edgex-core-keeper,0.10,23.6
1790610771,rot-flink-taskmanager,28.99,1072.1
1790610771,rot-telegraf-sink,1.13,149.4
1790610771,rot-alert-republisher,3.71,160.1
1790610771,rot-kafka-exporter,0.05,25.8
1790610771,rot-telegraf-bridge,0.41,115.4
1790610771,rot-fuxa,0.23,96.9
1790610771,rot-grafana,0.05,118.0
1790610771,rot-edgex-postgres,2.33,63.0
1790610771,rot-edgex-mqtt-broker,0.05,2.0
1790610771,rot-flink-jobmanager,28.06,571.7
1790610771,rot-kafka,16.49,614.8
1790610771,rot-influxdb,0.04,99.3
1790610771,rot-prometheus,0.30,88.0
1790610771,rot-emqx,1.72,248.5
1790610771,rot-alertmanager,0.07,30.2
1790610771,rot-plant-simulator,7.36,44.3
1790610771,rot-cadvisor,2.26,41.3
1790610775,rot-ai-knowledge-1,0.15,184.8
1790610775,rot-ai-alarm-worker-1,1.14,48.8
1790610775,rot-ai-work-db-1,5.61,48.5
1790610775,rot-ai-graph-1,162.24,1029.1
1790610775,rot-edgex-app-mqtt-export,1.19,35.3
1790610775,rot-edgex-device-modbus,0.51,25.1
1790610775,rot-edgex-core-command,0.00,19.1
1790610775,rot-edgex-ui,0.00,6.2
1790610775,rot-edgex-core-data,0.20,27.5
1790610775,rot-edgex-core-metadata,0.00,23.1
1790610775,rot-edgex-common-config,0.00,0.9
1790610775,rot-flink-job-submitter,0.00,59.7
1790610775,rot-edgex-core-keeper,0.04,22.1
1790610775,rot-flink-taskmanager,29.44,1042.4
1790610775,rot-telegraf-sink,1.41,136.1
1790610775,rot-alert-republisher,0.60,159.6
1790610775,rot-kafka-exporter,0.04,23.8
1790610775,rot-telegraf-bridge,0.35,109.0
1790610775,rot-fuxa,0.49,93.4
1790610775,rot-grafana,0.05,108.7
1790610775,rot-edgex-postgres,0.16,61.2
1790610775,rot-edgex-mqtt-broker,0.07,2.3
1790610775,rot-flink-jobmanager,6.58,561.6
1790610775,rot-kafka,15.70,613.2
1790610775,rot-influxdb,0.07,93.9
1790610775,rot-prometheus,0.11,82.1
1790610775,rot-emqx,2.45,246.7
1790610775,rot-alertmanager,0.13,30.4
1790610775,rot-plant-simulator,0.64,42.8
1790610775,rot-cadvisor,0.39,39.5
1790610779,rot-ai-web-1,0.00,13.6
1790610779,rot-ai-knowledge-1,0.77,181.7
1790610779,rot-ai-alarm-worker-1,0.94,47.6
1790610779,rot-ai-work-db-1,2.18,47.9
1790610779,rot-ai-graph-1,0.89,910.3
1790610779,rot-edgex-app-mqtt-export,0.06,36.4
1790610779,rot-edgex-device-modbus,0.27,27.1
1790610779,rot-edgex-core-command,0.00,18.2
1790610779,rot-edgex-ui,0.00,6.2
1790610779,rot-edgex-core-data,0.09,25.6
1790610779,rot-edgex-core-metadata,0.04,21.4
1790610779,rot-edgex-common-config,0.00,1.2
1790610779,rot-flink-job-submitter,0.00,51.4
1790610779,rot-edgex-core-keeper,0.04,24.9
1790610779,rot-flink-taskmanager,8.51,1090.6
1790610779,rot-telegraf-sink,0.93,122.2
1790610779,rot-alert-republisher,0.26,143.1
1790610779,rot-kafka-exporter,0.02,23.4
1790610779,rot-telegraf-bridge,0.18,100.1
1790610779,rot-fuxa,0.21,90.2
1790610779,rot-grafana,0.05,112.3
1790610779,rot-edgex-postgres,0.08,62.4
1790610779,rot-edgex-mqtt-broker,0.04,2.2
1790610779,rot-flink-jobmanager,1.13,560.2
1790610779,rot-kafka,14.24,630.0
1790610779,rot-influxdb,1.26,96.3
1790610779,rot-prometheus,0.89,87.8
1790610779,rot-emqx,2.34,244.9
1790610779,rot-alertmanager,0.08,35.4
1790610779,rot-plant-simulator,0.40,41.5
1790610779,rot-cadvisor,0.32,38.4
1790610782,rot-ai-web-1,0.00,13.7
1790610782,rot-ai-knowledge-1,0.30,180.3
1790610782,rot-ai-alarm-worker-1,2.06,47.2
1790610782,rot-ai-work-db-1,11.42,47.5
1790610782,rot-ai-graph-1,1.70,897.1
1790610782,rot-edgex-app-mqtt-export,0.32,35.2
1790610782,rot-edgex-device-modbus,0.64,26.7
1790610782,rot-edgex-core-command,0.03,17.9
1790610782,rot-edgex-ui,0.00,6.2
1790610782,rot-edgex-core-data,0.27,24.7
1790610782,rot-edgex-core-metadata,0.00,20.8
1790610782,rot-edgex-common-config,0.00,1.2
1790610782,rot-flink-job-submitter,0.00,0.0
1790610782,rot-edgex-core-keeper,0.12,24.2
1790610782,rot-flink-taskmanager,19.02,1090.6
1790610782,rot-telegraf-sink,1.70,118.3
1790610782,rot-alert-republisher,0.66,136.9
1790610782,rot-kafka-exporter,0.05,22.6
1790610782,rot-telegraf-bridge,0.52,109.7
1790610782,rot-fuxa,1.64,92.1
1790610782,rot-grafana,0.09,109.3
1790610782,rot-edgex-postgres,0.18,63.9
1790610782,rot-edgex-mqtt-broker,0.12,1.9
1790610782,rot-flink-jobmanager,9.34,554.9
1790610782,rot-kafka,220.11,692.0
1790610782,rot-influxdb,1.32,102.6
1790610782,rot-prometheus,0.21,86.1
1790610782,rot-emqx,3.23,251.1
1790610782,rot-alertmanager,0.32,36.1
1790610782,rot-plant-simulator,5.50,44.9
1790610782,rot-cadvisor,0.36,38.1
1790610786,rot-ai-web-1,0.00,13.7
1790610786,rot-ai-knowledge-1,0.76,180.3
1790610786,rot-ai-alarm-worker-1,1.50,47.1
1790610786,rot-ai-work-db-1,2.13,47.0
1790610786,rot-ai-graph-1,1.42,897.2
1790610786,rot-edgex-app-mqtt-export,0.20,35.2
1790610786,rot-edgex-device-modbus,1.16,31.4
1790610786,rot-edgex-core-command,0.00,17.9
1790610786,rot-edgex-ui,0.00,6.2
1790610786,rot-edgex-core-data,0.44,24.4
1790610786,rot-edgex-core-metadata,0.14,20.8
1790610786,rot-edgex-common-config,0.00,1.2
1790610786,rot-edgex-core-keeper,0.33,24.6
1790610786,rot-flink-taskmanager,37.71,1129.5
1790610786,rot-telegraf-sink,1.56,118.8
1790610786,rot-alert-republisher,0.63,138.0
1790610786,rot-kafka-exporter,0.06,22.6
1790610786,rot-telegraf-bridge,0.47,130.4
1790610786,rot-fuxa,0.42,102.9
1790610786,rot-grafana,0.07,109.2
1790610786,rot-edgex-postgres,5.04,65.5
1790610786,rot-edgex-mqtt-broker,0.08,2.2
1790610786,rot-flink-jobmanager,22.82,557.3
1790610786,rot-kafka,13.06,630.4
1790610786,rot-influxdb,1.02,103.3
1790610786,rot-prometheus,0.16,86.5
1790610786,rot-emqx,3.33,251.2
1790610786,rot-alertmanager,0.15,36.1
1790610786,rot-plant-simulator,0.79,44.6
1790610786,rot-cadvisor,0.80,39.0
1790610791,rot-ai-web-1,0.00,14.3
1790610791,rot-ai-knowledge-1,0.50,172.6
1790610791,rot-ai-alarm-worker-1,0.99,46.6
1790610791,rot-ai-work-db-1,2.87,53.1
1790610791,rot-ai-graph-1,5.03,849.3
1790610791,rot-edgex-app-mqtt-export,0.13,31.7
1790610791,rot-edgex-device-modbus,0.35,29.3
1790610791,rot-edgex-core-command,0.20,19.0
1790610791,rot-edgex-ui,0.00,6.2
1790610791,rot-edgex-core-data,0.43,26.6
1790610791,rot-edgex-core-metadata,0.17,22.2
1790610791,rot-edgex-common-config,0.01,1.1
1790610791,rot-edgex-core-keeper,0.17,25.9
1790610791,rot-flink-taskmanager,19.89,1205.2
1790610791,rot-telegraf-sink,1.10,103.9
1790610791,rot-alert-republisher,0.32,105.4
1790610791,rot-kafka-exporter,0.04,19.9
1790610791,rot-telegraf-bridge,0.86,105.8
1790610791,rot-fuxa,0.20,91.3
1790610791,rot-grafana,0.05,104.9
1790610791,rot-edgex-postgres,3.12,62.1
1790610791,rot-edgex-mqtt-broker,0.04,1.8
1790610791,rot-flink-jobmanager,15.89,551.3
1790610791,rot-kafka,8.13,625.3
1790610791,rot-influxdb,2.53,102.1
1790610791,rot-prometheus,0.21,86.1
1790610791,rot-emqx,86.55,298.9
1790610791,rot-alertmanager,0.05,30.0
1790610791,rot-plant-simulator,0.38,42.0
1790610791,rot-cadvisor,1.08,46.5
1790610795,rot-ai-web-1,0.00,14.3
1790610795,rot-ai-knowledge-1,0.17,172.6
1790610795,rot-ai-alarm-worker-1,1.02,46.1
1790610795,rot-ai-work-db-1,2.25,55.6
1790610795,rot-ai-graph-1,1.11,849.3
1790610795,rot-edgex-app-mqtt-export,0.17,32.0
1790610795,rot-edgex-device-modbus,0.45,32.2
1790610795,rot-edgex-core-command,0.00,22.0
1790610795,rot-edgex-ui,0.00,6.2
1790610795,rot-edgex-core-data,0.27,26.1
1790610795,rot-edgex-core-metadata,0.00,25.8
1790610795,rot-edgex-common-config,0.00,1.1
1790610795,rot-edgex-core-keeper,0.02,25.6
1790610795,rot-flink-taskmanager,15.74,1203.2
1790610795,rot-telegraf-sink,1.50,106.2
1790610795,rot-alert-republisher,0.36,105.6
1790610795,rot-kafka-exporter,0.12,19.9
1790610795,rot-telegraf-bridge,0.29,105.8
1790610795,rot-fuxa,0.23,98.5
1790610795,rot-grafana,0.07,104.9
1790610795,rot-edgex-postgres,0.23,61.9
1790610795,rot-edgex-mqtt-broker,0.09,2.1
1790610795,rot-flink-jobmanager,1.36,551.0
1790610795,rot-kafka,50.51,623.7
1790610795,rot-influxdb,0.57,102.4
1790610795,rot-prometheus,0.09,86.5
1790610795,rot-emqx,2.90,254.6
1790610795,rot-alertmanager,0.08,30.1
1790610795,rot-plant-simulator,0.52,46.0
1790610795,rot-cadvisor,0.21,47.2
1790610799,rot-ai-web-1,0.00,15.0
1790610799,rot-ai-knowledge-1,0.17,173.8
1790610799,rot-ai-alarm-worker-1,1.25,46.5
1790610799,rot-ai-work-db-1,1.46,56.7
1790610799,rot-ai-graph-1,1.03,845.9
1790610799,rot-edgex-app-mqtt-export,0.09,34.2
1790610799,rot-edgex-device-modbus,0.50,31.9
1790610799,rot-edgex-core-command,0.00,21.9
1790610799,rot-edgex-ui,0.00,6.2
1790610799,rot-edgex-core-data,0.19,26.4
1790610799,rot-edgex-core-metadata,0.02,25.7
1790610799,rot-edgex-common-config,0.00,1.1
1790610799,rot-edgex-core-keeper,0.02,27.9
1790610799,rot-flink-taskmanager,10.38,1346.6
1790610799,rot-telegraf-sink,1.31,105.1
1790610799,rot-alert-republisher,0.32,104.7
1790610799,rot-kafka-exporter,0.04,21.8
1790610799,rot-telegraf-bridge,0.28,104.5
1790610799,rot-fuxa,0.17,97.9
1790610799,rot-grafana,0.31,106.1
1790610799,rot-edgex-postgres,0.10,62.1
1790610799,rot-edgex-mqtt-broker,0.05,2.1
1790610799,rot-flink-jobmanager,1.25,550.8
1790610799,rot-kafka,24.36,631.2
1790610799,rot-influxdb,0.30,101.8
1790610799,rot-prometheus,0.72,93.7
1790610799,rot-emqx,2.34,253.7
1790610799,rot-alertmanager,0.07,29.8
1790610799,rot-plant-simulator,0.53,45.7
1790610799,rot-cadvisor,0.55,47.3
1790610803,rot-ai-web-1,0.00,15.6
1790610803,rot-ai-knowledge-1,0.24,173.5
1790610803,rot-ai-alarm-worker-1,2.10,45.2
1790610803,rot-ai-work-db-1,10.66,56.1
1790610803,rot-ai-graph-1,45.69,837.0
1790610803,rot-edgex-app-mqtt-export,0.36,38.1
1790610803,rot-edgex-device-modbus,0.55,32.3
1790610803,rot-edgex-core-command,0.00,21.5
1790610803,rot-edgex-ui,0.00,6.2
1790610803,rot-edgex-core-data,0.46,26.1
1790610803,rot-edgex-core-metadata,0.00,25.5
1790610803,rot-edgex-common-config,0.00,1.1
1790610803,rot-edgex-core-keeper,0.06,27.7
1790610803,rot-flink-taskmanager,21.83,1349.6
1790610803,rot-telegraf-sink,1.96,102.1
1790610803,rot-alert-republisher,0.42,99.7
1790610803,rot-kafka-exporter,0.06,21.0
1790610803,rot-telegraf-bridge,0.50,101.8
1790610803,rot-fuxa,0.24,102.0
1790610803,rot-grafana,0.05,116.8
1790610803,rot-edgex-postgres,0.17,61.9
1790610803,rot-edgex-mqtt-broker,0.10,1.8
1790610803,rot-flink-jobmanager,4.42,563.8
1790610803,rot-kafka,16.23,621.4
1790610803,rot-influxdb,0.06,101.2
1790610803,rot-prometheus,0.21,95.8
1790610803,rot-emqx,53.44,253.6
1790610803,rot-alertmanager,0.11,29.1
1790610803,rot-plant-simulator,1.04,46.1
1790610803,rot-cadvisor,0.45,46.0
1790610807,rot-ai-web-1,0.00,15.1
1790610807,rot-ai-knowledge-1,0.73,169.7
1790610807,rot-ai-alarm-worker-1,1.27,44.2
1790610807,rot-ai-work-db-1,2.91,51.3
1790610807,rot-ai-graph-1,1.31,797.7
1790610807,rot-edgex-app-mqtt-export,0.37,34.8
1790610807,rot-edgex-device-modbus,0.55,30.0
1790610807,rot-edgex-core-command,0.09,19.8
1790610807,rot-edgex-ui,0.00,6.2
1790610807,rot-edgex-core-data,0.29,25.5
1790610807,rot-edgex-core-metadata,0.00,23.6
1790610807,rot-edgex-common-config,0.00,1.0
1790610807,rot-edgex-core-keeper,1.20,26.1
1790610807,rot-flink-taskmanager,36.93,1443.8
1790610807,rot-telegraf-sink,1.56,99.3
1790610807,rot-alert-republisher,0.57,89.2
1790610807,rot-kafka-exporter,5.68,18.1
1790610807,rot-telegraf-bridge,0.60,92.5
1790610807,rot-fuxa,0.31,97.2
1790610807,rot-grafana,0.09,106.9
1790610807,rot-edgex-postgres,3.34,60.7
1790610807,rot-edgex-mqtt-broker,0.06,1.8
1790610807,rot-flink-jobmanager,6.59,554.4
1790610807,rot-kafka,116.47,611.3
1790610807,rot-influxdb,1.35,98.5
1790610807,rot-prometheus,2.32,96.9
1790610807,rot-emqx,3.12,248.2
1790610807,rot-alertmanager,0.15,27.1
1790610807,rot-plant-simulator,0.46,43.9
1790610807,rot-cadvisor,0.35,43.0
1790610810,rot-ai-web-1,0.00,15.0
1790610810,rot-ai-knowledge-1,0.20,168.8
1790610810,rot-ai-alarm-worker-1,1.18,44.8
1790610810,rot-ai-work-db-1,1.79,55.1
1790610810,rot-ai-graph-1,0.95,798.0
1790610810,rot-edgex-app-mqtt-export,0.10,34.1
1790610810,rot-edgex-device-modbus,0.41,29.4
1790610810,rot-edgex-core-command,0.00,19.7
1790610810,rot-edgex-ui,0.00,6.2
1790610810,rot-edgex-core-data,0.18,29.0
1790610810,rot-edgex-core-metadata,0.02,23.7
1790610810,rot-edgex-common-config,0.00,1.0
1790610810,rot-edgex-core-keeper,0.05,25.5
1790610810,rot-flink-taskmanager,13.40,1443.8
1790610810,rot-telegraf-sink,1.23,104.3
1790610810,rot-alert-republisher,0.32,89.2
1790610810,rot-kafka-exporter,0.05,17.6
1790610810,rot-telegraf-bridge,0.28,108.3
1790610810,rot-fuxa,0.32,97.2
1790610810,rot-grafana,0.07,106.3
1790610810,rot-edgex-postgres,0.12,61.2
1790610810,rot-edgex-mqtt-broker,0.05,2.0
1790610810,rot-flink-jobmanager,2.27,549.6
1790610810,rot-kafka,12.90,606.1
1790610810,rot-influxdb,2.84,106.6
1790610810,rot-prometheus,0.04,96.2
1790610810,rot-emqx,1.96,247.9
1790610810,rot-alertmanager,0.08,26.9
1790610810,rot-plant-simulator,0.62,43.8
1790610810,rot-cadvisor,0.25,42.5
1790610814,rot-ai-web-1,0.00,14.8
1790610814,rot-ai-knowledge-1,0.33,167.7
1790610814,rot-ai-alarm-worker-1,1.68,44.0
1790610814,rot-ai-work-db-1,2.66,57.2
1790610814,rot-ai-graph-1,188.99,973.7
1790610814,rot-edgex-app-mqtt-export,0.14,32.3
1790610814,rot-edgex-device-modbus,0.41,28.3
1790610814,rot-edgex-core-command,0.01,19.1
1790610814,rot-edgex-ui,0.00,6.2
1790610814,rot-edgex-core-data,0.25,27.9
1790610814,rot-edgex-core-metadata,0.02,23.1
1790610814,rot-edgex-common-config,0.00,1.0
1790610814,rot-edgex-core-keeper,0.00,24.5
1790610814,rot-flink-taskmanager,16.02,1414.1
1790610814,rot-telegraf-sink,1.54,103.5
1790610814,rot-alert-republisher,0.94,89.5
1790610814,rot-kafka-exporter,0.04,17.1
1790610814,rot-telegraf-bridge,0.73,110.2
1790610814,rot-fuxa,0.33,94.1
1790610814,rot-grafana,0.05,100.5
1790610814,rot-edgex-postgres,0.15,59.2
1790610814,rot-edgex-mqtt-broker,0.06,1.8
1790610814,rot-flink-jobmanager,1.54,546.8
1790610814,rot-kafka,44.29,619.6
1790610814,rot-influxdb,0.38,100.4
1790610814,rot-prometheus,0.00,92.7
1790610814,rot-emqx,31.06,246.9
1790610814,rot-alertmanager,2.34,40.7
1790610814,rot-plant-simulator,0.54,43.3
1790610814,rot-cadvisor,2.04,49.7
1790610818,rot-ai-web-1,0.00,14.9
1790610818,rot-ai-knowledge-1,0.69,168.4
1790610818,rot-ai-alarm-worker-1,1.49,44.0
1790610818,rot-ai-work-db-1,9.42,56.1
1790610818,rot-ai-graph-1,1.36,759.6
1790610818,rot-edgex-app-mqtt-export,0.95,32.4
1790610818,rot-edgex-device-modbus,0.65,28.1
1790610818,rot-edgex-core-command,0.00,19.0
1790610818,rot-edgex-ui,0.00,6.2
1790610818,rot-edgex-core-data,0.33,27.7
1790610818,rot-edgex-core-metadata,0.00,23.2
1790610818,rot-edgex-common-config,0.00,1.0
1790610818,rot-edgex-core-keeper,0.61,25.4
1790610818,rot-flink-taskmanager,13.93,1514.5
1790610818,rot-telegraf-sink,1.18,101.9
1790610818,rot-alert-republisher,0.46,86.2
1790610818,rot-kafka-exporter,6.88,20.3
1790610818,rot-telegraf-bridge,0.32,107.2
1790610818,rot-fuxa,0.29,92.7
1790610818,rot-grafana,0.15,98.8
1790610818,rot-edgex-postgres,0.34,60.1
1790610818,rot-edgex-mqtt-broker,0.09,2.0
1790610818,rot-flink-jobmanager,6.49,547.9
1790610818,rot-kafka,125.57,647.8
1790610818,rot-influxdb,0.13,108.3
1790610818,rot-prometheus,0.33,96.1
1790610818,rot-emqx,2.21,247.1
1790610818,rot-alertmanager,0.10,38.6
1790610818,rot-plant-simulator,0.72,43.6
1790610818,rot-cadvisor,0.00,49.9
1790610821,rot-ai-web-1,0.00,14.9
1790610821,rot-ai-knowledge-1,0.51,168.4
1790610821,rot-ai-alarm-worker-1,0.77,43.5
1790610821,rot-ai-work-db-1,1.59,55.5
1790610821,rot-ai-graph-1,1.00,759.6
1790610821,rot-edgex-app-mqtt-export,0.10,32.4
1790610821,rot-edgex-device-modbus,0.20,28.1
1790610821,rot-edgex-core-command,0.68,23.0
1790610821,rot-edgex-ui,1.42,6.9
1790610821,rot-edgex-core-data,0.19,27.6
1790610821,rot-edgex-core-metadata,0.04,22.9
1790610821,rot-edgex-common-config,0.00,1.0
1790610821,rot-edgex-core-keeper,0.07,28.4
1790610821,rot-flink-taskmanager,11.98,1522.7
1790610821,rot-telegraf-sink,0.52,102.6
1790610821,rot-alert-republisher,0.29,86.8
1790610821,rot-kafka-exporter,0.05,20.5
1790610821,rot-telegraf-bridge,0.27,107.0
1790610821,rot-fuxa,0.18,93.1
1790610821,rot-grafana,0.08,98.5
1790610821,rot-edgex-postgres,0.08,60.5
1790610821,rot-edgex-mqtt-broker,0.05,2.0
1790610821,rot-flink-jobmanager,6.72,536.5
1790610821,rot-kafka,5.60,605.0
1790610821,rot-influxdb,2.42,112.7
1790610821,rot-prometheus,0.19,96.8
1790610821,rot-emqx,2.72,247.0
1790610821,rot-alertmanager,0.06,38.1
1790610821,rot-plant-simulator,0.28,43.3
1790610821,rot-cadvisor,1.25,49.4
1790610825,rot-ai-web-1,0.00,14.8
1790610825,rot-ai-knowledge-1,2.09,168.3
1790610825,rot-ai-alarm-worker-1,1.38,42.9
1790610825,rot-ai-work-db-1,3.53,55.2
1790610825,rot-ai-graph-1,81.28,817.7
1790610825,rot-edgex-app-mqtt-export,0.46,39.2
1790610825,rot-edgex-device-modbus,0.95,28.2
1790610825,rot-edgex-core-command,0.02,22.0
1790610825,rot-edgex-ui,0.00,7.4
1790610825,rot-edgex-core-data,0.56,27.8
1790610825,rot-edgex-core-metadata,0.00,28.0
1790610825,rot-edgex-common-config,0.00,1.0
1790610825,rot-edgex-core-keeper,0.04,30.6
1790610825,rot-flink-taskmanager,17.85,1526.8
1790610825,rot-telegraf-sink,1.21,102.9
1790610825,rot-alert-republisher,0.96,93.9
1790610825,rot-kafka-exporter,0.15,20.9
1790610825,rot-telegraf-bridge,0.43,106.5
1790610825,rot-fuxa,1.50,99.5
1790610825,rot-grafana,0.11,98.4
1790610825,rot-edgex-postgres,0.28,62.4
1790610825,rot-edgex-mqtt-broker,0.10,2.0
1790610825,rot-flink-jobmanager,4.35,539.3
1790610825,rot-kafka,11.22,605.7
1790610825,rot-influxdb,0.06,112.7
1790610825,rot-prometheus,0.17,96.8
1790610825,rot-emqx,122.75,293.7
1790610825,rot-alertmanager,0.13,38.3
1790610825,rot-plant-simulator,1.06,46.0
1790610825,rot-cadvisor,0.44,49.5
1790610829,rot-ai-web-1,0.00,14.3
1790610829,rot-ai-knowledge-1,0.17,165.5
1790610829,rot-ai-alarm-worker-1,1.17,43.1
1790610829,rot-ai-work-db-1,9.00,59.0
1790610829,rot-ai-graph-1,13.23,750.4
1790610829,rot-edgex-app-mqtt-export,0.08,37.6
1790610829,rot-edgex-device-modbus,0.28,29.3
1790610829,rot-edgex-core-command,0.00,20.6
1790610829,rot-edgex-ui,0.00,7.3
1790610829,rot-edgex-core-data,0.16,26.6
1790610829,rot-edgex-core-metadata,0.03,25.3
1790610829,rot-edgex-common-config,0.00,1.0
1790610829,rot-edgex-core-keeper,0.02,28.4
1790610829,rot-flink-taskmanager,15.37,1536.0
1790610829,rot-telegraf-sink,1.27,94.4
1790610829,rot-alert-republisher,0.38,86.3
1790610829,rot-kafka-exporter,0.04,20.0
1790610829,rot-telegraf-bridge,0.20,96.7
1790610829,rot-fuxa,0.34,96.8
1790610829,rot-grafana,3.33,126.7
1790610829,rot-edgex-postgres,0.91,60.9
1790610829,rot-edgex-mqtt-broker,0.04,2.0
1790610829,rot-flink-jobmanager,1.33,536.6
1790610829,rot-kafka,7.84,600.8
1790610829,rot-influxdb,0.93,118.9
1790610829,rot-prometheus,0.89,96.3
1790610829,rot-emqx,2.53,241.5
1790610829,rot-alertmanager,0.08,35.0
1790610829,rot-plant-simulator,0.37,42.8
1790610829,rot-cadvisor,1.40,49.6
1790610832,rot-ai-web-1,0.00,14.3
1790610832,rot-ai-knowledge-1,0.17,165.5
1790610832,rot-ai-alarm-worker-1,2.06,42.8
1790610832,rot-ai-work-db-1,3.18,59.0
1790610832,rot-ai-graph-1,0.88,750.1
1790610832,rot-edgex-app-mqtt-export,0.27,37.5
1790610832,rot-edgex-device-modbus,0.36,29.6
1790610832,rot-edgex-core-command,0.03,20.9
1790610832,rot-edgex-ui,0.00,7.3
1790610832,rot-edgex-core-data,0.18,29.9
1790610832,rot-edgex-core-metadata,0.00,25.3
1790610832,rot-edgex-common-config,0.00,1.0
1790610832,rot-edgex-core-keeper,0.07,28.4
1790610832,rot-flink-taskmanager,10.02,1551.4
1790610832,rot-telegraf-sink,1.11,95.7
1790610832,rot-alert-republisher,4.19,134.7
1790610832,rot-kafka-exporter,0.04,20.0
1790610832,rot-telegraf-bridge,1.08,96.8
1790610832,rot-fuxa,0.22,99.1
1790610832,rot-grafana,0.03,135.2
1790610832,rot-edgex-postgres,2.67,61.5
1790610832,rot-edgex-mqtt-broker,0.05,1.8
1790610832,rot-flink-jobmanager,2.82,536.4
1790610832,rot-kafka,6.92,602.0
1790610832,rot-influxdb,0.44,120.6
1790610832,rot-prometheus,0.12,96.2
1790610832,rot-emqx,2.28,241.3
1790610832,rot-alertmanager,1.07,35.0
1790610832,rot-plant-simulator,6.30,45.0
1790610832,rot-cadvisor,0.30,49.1
1790610836,rot-ai-web-1,0.00,14.3
1790610836,rot-ai-knowledge-1,2.71,167.3
1790610836,rot-ai-alarm-worker-1,0.99,42.0
1790610836,rot-ai-work-db-1,1.83,58.0
1790610836,rot-ai-graph-1,1.17,749.6
1790610836,rot-edgex-app-mqtt-export,0.08,37.5
1790610836,rot-edgex-device-modbus,0.23,36.3
1790610836,rot-edgex-core-command,0.00,20.6
1790610836,rot-edgex-ui,0.00,7.3
1790610836,rot-edgex-core-data,0.09,29.7
1790610836,rot-edgex-core-metadata,0.09,25.5
1790610836,rot-edgex-common-config,0.00,1.0
1790610836,rot-edgex-core-keeper,0.27,28.7
1790610836,rot-flink-taskmanager,22.93,1546.2
1790610836,rot-telegraf-sink,0.99,106.9
1790610836,rot-alert-republisher,0.37,134.5
1790610836,rot-kafka-exporter,0.04,20.0
1790610836,rot-telegraf-bridge,0.73,104.1
1790610836,rot-fuxa,0.31,101.4
1790610836,rot-grafana,0.05,135.2
1790610836,rot-edgex-postgres,0.11,60.9
1790610836,rot-edgex-mqtt-broker,0.05,2.0
1790610836,rot-flink-jobmanager,6.25,538.0
1790610836,rot-kafka,6.18,603.8
1790610836,rot-influxdb,0.58,124.6
1790610836,rot-prometheus,0.14,96.6
1790610836,rot-emqx,86.86,290.3
1790610836,rot-alertmanager,0.07,35.0
1790610836,rot-plant-simulator,0.34,44.8
1790610836,rot-cadvisor,0.32,49.3
1790610839,rot-ai-web-1,0.00,13.7
1790610839,rot-ai-knowledge-1,0.26,163.5
1790610839,rot-ai-alarm-worker-1,1.30,39.8
1790610839,rot-ai-work-db-1,3.05,53.7
1790610839,rot-ai-graph-1,202.30,937.2
1790610839,rot-edgex-app-mqtt-export,0.20,34.8
1790610839,rot-edgex-device-modbus,0.55,32.7
1790610839,rot-edgex-core-command,0.03,18.7
1790610839,rot-edgex-ui,0.00,7.3
1790610839,rot-edgex-core-data,0.29,26.7
1790610839,rot-edgex-core-metadata,0.00,22.5
1790610839,rot-edgex-common-config,0.00,1.0
1790610839,rot-edgex-core-keeper,0.00,27.1
1790610839,rot-flink-taskmanager,22.79,1511.4
1790610839,rot-telegraf-sink,1.19,93.7
1790610839,rot-alert-republisher,0.55,113.5
1790610839,rot-kafka-exporter,0.07,19.5
1790610839,rot-telegraf-bridge,0.73,101.9
1790610839,rot-fuxa,1.09,96.8
1790610839,rot-grafana,0.04,119.7
1790610839,rot-edgex-postgres,0.10,57.0
1790610839,rot-edgex-mqtt-broker,0.07,1.8
1790610839,rot-flink-jobmanager,1.83,535.2
1790610839,rot-kafka,20.65,568.8
1790610839,rot-influxdb,0.09,113.7
1790610839,rot-prometheus,0.27,94.0
1790610839,rot-emqx,2.92,235.5
1790610839,rot-alertmanager,0.12,31.3
1790610839,rot-plant-simulator,0.75,42.4
1790610839,rot-cadvisor,0.47,46.6
1790610843,rot-ai-web-1,0.00,13.7
1790610843,rot-ai-knowledge-1,0.17,162.8
1790610843,rot-ai-alarm-worker-1,0.83,40.8
1790610843,rot-ai-work-db-1,5.86,54.2
1790610843,rot-ai-graph-1,0.84,748.8
1790610843,rot-edgex-app-mqtt-export,0.11,34.8
1790610843,rot-edgex-device-modbus,0.27,34.0
1790610843,rot-edgex-core-command,0.00,18.7
1790610843,rot-edgex-ui,0.00,7.3
1790610843,rot-edgex-core-data,0.13,27.0
1790610843,rot-edgex-core-metadata,0.02,22.4
1790610843,rot-edgex-common-config,0.00,1.0
1790610843,rot-edgex-core-keeper,0.00,27.1
1790610843,rot-flink-taskmanager,7.49,1510.4
1790610843,rot-telegraf-sink,5.51,117.8
1790610843,rot-alert-republisher,0.29,113.5
1790610843,rot-kafka-exporter,0.03,19.3
1790610843,rot-telegraf-bridge,0.20,121.3
1790610843,rot-fuxa,0.72,98.6
1790610843,rot-grafana,0.05,119.7
1790610843,rot-edgex-postgres,0.11,59.7
1790610843,rot-edgex-mqtt-broker,0.04,1.8
1790610843,rot-flink-jobmanager,1.76,536.6
1790610843,rot-kafka,4.91,574.0
1790610843,rot-influxdb,0.06,124.9
1790610843,rot-prometheus,0.00,98.6
1790610843,rot-emqx,2.25,235.8
1790610843,rot-alertmanager,0.08,31.3
1790610843,rot-plant-simulator,0.35,44.3
1790610843,rot-cadvisor,0.27,47.3
1790610847,rot-ai-web-1,3.18,13.9
1790610847,rot-ai-knowledge-1,0.57,164.1
1790610847,rot-ai-alarm-worker-1,1.93,39.8
1790610847,rot-ai-work-db-1,3.11,54.0
1790610847,rot-ai-graph-1,0.98,748.5
1790610847,rot-edgex-app-mqtt-export,0.67,35.3
1790610847,rot-edgex-device-modbus,0.72,34.0
1790610847,rot-edgex-core-command,0.08,18.7
1790610847,rot-edgex-ui,0.00,7.3
1790610847,rot-edgex-core-data,0.56,27.1
1790610847,rot-edgex-core-metadata,0.00,22.5
1790610847,rot-edgex-common-config,0.00,1.0
1790610847,rot-edgex-core-keeper,2.19,31.2
1790610847,rot-flink-taskmanager,35.48,1503.2
1790610847,rot-telegraf-sink,2.40,124.7
1790610847,rot-alert-republisher,0.41,112.8
1790610847,rot-kafka-exporter,8.04,21.1
1790610847,rot-telegraf-bridge,0.51,122.6
1790610847,rot-fuxa,0.34,98.0
1790610847,rot-grafana,0.08,119.7
1790610847,rot-edgex-postgres,2.93,59.8
1790610847,rot-edgex-mqtt-broker,0.12,2.0
1790610847,rot-flink-jobmanager,2.33,537.9
1790610847,rot-kafka,19.05,577.3
1790610847,rot-influxdb,0.56,125.6
1790610847,rot-prometheus,2.12,100.9
1790610847,rot-emqx,114.14,240.7
1790610847,rot-alertmanager,0.10,33.6
1790610847,rot-plant-simulator,0.53,44.5
1790610847,rot-cadvisor,0.24,47.2
1790610850,rot-ai-web-1,0.00,13.9
1790610850,rot-ai-knowledge-1,0.16,164.1
1790610850,rot-ai-alarm-worker-1,0.87,41.0
1790610850,rot-ai-work-db-1,1.17,53.9
1790610850,rot-ai-graph-1,70.61,830.4
1790610850,rot-edgex-app-mqtt-export,0.10,35.1
1790610850,rot-edgex-device-modbus,0.19,34.2
1790610850,rot-edgex-core-command,0.00,18.7
1790610850,rot-edgex-ui,0.00,7.3
1790610850,rot-edgex-core-data,0.11,27.3
1790610850,rot-edgex-core-metadata,0.00,22.5
1790610850,rot-edgex-common-config,0.00,1.0
1790610850,rot-edgex-core-keeper,0.02,30.2
1790610850,rot-flink-taskmanager,10.77,1497.1
1790610850,rot-telegraf-sink,0.89,124.7
1790610850,rot-alert-republisher,0.46,113.8
1790610850,rot-kafka-exporter,0.03,20.6
1790610850,rot-telegraf-bridge,0.17,122.1
1790610850,rot-fuxa,0.20,98.2
1790610850,rot-grafana,0.04,119.7
1790610850,rot-edgex-postgres,0.07,59.8
1790610850,rot-edgex-mqtt-broker,0.04,2.0
1790610850,rot-flink-jobmanager,1.76,537.0
1790610850,rot-kafka,4.91,576.4
1790610850,rot-influxdb,0.30,125.6
1790610850,rot-prometheus,0.01,106.1
1790610850,rot-emqx,1.77,240.8
1790610850,rot-alertmanager,0.08,33.6
1790610850,rot-plant-simulator,0.29,44.5
1790610850,rot-cadvisor,0.00,47.0
1790610854,rot-ai-web-1,0.00,13.8
1790610854,rot-ai-knowledge-1,1.36,163.9
1790610854,rot-ai-alarm-worker-1,1.98,39.3
1790610854,rot-ai-work-db-1,3.62,54.1
1790610854,rot-ai-graph-1,1.49,742.4
1790610854,rot-edgex-app-mqtt-export,0.31,34.3
1790610854,rot-edgex-device-modbus,1.12,32.8
1790610854,rot-edgex-core-command,0.00,18.1
1790610854,rot-edgex-ui,0.00,7.1
1790610854,rot-edgex-core-data,0.72,26.8
1790610854,rot-edgex-core-metadata,0.00,21.7
1790610854,rot-edgex-common-config,0.00,1.0
1790610854,rot-edgex-core-keeper,0.08,29.4
1790610854,rot-flink-taskmanager,34.25,1492.0
1790610854,rot-telegraf-sink,2.88,120.4
1790610854,rot-alert-republisher,0.78,108.3
1790610854,rot-kafka-exporter,0.21,20.1
1790610854,rot-telegraf-bridge,0.54,120.4
1790610854,rot-fuxa,0.68,101.0
1790610854,rot-grafana,0.23,115.5
1790610854,rot-edgex-postgres,0.35,58.6
1790610854,rot-edgex-mqtt-broker,0.13,1.8
1790610854,rot-flink-jobmanager,4.90,518.6
1790610854,rot-kafka,187.76,643.9
1790610854,rot-influxdb,0.08,120.8
1790610854,rot-prometheus,0.13,104.1
1790610854,rot-emqx,3.96,237.2
1790610854,rot-alertmanager,0.18,32.6
1790610854,rot-plant-simulator,1.26,44.5
1790610854,rot-cadvisor,0.47,48.0
1790610859,rot-ai-web-1,0.00,13.8
1790610859,rot-ai-knowledge-1,0.15,163.7
1790610859,rot-ai-alarm-worker-1,1.13,40.1
1790610859,rot-ai-work-db-1,5.42,54.7
1790610859,rot-ai-graph-1,0.90,742.4
1790610859,rot-edgex-app-mqtt-export,0.09,36.9
1790610859,rot-edgex-device-modbus,0.27,33.2
1790610859,rot-edgex-core-command,0.00,18.2
1790610859,rot-edgex-ui,0.00,7.3
1790610859,rot-edgex-core-data,0.14,26.9
1790610859,rot-edgex-core-metadata,0.05,21.8
1790610859,rot-edgex-common-config,0.00,1.0
1790610859,rot-edgex-core-keeper,0.01,29.3
1790610859,rot-flink-taskmanager,5.77,1490.9
1790610859,rot-telegraf-sink,1.19,120.2
1790610859,rot-alert-republisher,0.62,108.8
1790610859,rot-kafka-exporter,0.05,21.3
1790610859,rot-telegraf-bridge,0.29,121.5
1790610859,rot-fuxa,0.27,101.7
1790610859,rot-grafana,1.17,117.2
1790610859,rot-edgex-postgres,0.12,59.3
1790610859,rot-edgex-mqtt-broker,0.08,2.0
1790610859,rot-flink-jobmanager,1.06,519.7
1790610859,rot-kafka,14.15,577.5
1790610859,rot-influxdb,0.27,122.4
1790610859,rot-prometheus,1.33,106.8
1790610859,rot-emqx,49.26,237.8
1790610859,rot-alertmanager,0.05,32.8
1790610859,rot-plant-simulator,0.36,44.3
1790610859,rot-cadvisor,0.13,48.2
1790610862,rot-ai-web-1,0.00,13.8
1790610862,rot-ai-knowledge-1,0.16,163.7
1790610862,rot-ai-alarm-worker-1,2.47,40.1
1790610862,rot-ai-work-db-1,2.09,57.0
1790610862,rot-ai-graph-1,0.76,742.7
1790610862,rot-edgex-app-mqtt-export,0.23,37.1
1790610862,rot-edgex-device-modbus,0.31,33.0
1790610862,rot-edgex-core-command,0.02,18.2
1790610862,rot-edgex-ui,0.00,7.3
1790610862,rot-edgex-core-data,0.20,26.6
1790610862,rot-edgex-core-metadata,0.00,21.8
1790610862,rot-edgex-common-config,0.00,1.0
1790610862,rot-edgex-core-keeper,0.03,29.3
1790610862,rot-flink-taskmanager,6.81,1483.8
1790610862,rot-telegraf-sink,1.03,122.4
1790610862,rot-alert-republisher,0.49,108.6
1790610862,rot-kafka-exporter,0.05,20.9
1790610862,rot-telegraf-bridge,0.41,121.9
1790610862,rot-fuxa,0.33,101.2
1790610862,rot-grafana,0.03,116.3
1790610862,rot-edgex-postgres,0.16,59.9
1790610862,rot-edgex-mqtt-broker,0.10,2.3
1790610862,rot-flink-jobmanager,5.40,522.7
1790610862,rot-kafka,5.22,563.5
1790610862,rot-influxdb,0.25,126.0
1790610862,rot-prometheus,0.08,107.1
1790610862,rot-emqx,2.43,237.7
1790610862,rot-alertmanager,0.08,32.8
1790610862,rot-plant-simulator,0.43,44.5
1790610862,rot-cadvisor,0.12,48.6
1790610866,rot-ai-web-1,0.00,13.8
1790610866,rot-ai-knowledge-1,2.98,164.4
1790610866,rot-ai-alarm-worker-1,1.30,39.6
1790610866,rot-ai-work-db-1,2.21,54.0
1790610866,rot-ai-graph-1,39.41,742.9
1790610866,rot-edgex-app-mqtt-export,0.15,36.6
1790610866,rot-edgex-device-modbus,0.31,33.0
1790610866,rot-edgex-core-command,0.00,18.2
1790610866,rot-edgex-ui,0.00,7.3
1790610866,rot-edgex-core-data,0.13,26.6
1790610866,rot-edgex-core-metadata,0.21,21.8
1790610866,rot-edgex-common-config,0.00,1.0
1790610866,rot-edgex-core-keeper,0.16,29.8
1790610866,rot-flink-taskmanager,19.01,1483.8
1790610866,rot-telegraf-sink,1.43,122.5
1790610866,rot-alert-republisher,0.28,114.6
1790610866,rot-kafka-exporter,0.06,21.0
1790610866,rot-telegraf-bridge,0.43,122.7
1790610866,rot-fuxa,0.18,101.8
1790610866,rot-grafana,0.07,116.2
1790610866,rot-edgex-postgres,0.15,59.4
1790610866,rot-edgex-mqtt-broker,0.06,1.8
1790610866,rot-flink-jobmanager,6.21,524.3
1790610866,rot-kafka,44.06,596.2
1790610866,rot-influxdb,0.58,125.9
1790610866,rot-prometheus,0.09,107.1
1790610866,rot-emqx,2.49,237.1
1790610866,rot-alertmanager,0.10,32.8
1790610866,rot-plant-simulator,0.33,44.0
1790610866,rot-cadvisor,0.45,49.6
1790610870,rot-ai-web-1,0.00,13.8
1790610870,rot-ai-knowledge-1,0.50,163.8
1790610870,rot-ai-alarm-worker-1,1.04,39.6
1790610870,rot-ai-work-db-1,1.96,54.9
1790610870,rot-ai-graph-1,0.75,742.9
1790610870,rot-edgex-app-mqtt-export,0.14,36.8
1790610870,rot-edgex-device-modbus,0.32,33.0
1790610870,rot-edgex-core-command,0.00,18.2
1790610870,rot-edgex-ui,0.00,7.3
1790610870,rot-edgex-core-data,0.18,27.4
1790610870,rot-edgex-core-metadata,0.00,21.8
1790610870,rot-edgex-common-config,0.00,1.0
1790610870,rot-edgex-core-keeper,0.00,29.3
1790610870,rot-flink-taskmanager,5.24,1483.8
1790610870,rot-telegraf-sink,0.96,125.0
1790610870,rot-alert-republisher,0.29,115.4
1790610870,rot-kafka-exporter,0.04,21.8
1790610870,rot-telegraf-bridge,0.25,123.4
1790610870,rot-fuxa,0.21,102.4
1790610870,rot-grafana,0.05,116.2
1790610870,rot-edgex-postgres,0.09,59.2
1790610870,rot-edgex-mqtt-broker,0.07,1.8
1790610870,rot-flink-jobmanager,1.17,525.3
1790610870,rot-kafka,6.89,562.5
1790610870,rot-influxdb,0.04,125.8
1790610870,rot-prometheus,0.03,108.2
1790610870,rot-emqx,3.19,237.5
1790610870,rot-alertmanager,0.09,35.9
1790610870,rot-plant-simulator,0.40,44.3
1790610870,rot-cadvisor,0.15,49.9
1790610873,rot-ai-web-1,0.00,13.8
1790610873,rot-ai-knowledge-1,0.18,163.8
1790610873,rot-ai-alarm-worker-1,1.13,39.8
1790610873,rot-ai-work-db-1,6.68,59.1
1790610873,rot-ai-graph-1,0.86,742.9
1790610873,rot-edgex-app-mqtt-export,0.14,36.6
1790610873,rot-edgex-device-modbus,0.34,33.0
1790610873,rot-edgex-core-command,0.00,18.2
1790610873,rot-edgex-ui,0.00,7.3
1790610873,rot-edgex-core-data,0.55,28.0
1790610873,rot-edgex-core-metadata,0.02,21.8
1790610873,rot-edgex-common-config,0.00,1.0
1790610873,rot-edgex-core-keeper,0.02,29.2
1790610873,rot-flink-taskmanager,5.36,1492.0
1790610873,rot-telegraf-sink,1.20,125.0
1790610873,rot-alert-republisher,0.45,115.1
1790610873,rot-kafka-exporter,0.04,21.8
1790610873,rot-telegraf-bridge,0.23,123.4
1790610873,rot-fuxa,0.24,101.9
1790610873,rot-grafana,0.04,116.2
1790610873,rot-edgex-postgres,0.10,59.0
1790610873,rot-edgex-mqtt-broker,0.05,2.3
1790610873,rot-flink-jobmanager,1.43,525.9
1790610873,rot-kafka,7.08,565.4
1790610873,rot-influxdb,0.03,125.7
1790610873,rot-prometheus,0.16,108.2
1790610873,rot-emqx,3.88,237.2
1790610873,rot-alertmanager,0.10,35.9
1790610873,rot-plant-simulator,6.87,44.2
1790610873,rot-cadvisor,0.24,50.9
1790610877,rot-ai-web-1,3.03,14.1
1790610877,rot-ai-knowledge-1,3.21,164.1
1790610877,rot-ai-alarm-worker-1,1.90,40.3
1790610877,rot-ai-work-db-1,2.59,54.1
1790610877,rot-ai-graph-1,211.49,919.3
1790610877,rot-edgex-app-mqtt-export,0.31,36.6
1790610877,rot-edgex-device-modbus,0.76,32.5
1790610877,rot-edgex-core-command,0.10,18.3
1790610877,rot-edgex-ui,0.00,6.9
1790610877,rot-edgex-core-data,0.32,27.1
1790610877,rot-edgex-core-metadata,0.03,21.9
1790610877,rot-edgex-common-config,0.00,1.0
1790610877,rot-edgex-core-keeper,0.59,29.6
1790610877,rot-flink-taskmanager,18.68,1495.0
1790610877,rot-telegraf-sink,1.69,124.3
1790610877,rot-alert-republisher,0.54,115.4
1790610877,rot-kafka-exporter,7.46,22.8
1790610877,rot-telegraf-bridge,0.33,123.7
1790610877,rot-fuxa,0.68,101.9
1790610877,rot-grafana,0.06,116.1
1790610877,rot-edgex-postgres,0.39,59.9
1790610877,rot-edgex-mqtt-broker,0.08,1.8
1790610877,rot-flink-jobmanager,1.37,531.5
1790610877,rot-kafka,18.66,570.3
1790610877,rot-influxdb,0.56,126.4
1790610877,rot-prometheus,2.31,110.6
1790610877,rot-emqx,1.98,237.8
1790610877,rot-alertmanager,0.11,35.6
1790610877,rot-plant-simulator,0.73,44.0
1790610877,rot-cadvisor,0.24,53.5
1790610880,rot-ai-web-1,0.00,13.8
1790610880,rot-ai-knowledge-1,0.58,163.9
1790610880,rot-ai-alarm-worker-1,1.57,39.5
1790610880,rot-ai-work-db-1,1.67,54.7
1790610880,rot-ai-graph-1,0.80,741.1
1790610880,rot-edgex-app-mqtt-export,0.50,36.1
1790610880,rot-edgex-device-modbus,0.34,32.4
1790610880,rot-edgex-core-command,0.00,18.0
1790610880,rot-edgex-ui,0.00,7.3
1790610880,rot-edgex-core-data,0.17,26.9
1790610880,rot-edgex-core-metadata,0.04,21.8
1790610880,rot-edgex-common-config,0.00,1.0
1790610880,rot-edgex-core-keeper,0.09,29.1
1790610880,rot-flink-taskmanager,8.09,1473.5
1790610880,rot-telegraf-sink,0.96,128.0
1790610880,rot-alert-republisher,0.58,113.0
1790610880,rot-kafka-exporter,0.05,21.9
1790610880,rot-telegraf-bridge,0.32,122.8
1790610880,rot-fuxa,0.23,101.0
1790610880,rot-grafana,0.05,115.0
1790610880,rot-edgex-postgres,0.23,59.9
1790610880,rot-edgex-mqtt-broker,0.07,2.0
1790610880,rot-flink-jobmanager,1.84,531.8
1790610880,rot-kafka,6.78,560.7
1790610880,rot-influxdb,0.32,124.7
1790610880,rot-prometheus,0.01,110.0
1790610880,rot-emqx,1.80,236.9
1790610880,rot-alertmanager,0.09,35.5
1790610880,rot-plant-simulator,0.45,43.9
1790610880,rot-cadvisor,0.22,53.6
1790610884,rot-ai-web-1,0.00,13.8
1790610884,rot-ai-knowledge-1,0.53,164.6
1790610884,rot-ai-alarm-worker-1,1.02,40.2
1790610884,rot-ai-work-db-1,5.15,54.6
1790610884,rot-ai-graph-1,1.01,741.2
1790610884,rot-edgex-app-mqtt-export,0.11,36.3
1790610884,rot-edgex-device-modbus,0.38,32.4
1790610884,rot-edgex-core-command,0.01,18.0
1790610884,rot-edgex-ui,0.00,6.9
1790610884,rot-edgex-core-data,0.14,27.5
1790610884,rot-edgex-core-metadata,0.04,21.6
1790610884,rot-edgex-common-config,0.00,1.0
1790610884,rot-edgex-core-keeper,0.00,28.9
1790610884,rot-flink-taskmanager,5.08,1473.5
1790610884,rot-telegraf-sink,0.86,127.6
1790610884,rot-alert-republisher,0.45,112.8
1790610884,rot-kafka-exporter,0.36,22.4
1790610884,rot-telegraf-bridge,0.23,124.2
1790610884,rot-fuxa,0.17,101.3
1790610884,rot-grafana,0.04,115.0
1790610884,rot-edgex-postgres,0.08,59.7
1790610884,rot-edgex-mqtt-broker,0.05,2.5
1790610884,rot-flink-jobmanager,1.05,533.4
1790610884,rot-kafka,4.08,560.6
1790610884,rot-influxdb,0.29,125.0
1790610884,rot-prometheus,0.00,110.0
1790610884,rot-emqx,8.11,236.9
1790610884,rot-alertmanager,0.13,35.5
1790610884,rot-plant-simulator,0.51,44.8
1790610884,rot-cadvisor,0.23,54.0
1790610888,rot-ai-web-1,0.00,13.8
1790610888,rot-ai-knowledge-1,0.58,163.6
1790610888,rot-ai-alarm-worker-1,1.12,39.5
1790610888,rot-ai-work-db-1,2.10,54.1
1790610888,rot-ai-graph-1,20.90,782.5
1790610888,rot-edgex-app-mqtt-export,0.35,36.4
1790610888,rot-edgex-device-modbus,0.60,32.3
1790610888,rot-edgex-core-command,0.00,18.2
1790610888,rot-edgex-ui,0.00,6.8
1790610888,rot-edgex-core-data,0.22,27.0
1790610888,rot-edgex-core-metadata,0.00,21.5
1790610888,rot-edgex-common-config,0.00,1.0
1790610888,rot-edgex-core-keeper,0.38,28.8
1790610888,rot-flink-taskmanager,5.37,1498.1
1790610888,rot-telegraf-sink,0.68,127.0
1790610888,rot-alert-republisher,0.44,112.2
1790610888,rot-kafka-exporter,6.88,22.1
1790610888,rot-telegraf-bridge,0.24,122.5
1790610888,rot-fuxa,0.21,101.4
1790610888,rot-grafana,0.15,115.0
1790610888,rot-edgex-postgres,2.49,60.1
1790610888,rot-edgex-mqtt-broker,0.07,1.8
1790610888,rot-flink-jobmanager,4.78,535.7
1790610888,rot-kafka,18.22,569.4
1790610888,rot-influxdb,0.14,124.9
1790610888,rot-prometheus,0.23,110.0
1790610888,rot-emqx,2.18,235.6
1790610888,rot-alertmanager,0.10,35.3
1790610888,rot-plant-simulator,0.55,43.9
1790610888,rot-cadvisor,0.35,54.3
1790610891,rot-ai-web-1,0.00,13.6
1790610891,rot-ai-knowledge-1,0.51,162.7
1790610891,rot-ai-alarm-worker-1,0.75,38.9
1790610891,rot-ai-work-db-1,1.44,53.9
1790610891,rot-ai-graph-1,0.80,736.5
1790610891,rot-edgex-app-mqtt-export,0.12,34.0
1790610891,rot-edgex-device-modbus,0.39,31.7
1790610891,rot-edgex-core-command,0.04,17.3
1790610891,rot-edgex-ui,0.00,6.8
1790610891,rot-edgex-core-data,0.25,25.8
1790610891,rot-edgex-core-metadata,0.04,22.9
1790610891,rot-edgex-common-config,0.00,1.0
1790610891,rot-edgex-core-keeper,0.09,27.2
1790610891,rot-flink-taskmanager,9.04,1475.6
1790610891,rot-telegraf-sink,0.96,121.0
1790610891,rot-alert-republisher,0.34,105.2
1790610891,rot-kafka-exporter,0.04,21.4
1790610891,rot-telegraf-bridge,0.25,116.4
1790610891,rot-fuxa,0.22,98.3
1790610891,rot-grafana,0.06,123.2
1790610891,rot-edgex-postgres,0.10,59.1
1790610891,rot-edgex-mqtt-broker,0.06,2.3
1790610891,rot-flink-jobmanager,4.00,532.8
1790610891,rot-kafka,73.68,542.4
1790610891,rot-influxdb,2.21,122.5
1790610891,rot-prometheus,0.30,107.2
1790610891,rot-emqx,26.35,232.6
1790610891,rot-alertmanager,0.10,33.9
1790610891,rot-plant-simulator,0.46,42.1
1790610891,rot-cadvisor,0.86,52.1
1790610895,rot-ai-web-1,0.00,13.6
1790610895,rot-ai-knowledge-1,0.50,163.2
1790610895,rot-ai-alarm-worker-1,0.90,39.4
1790610895,rot-ai-work-db-1,1.75,54.3
1790610895,rot-ai-graph-1,1.00,736.5
1790610895,rot-edgex-app-mqtt-export,0.11,34.0
1790610895,rot-edgex-device-modbus,0.27,31.7
1790610895,rot-edgex-core-command,0.00,17.3
1790610895,rot-edgex-ui,0.00,6.8
1790610895,rot-edgex-core-data,0.13,25.8
1790610895,rot-edgex-core-metadata,0.00,22.9
1790610895,rot-edgex-common-config,0.00,1.0
1790610895,rot-edgex-core-keeper,0.02,27.2
1790610895,rot-flink-taskmanager,17.46,1479.7
1790610895,rot-telegraf-sink,0.82,121.0
1790610895,rot-alert-republisher,0.27,106.0
1790610895,rot-kafka-exporter,0.04,21.4
1790610895,rot-telegraf-bridge,0.28,117.3
1790610895,rot-fuxa,0.23,98.8
1790610895,rot-grafana,0.05,123.2
1790610895,rot-edgex-postgres,0.09,59.5
1790610895,rot-edgex-mqtt-broker,0.06,2.0
1790610895,rot-flink-jobmanager,4.34,533.7
1790610895,rot-kafka,7.70,540.8
1790610895,rot-influxdb,0.03,122.5
1790610895,rot-prometheus,0.09,106.5
1790610895,rot-emqx,2.14,232.9
1790610895,rot-alertmanager,0.09,33.9
1790610895,rot-plant-simulator,0.34,42.9
1790610895,rot-cadvisor,0.38,53.7
1790610899,rot-ai-web-1,0.00,13.6
1790610899,rot-ai-knowledge-1,0.18,162.7
1790610899,rot-ai-alarm-worker-1,1.56,39.1
1790610899,rot-ai-work-db-1,2.25,54.4
1790610899,rot-ai-graph-1,0.72,736.5
1790610899,rot-edgex-app-mqtt-export,0.18,34.0
1790610899,rot-edgex-device-modbus,0.30,31.7
1790610899,rot-edgex-core-command,0.00,17.3
1790610899,rot-edgex-ui,0.00,6.8
1790610899,rot-edgex-core-data,0.26,25.8
1790610899,rot-edgex-core-metadata,0.01,22.9
1790610899,rot-edgex-common-config,0.00,1.0
1790610899,rot-edgex-core-keeper,0.01,27.5
1790610899,rot-flink-taskmanager,4.97,1594.4
1790610899,rot-telegraf-sink,0.99,122.0
1790610899,rot-alert-republisher,0.35,105.9
1790610899,rot-kafka-exporter,0.02,22.2
1790610899,rot-telegraf-bridge,0.23,118.1
1790610899,rot-fuxa,0.17,99.3
1790610899,rot-grafana,0.04,123.2
1790610899,rot-edgex-postgres,1.95,59.7
1790610899,rot-edgex-mqtt-broker,0.05,2.2
1790610899,rot-flink-jobmanager,4.13,532.9
1790610899,rot-kafka,5.03,547.5
1790610899,rot-influxdb,0.47,124.0
1790610899,rot-prometheus,5.35,115.7
1790610899,rot-emqx,2.59,232.9
1790610899,rot-alertmanager,0.09,33.9
1790610899,rot-plant-simulator,0.33,43.1
1790610899,rot-cadvisor,0.22,54.0
1790610902,rot-ai-web-1,0.00,13.3
1790610902,rot-ai-knowledge-1,0.85,160.1
1790610902,rot-ai-alarm-worker-1,1.50,38.8
1790610902,rot-ai-work-db-1,3.82,52.8
1790610902,rot-ai-graph-1,130.82,733.6
1790610902,rot-edgex-app-mqtt-export,0.40,30.9
1790610902,rot-edgex-device-modbus,0.62,29.1
1790610902,rot-edgex-core-command,0.00,16.1
1790610902,rot-edgex-ui,0.00,6.7
1790610902,rot-edgex-core-data,0.21,23.5
1790610902,rot-edgex-core-metadata,0.00,21.0
1790610902,rot-edgex-common-config,0.00,1.0
1790610902,rot-edgex-core-keeper,0.10,24.9
1790610902,rot-flink-taskmanager,9.15,1570.8
1790610902,rot-telegraf-sink,1.39,109.8
1790610902,rot-alert-republisher,0.56,93.9
1790610902,rot-kafka-exporter,0.05,20.9
1790610902,rot-telegraf-bridge,0.43,107.8
1790610902,rot-fuxa,0.43,94.5
1790610902,rot-grafana,0.06,112.9
1790610902,rot-edgex-postgres,0.17,56.6
1790610902,rot-edgex-mqtt-broker,0.09,2.0
1790610902,rot-flink-jobmanager,3.07,527.6
1790610902,rot-kafka,151.72,571.4
1790610902,rot-influxdb,0.61,117.9
1790610902,rot-prometheus,0.17,108.5
1790610902,rot-emqx,97.92,229.7
1790610902,rot-alertmanager,0.14,31.2
1790610902,rot-plant-simulator,0.67,40.3
1790610902,rot-cadvisor,0.16,51.0
1790610906,rot-ai-web-1,0.00,13.3
1790610906,rot-ai-knowledge-1,0.53,160.4
1790610906,rot-ai-alarm-worker-1,0.91,39.1
1790610906,rot-ai-work-db-1,1.78,52.5
1790610906,rot-ai-graph-1,0.82,732.8
1790610906,rot-edgex-app-mqtt-export,0.14,32.5
1790610906,rot-edgex-device-modbus,0.34,29.1
1790610906,rot-edgex-core-command,0.00,16.1
1790610906,rot-edgex-ui,0.00,6.7
1790610906,rot-edgex-core-data,0.16,23.8
1790610906,rot-edgex-core-metadata,0.10,21.5
1790610906,rot-edgex-common-config,0.00,1.0
1790610906,rot-edgex-core-keeper,0.27,25.7
1790610906,rot-flink-taskmanager,15.03,1577.0
1790610906,rot-telegraf-sink,1.50,109.9
1790610906,rot-alert-republisher,0.31,93.0
1790610906,rot-kafka-exporter,0.05,20.9
1790610906,rot-telegraf-bridge,0.34,134.3
1790610906,rot-fuxa,0.29,95.0
1790610906,rot-grafana,0.08,112.9
1790610906,rot-edgex-postgres,0.17,57.6
1790610906,rot-edgex-mqtt-broker,0.06,1.8
1790610906,rot-flink-jobmanager,5.61,530.3
1790610906,rot-kafka,6.89,522.3
1790610906,rot-influxdb,0.57,118.7
1790610906,rot-prometheus,0.09,109.8
1790610906,rot-emqx,2.76,229.4
1790610906,rot-alertmanager,0.09,31.2
1790610906,rot-plant-simulator,0.40,42.6
1790610906,rot-cadvisor,0.30,51.5
1790610909,rot-ai-web-1,0.00,13.4
1790610909,rot-ai-knowledge-1,0.59,163.6
1790610909,rot-ai-alarm-worker-1,0.74,38.4
1790610909,rot-ai-work-db-1,4.91,52.8
1790610909,rot-ai-graph-1,0.66,732.8
1790610909,rot-edgex-app-mqtt-export,0.12,32.8
1790610909,rot-edgex-device-modbus,0.27,28.9
1790610909,rot-edgex-core-command,0.03,16.3
1790610909,rot-edgex-ui,0.00,6.7
1790610909,rot-edgex-core-data,0.14,23.8
1790610909,rot-edgex-core-metadata,0.00,21.0
1790610909,rot-edgex-common-config,0.00,1.0
1790610909,rot-edgex-core-keeper,0.00,24.9
1790610909,rot-flink-taskmanager,3.70,1663.0
1790610909,rot-telegraf-sink,0.69,109.6
1790610909,rot-alert-republisher,0.35,93.8
1790610909,rot-kafka-exporter,0.05,19.8
1790610909,rot-telegraf-bridge,0.28,134.5
1790610909,rot-fuxa,0.20,95.5
1790610909,rot-grafana,0.06,112.9
1790610909,rot-edgex-postgres,0.11,57.9
1790610909,rot-edgex-mqtt-broker,0.03,2.0
1790610909,rot-flink-jobmanager,1.06,529.8
1790610909,rot-kafka,4.27,521.9
1790610909,rot-influxdb,0.03,118.8
1790610909,rot-prometheus,0.03,119.2
1790610909,rot-emqx,2.54,229.9
1790610909,rot-alertmanager,0.06,31.2
1790610909,rot-plant-simulator,0.38,42.9
1790610909,rot-cadvisor,0.16,51.4
1790610913,rot-ai-web-1,0.00,13.4
1790610913,rot-ai-knowledge-1,0.15,163.6
1790610913,rot-ai-alarm-worker-1,1.20,38.1
1790610913,rot-ai-work-db-1,2.41,52.5
1790610913,rot-ai-graph-1,64.71,811.9
1790610913,rot-edgex-app-mqtt-export,0.11,34.7
1790610913,rot-edgex-device-modbus,0.37,28.7
1790610913,rot-edgex-core-command,0.00,16.0
1790610913,rot-edgex-ui,0.00,6.7
1790610913,rot-edgex-core-data,0.56,25.6
1790610913,rot-edgex-core-metadata,0.03,20.9
1790610913,rot-edgex-common-config,0.00,1.0
1790610913,rot-edgex-core-keeper,0.04,24.9
1790610913,rot-flink-taskmanager,5.91,1651.7
1790610913,rot-telegraf-sink,1.63,108.9
1790610913,rot-alert-republisher,0.40,92.7
1790610913,rot-kafka-exporter,0.07,19.8
1790610913,rot-telegraf-bridge,0.23,133.4
1790610913,rot-fuxa,0.26,94.0
1790610913,rot-grafana,0.05,112.3
1790610913,rot-edgex-postgres,2.73,57.8
1790610913,rot-edgex-mqtt-broker,0.08,1.8
1790610913,rot-flink-jobmanager,3.44,532.0
1790610913,rot-kafka,30.64,523.0
1790610913,rot-influxdb,0.06,118.3
1790610913,rot-prometheus,0.17,118.9
1790610913,rot-emqx,63.95,228.3
1790610913,rot-alertmanager,0.08,31.0
1790610913,rot-plant-simulator,7.19,42.9
1790610913,rot-cadvisor,0.33,53.2
1790610917,rot-ai-web-1,1.83,13.3
1790610917,rot-ai-knowledge-1,3.14,163.6
1790610917,rot-ai-alarm-worker-1,1.97,38.3
1790610917,rot-ai-work-db-1,2.91,52.4
1790610917,rot-ai-graph-1,0.77,734.3
1790610917,rot-edgex-app-mqtt-export,0.21,34.2
1790610917,rot-edgex-device-modbus,0.29,28.6
1790610917,rot-edgex-core-command,0.07,15.8
1790610917,rot-edgex-ui,0.00,6.7
1790610917,rot-edgex-core-data,0.16,27.6
1790610917,rot-edgex-core-metadata,0.00,20.5
1790610917,rot-edgex-common-config,0.00,1.0
1790610917,rot-edgex-core-keeper,0.86,25.3
1790610917,rot-flink-taskmanager,19.63,1640.4
1790610917,rot-telegraf-sink,0.76,107.5
1790610917,rot-alert-republisher,0.40,90.5
1790610917,rot-kafka-exporter,5.57,21.3
1790610917,rot-telegraf-bridge,0.27,130.6
1790610917,rot-fuxa,0.17,93.3
1790610917,rot-grafana,0.05,110.4
1790610917,rot-edgex-postgres,0.25,57.7
1790610917,rot-edgex-mqtt-broker,0.05,2.0
1790610917,rot-flink-jobmanager,1.14,529.9
1790610917,rot-kafka,13.76,516.9
1790610917,rot-influxdb,0.14,116.9
1790610917,rot-prometheus,1.87,118.1
1790610917,rot-emqx,3.15,225.2
1790610917,rot-alertmanager,0.10,30.5
1790610917,rot-plant-simulator,0.32,42.1
1790610917,rot-cadvisor,0.26,52.5
1790610921,rot-ai-web-1,0.00,13.4
1790610921,rot-ai-knowledge-1,0.14,163.6
1790610921,rot-ai-alarm-worker-1,0.93,38.3
1790610921,rot-ai-work-db-1,1.32,52.2
1790610921,rot-ai-graph-1,0.75,734.3
1790610921,rot-edgex-app-mqtt-export,0.15,34.2
1790610921,rot-edgex-device-modbus,0.36,28.2
1790610921,rot-edgex-core-command,0.00,15.8
1790610921,rot-edgex-ui,0.00,6.7
1790610921,rot-edgex-core-data,0.13,27.6
1790610921,rot-edgex-core-metadata,0.03,20.5
1790610921,rot-edgex-common-config,0.00,1.0
1790610921,rot-edgex-core-keeper,0.04,24.8
1790610921,rot-flink-taskmanager,5.17,1642.5
1790610921,rot-telegraf-sink,0.73,107.5
1790610921,rot-alert-republisher,0.62,91.0
1790610921,rot-kafka-exporter,0.02,20.9
1790610921,rot-telegraf-bridge,0.24,130.4
1790610921,rot-fuxa,0.28,93.8
1790610921,rot-grafana,0.04,110.7
1790610921,rot-edgex-postgres,0.06,58.0
1790610921,rot-edgex-mqtt-broker,0.03,1.8
1790610921,rot-flink-jobmanager,1.06,529.7
1790610921,rot-kafka,6.01,518.0
1790610921,rot-influxdb,0.26,119.6
1790610921,rot-prometheus,1.45,118.1
1790610921,rot-emqx,2.55,226.2
1790610921,rot-alertmanager,0.06,30.5
1790610921,rot-plant-simulator,0.31,41.9
1790610921,rot-cadvisor,2.64,55.8
1790610924,rot-ai-web-1,0.00,13.4
1790610924,rot-ai-knowledge-1,0.17,163.6
1790610924,rot-ai-alarm-worker-1,0.07,37.6
1790610924,rot-ai-work-db-1,6.31,52.6
1790610924,rot-ai-graph-1,82.75,817.0
1790610924,rot-edgex-app-mqtt-export,0.19,34.2
1790610924,rot-edgex-device-modbus,0.45,28.5
1790610924,rot-edgex-core-command,0.01,15.8
1790610924,rot-edgex-ui,0.00,6.7
1790610924,rot-edgex-core-data,0.24,27.3
1790610924,rot-edgex-core-metadata,0.00,20.5
1790610924,rot-edgex-common-config,0.01,1.0
1790610924,rot-edgex-core-keeper,0.00,24.5
1790610924,rot-flink-taskmanager,4.40,1642.5
1790610924,rot-telegraf-sink,1.32,107.5
1790610924,rot-alert-republisher,0.35,90.5
1790610924,rot-kafka-exporter,0.04,20.9
1790610924,rot-telegraf-bridge,0.24,130.5
1790610924,rot-fuxa,0.18,93.6
1790610924,rot-grafana,0.08,110.4
1790610924,rot-edgex-postgres,0.11,58.0
1790610924,rot-edgex-mqtt-broker,0.06,2.3
1790610924,rot-flink-jobmanager,2.44,530.3
1790610924,rot-kafka,5.16,526.8
1790610924,rot-influxdb,0.27,119.7
1790610924,rot-prometheus,0.02,117.4
1790610924,rot-emqx,24.80,226.4
1790610924,rot-alertmanager,0.10,30.5
1790610924,rot-plant-simulator,0.43,42.6
1790610924,rot-cadvisor,0.29,54.6
1790610928,rot-ai-web-1,0.00,13.6
1790610928,rot-ai-knowledge-1,0.60,165.0
1790610928,rot-ai-alarm-worker-1,1.32,38.4
1790610928,rot-ai-work-db-1,2.99,51.7
1790610928,rot-ai-graph-1,0.92,734.5
1790610928,rot-edgex-app-mqtt-export,0.50,33.8
1790610928,rot-edgex-device-modbus,0.57,28.2
1790610928,rot-edgex-core-command,0.00,15.7
1790610928,rot-edgex-ui,0.00,6.7
1790610928,rot-edgex-core-data,0.19,27.1
1790610928,rot-edgex-core-metadata,0.00,20.4
1790610928,rot-edgex-common-config,0.00,1.0
1790610928,rot-edgex-core-keeper,0.55,24.3
1790610928,rot-flink-taskmanager,6.17,1634.3
1790610928,rot-telegraf-sink,1.06,106.4
1790610928,rot-alert-republisher,0.42,89.3
1790610928,rot-kafka-exporter,0.07,20.7
1790610928,rot-telegraf-bridge,0.40,129.4
1790610928,rot-fuxa,0.41,93.0
1790610928,rot-grafana,0.15,109.3
1790610928,rot-edgex-postgres,0.31,57.5
1790610928,rot-edgex-mqtt-broker,0.07,2.0
1790610928,rot-flink-jobmanager,4.30,533.6
1790610928,rot-kafka,163.96,606.0
1790610928,rot-influxdb,0.04,118.5
1790610928,rot-prometheus,0.36,120.1
1790610928,rot-emqx,2.29,225.2
1790610928,rot-alertmanager,0.08,30.3
1790610928,rot-plant-simulator,0.61,42.0
1790610928,rot-cadvisor,0.07,54.4
1790610931,rot-ai-web-1,0.00,13.4
1790610931,rot-ai-knowledge-1,0.76,165.3
1790610931,rot-ai-alarm-worker-1,0.79,38.1
1790610931,rot-ai-work-db-1,2.00,51.9
1790610931,rot-ai-graph-1,0.71,734.3
1790610931,rot-edgex-app-mqtt-export,0.37,33.8
1790610931,rot-edgex-device-modbus,0.29,28.0
1790610931,rot-edgex-core-command,0.07,15.9
1790610931,rot-edgex-ui,0.00,6.7
1790610931,rot-edgex-core-data,0.18,27.0
1790610931,rot-edgex-core-metadata,0.04,20.3
1790610931,rot-edgex-common-config,0.01,1.0
1790610931,rot-edgex-core-keeper,0.08,24.3
1790610931,rot-flink-taskmanager,7.47,1630.2
1790610931,rot-telegraf-sink,0.78,106.1
1790610931,rot-alert-republisher,0.32,89.4
1790610931,rot-kafka-exporter,0.03,20.5
1790610931,rot-telegraf-bridge,0.19,129.6
1790610931,rot-fuxa,0.41,92.5
1790610931,rot-grafana,0.07,110.4
1790610931,rot-edgex-postgres,0.08,57.7
1790610931,rot-edgex-mqtt-broker,0.05,2.0
1790610931,rot-flink-jobmanager,4.22,536.7
1790610931,rot-kafka,3.45,527.3
1790610931,rot-influxdb,2.35,119.4
1790610931,rot-prometheus,0.32,120.5
1790610931,rot-emqx,2.59,224.5
1790610931,rot-alertmanager,0.07,30.3
1790610931,rot-plant-simulator,0.35,41.7
1790610931,rot-cadvisor,1.36,54.6
1790610935,rot-ai-web-1,0.00,13.4
1790610935,rot-ai-knowledge-1,0.29,164.5
1790610935,rot-ai-alarm-worker-1,2.53,38.1
1790610935,rot-ai-work-db-1,2.42,54.8
1790610935,rot-ai-graph-1,1.22,734.3
1790610935,rot-edgex-app-mqtt-export,0.20,33.5
1790610935,rot-edgex-device-modbus,0.45,28.0
1790610935,rot-edgex-core-command,0.00,15.7
1790610935,rot-edgex-ui,0.00,6.7
1790610935,rot-edgex-core-data,0.44,28.0
1790610935,rot-edgex-core-metadata,0.00,20.3
1790610935,rot-edgex-common-config,0.00,1.0
1790610935,rot-edgex-core-keeper,0.07,24.3
1790610935,rot-flink-taskmanager,11.22,1623.0
1790610935,rot-telegraf-sink,1.20,105.4
1790610935,rot-alert-republisher,0.54,89.5
1790610935,rot-kafka-exporter,0.06,20.5
1790610935,rot-telegraf-bridge,0.34,130.5
1790610935,rot-fuxa,0.34,92.8
1790610935,rot-grafana,0.06,110.4
1790610935,rot-edgex-postgres,0.12,58.0
1790610935,rot-edgex-mqtt-broker,0.10,1.8
1790610935,rot-flink-jobmanager,2.65,538.4
1790610935,rot-kafka,6.25,527.1
1790610935,rot-influxdb,0.05,118.4
1790610935,rot-prometheus,0.42,119.7
1790610935,rot-emqx,51.84,225.2
1790610935,rot-alertmanager,0.99,29.6
1790610935,rot-plant-simulator,0.60,42.3
1790610935,rot-cadvisor,7.40,55.0
1790610939,rot-ai-web-1,0.00,13.4
1790610939,rot-ai-knowledge-1,0.75,164.2
1790610939,rot-ai-alarm-worker-1,2.25,38.8
1790610939,rot-ai-work-db-1,3.24,52.4
1790610939,rot-ai-graph-1,159.25,736.8
1790610939,rot-edgex-app-mqtt-export,0.27,33.3
1790610939,rot-edgex-device-modbus,0.41,27.9
1790610939,rot-edgex-core-command,0.00,15.6
1790610939,rot-edgex-ui,0.00,6.7
1790610939,rot-edgex-core-data,0.29,27.0
1790610939,rot-edgex-core-metadata,0.03,20.2
1790610939,rot-edgex-common-config,0.00,1.0
1790610939,rot-edgex-core-keeper,0.03,24.2
1790610939,rot-flink-taskmanager,6.60,1609.7
1790610939,rot-telegraf-sink,1.16,104.9
1790610939,rot-alert-republisher,0.33,88.2
1790610939,rot-kafka-exporter,0.06,19.7
1790610939,rot-telegraf-bridge,0.35,128.8
1790610939,rot-fuxa,0.21,92.5
1790610939,rot-grafana,0.09,109.2
1790610939,rot-edgex-postgres,2.97,57.7
1790610939,rot-edgex-mqtt-broker,0.07,1.8
1790610939,rot-flink-jobmanager,4.70,548.3
1790610939,rot-kafka,57.56,557.1
1790610939,rot-influxdb,0.45,117.3
1790610939,rot-prometheus,0.67,119.0
1790610939,rot-emqx,3.03,223.3
1790610939,rot-alertmanager,0.10,29.5
1790610939,rot-plant-simulator,0.64,42.4
1790610939,rot-cadvisor,0.15,54.6
1790610942,rot-ai-web-1,0.00,13.3
1790610942,rot-ai-knowledge-1,0.56,164.2
1790610942,rot-ai-alarm-worker-1,1.01,38.5
1790610942,rot-ai-work-db-1,1.93,52.3
1790610942,rot-ai-graph-1,0.86,735.5
1790610942,rot-edgex-app-mqtt-export,0.24,33.6
1790610942,rot-edgex-device-modbus,0.23,27.8
1790610942,rot-edgex-core-command,0.02,15.6
1790610942,rot-edgex-ui,0.25,7.0
1790610942,rot-edgex-core-data,0.23,27.0
1790610942,rot-edgex-core-metadata,0.00,20.1
1790610942,rot-edgex-common-config,0.00,1.0
1790610942,rot-edgex-core-keeper,0.07,24.3
1790610942,rot-flink-taskmanager,4.80,1608.7
1790610942,rot-telegraf-sink,1.11,105.2
1790610942,rot-alert-republisher,0.44,96.4
1790610942,rot-kafka-exporter,0.04,19.6
1790610942,rot-telegraf-bridge,0.36,129.4
1790610942,rot-fuxa,0.21,91.6
1790610942,rot-grafana,0.08,109.2
1790610942,rot-edgex-postgres,0.18,57.9
1790610942,rot-edgex-mqtt-broker,0.05,2.0
1790610942,rot-flink-jobmanager,1.78,550.0
1790610942,rot-kafka,4.34,524.8
1790610942,rot-influxdb,2.60,117.4
1790610942,rot-prometheus,0.15,118.8
1790610942,rot-emqx,2.54,223.8
1790610942,rot-alertmanager,0.07,29.3
1790610942,rot-plant-simulator,0.46,41.9
1790610942,rot-cadvisor,0.11,52.6
1790610946,rot-ai-web-1,0.00,13.3
1790610946,rot-ai-knowledge-1,0.64,164.6
1790610946,rot-ai-alarm-worker-1,0.80,37.5
1790610946,rot-ai-work-db-1,2.59,51.9
1790610946,rot-ai-graph-1,0.85,735.5
1790610946,rot-edgex-app-mqtt-export,0.14,33.1
1790610946,rot-edgex-device-modbus,0.41,27.8
1790610946,rot-edgex-core-command,0.00,18.2
1790610946,rot-edgex-ui,0.00,6.8
1790610946,rot-edgex-core-data,0.20,26.8
1790610946,rot-edgex-core-metadata,0.46,20.2
1790610946,rot-edgex-common-config,0.00,1.0
1790610946,rot-edgex-core-keeper,0.30,24.1
1790610946,rot-flink-taskmanager,23.31,1632.3
1790610946,rot-telegraf-sink,1.04,105.2
1790610946,rot-alert-republisher,0.34,95.8
1790610946,rot-kafka-exporter,0.06,19.6
1790610946,rot-telegraf-bridge,0.30,130.7
1790610946,rot-fuxa,0.24,92.4
1790610946,rot-grafana,0.09,109.2
1790610946,rot-edgex-postgres,0.20,57.4
1790610946,rot-edgex-mqtt-broker,0.06,1.8
1790610946,rot-flink-jobmanager,8.12,553.7
1790610946,rot-kafka,9.42,529.4
1790610946,rot-influxdb,0.76,118.4
1790610946,rot-prometheus,0.14,119.0
1790610946,rot-emqx,85.07,224.6
1790610946,rot-alertmanager,0.11,29.3
1790610946,rot-plant-simulator,0.47,42.1
1790610946,rot-cadvisor,0.58,53.4
1790610950,rot-ai-web-1,0.00,13.3
1790610950,rot-ai-knowledge-1,0.20,164.3
1790610950,rot-ai-alarm-worker-1,1.47,36.8
1790610950,rot-ai-work-db-1,10.89,51.4
1790610950,rot-ai-graph-1,213.10,906.2
1790610950,rot-edgex-app-mqtt-export,0.29,31.2
1790610950,rot-edgex-device-modbus,0.65,26.2
1790610950,rot-edgex-core-command,0.00,16.9
1790610950,rot-edgex-ui,0.00,6.8
1790610950,rot-edgex-core-data,0.61,25.5
1790610950,rot-edgex-core-metadata,0.00,19.1
1790610950,rot-edgex-common-config,0.00,0.9
1790610950,rot-edgex-core-keeper,0.00,25.9
1790610950,rot-flink-taskmanager,7.58,1578.0
1790610950,rot-telegraf-sink,1.70,103.2
1790610950,rot-alert-republisher,0.50,88.2
1790610950,rot-kafka-exporter,0.09,18.9
1790610950,rot-telegraf-bridge,0.33,124.9
1790610950,rot-fuxa,0.24,90.7
1790610950,rot-grafana,0.21,106.6
1790610950,rot-edgex-postgres,0.11,56.5
1790610950,rot-edgex-mqtt-broker,0.09,1.8
1790610950,rot-flink-jobmanager,3.63,553.4
1790610950,rot-kafka,26.56,511.6
1790610950,rot-influxdb,0.93,112.2
1790610950,rot-prometheus,0.14,116.9
1790610950,rot-emqx,1.98,218.1
1790610950,rot-alertmanager,0.15,27.9
1790610950,rot-plant-simulator,0.70,40.0
1790610950,rot-cadvisor,0.28,51.4
1790610954,rot-ai-web-1,0.00,13.2
1790610954,rot-ai-knowledge-1,0.53,163.0
1790610954,rot-ai-alarm-worker-1,1.22,37.0
1790610954,rot-ai-work-db-1,2.40,50.9
1790610954,rot-ai-graph-1,0.89,728.3
1790610954,rot-edgex-app-mqtt-export,0.10,31.2
1790610954,rot-edgex-device-modbus,0.26,26.2
1790610954,rot-edgex-core-command,0.02,16.9
1790610954,rot-edgex-ui,0.00,6.8
1790610954,rot-edgex-core-data,0.17,25.3
1790610954,rot-edgex-core-metadata,0.03,19.0
1790610954,rot-edgex-common-config,0.00,0.9
1790610954,rot-edgex-core-keeper,0.00,25.7
1790610954,rot-flink-taskmanager,19.31,1571.8
1790610954,rot-telegraf-sink,0.75,103.2
1790610954,rot-alert-republisher,0.42,102.4
1790610954,rot-kafka-exporter,0.04,18.9
1790610954,rot-telegraf-bridge,0.42,125.3
1790610954,rot-fuxa,0.25,90.5
1790610954,rot-grafana,0.08,125.8
1790610954,rot-edgex-postgres,2.53,59.0
1790610954,rot-edgex-mqtt-broker,0.06,2.3
1790610954,rot-flink-jobmanager,0.76,556.1
1790610954,rot-kafka,4.86,514.9
1790610954,rot-influxdb,0.05,115.0
1790610954,rot-prometheus,0.00,120.9
1790610954,rot-emqx,4.55,217.8
1790610954,rot-alertmanager,0.07,27.8
1790610954,rot-plant-simulator,6.59,42.0
1790610954,rot-cadvisor,0.19,51.8
1790610957,rot-ai-web-1,2.71,13.7
1790610957,rot-ai-knowledge-1,3.77,163.0
1790610957,rot-ai-alarm-worker-1,1.34,36.7
1790610957,rot-ai-work-db-1,2.00,50.4
1790610957,rot-ai-graph-1,0.94,728.2
1790610957,rot-edgex-app-mqtt-export,0.42,31.5
1790610957,rot-edgex-device-modbus,0.67,26.2
1790610957,rot-edgex-core-command,0.10,16.9
1790610957,rot-edgex-ui,0.00,6.8
1790610957,rot-edgex-core-data,0.44,25.3
1790610957,rot-edgex-core-metadata,0.00,19.0
1790610957,rot-edgex-common-config,0.00,0.9
1790610957,rot-edgex-core-keeper,0.80,26.2
1790610957,rot-flink-taskmanager,13.34,1571.8
1790610957,rot-telegraf-sink,1.29,104.9
1790610957,rot-alert-republisher,0.36,101.9
1790610957,rot-kafka-exporter,7.59,18.6
1790610957,rot-telegraf-bridge,0.59,126.1
1790610957,rot-fuxa,0.17,90.3
1790610957,rot-grafana,0.11,125.8
1790610957,rot-edgex-postgres,0.47,60.0
1790610957,rot-edgex-mqtt-broker,0.07,2.3
1790610957,rot-flink-jobmanager,1.50,560.4
1790610957,rot-kafka,24.69,523.4
1790610957,rot-influxdb,0.13,115.7
1790610957,rot-prometheus,1.95,127.9
1790610957,rot-emqx,71.39,218.8
1790610957,rot-alertmanager,0.08,27.8
1790610957,rot-plant-simulator,0.79,41.7
1790610957,rot-cadvisor,0.45,51.3
1790610960,rot-ai-web-1,0.00,13.3
1790610960,rot-ai-knowledge-1,0.15,162.9
1790610960,rot-ai-alarm-worker-1,0.84,37.5
1790610960,rot-ai-work-db-1,3.11,50.9
1790610960,rot-ai-graph-1,0.83,728.1
1790610960,rot-edgex-app-mqtt-export,0.15,31.2
1790610960,rot-edgex-device-modbus,0.34,26.2
1790610960,rot-edgex-core-command,0.00,16.9
1790610960,rot-edgex-ui,0.00,6.8
1790610960,rot-edgex-core-data,0.13,25.4
1790610960,rot-edgex-core-metadata,0.01,19.2
1790610960,rot-edgex-common-config,0.00,0.9
1790610960,rot-edgex-core-keeper,0.06,26.0
1790610960,rot-flink-taskmanager,5.99,1550.3
1790610960,rot-telegraf-sink,1.13,104.6
1790610960,rot-alert-republisher,0.32,102.4
1790610960,rot-kafka-exporter,0.04,18.4
1790610960,rot-telegraf-bridge,0.24,126.7
1790610960,rot-fuxa,0.26,90.3
1790610960,rot-grafana,0.08,126.1
1790610960,rot-edgex-postgres,0.09,58.7
1790610960,rot-edgex-mqtt-broker,0.05,1.8
1790610960,rot-flink-jobmanager,1.67,560.5
1790610960,rot-kafka,5.05,513.5
1790610960,rot-influxdb,0.24,115.4
1790610960,rot-prometheus,0.01,128.1
1790610960,rot-emqx,2.72,219.6
1790610960,rot-alertmanager,0.07,27.8
1790610960,rot-plant-simulator,0.51,41.4
1790610960,rot-cadvisor,0.11,51.5
1790610964,rot-ai-web-1,0.00,13.0
1790610964,rot-ai-knowledge-1,0.19,160.3
1790610964,rot-ai-alarm-worker-1,0.95,35.8
1790610964,rot-ai-work-db-1,2.43,49.0
1790610964,rot-ai-graph-1,1.01,715.6
1790610964,rot-edgex-app-mqtt-export,0.45,31.3
1790610964,rot-edgex-device-modbus,0.26,24.1
1790610964,rot-edgex-core-command,0.02,15.4
1790610964,rot-edgex-ui,0.00,6.8
1790610964,rot-edgex-core-data,0.26,23.1
1790610964,rot-edgex-core-metadata,0.00,18.1
1790610964,rot-edgex-common-config,0.00,0.9
1790610964,rot-edgex-core-keeper,0.00,23.3
1790610964,rot-flink-taskmanager,5.25,1511.4
1790610964,rot-telegraf-sink,6.77,117.8
1790610964,rot-alert-republisher,0.36,94.3
1790610964,rot-kafka-exporter,0.03,16.9
1790610964,rot-telegraf-bridge,0.25,117.6
1790610964,rot-fuxa,0.28,85.1
1790610964,rot-grafana,0.16,116.8
1790610964,rot-edgex-postgres,0.10,57.7
1790610964,rot-edgex-mqtt-broker,0.05,2.0
1790610964,rot-flink-jobmanager,11.17,572.5
1790610964,rot-kafka,59.76,496.5
1790610964,rot-influxdb,0.48,107.7
1790610964,rot-prometheus,0.15,119.7
1790610964,rot-emqx,2.47,213.2
1790610964,rot-alertmanager,0.12,25.7
1790610964,rot-plant-simulator,8.34,40.0
1790610964,rot-cadvisor,1.11,49.5
1790610968,rot-ai-web-1,0.00,13.4
1790610968,rot-ai-knowledge-1,0.47,160.2
1790610968,rot-ai-alarm-worker-1,0.06,35.5
1790610968,rot-ai-work-db-1,1.03,48.8
1790610968,rot-ai-graph-1,0.83,715.7
1790610968,rot-edgex-app-mqtt-export,0.22,30.6
1790610968,rot-edgex-device-modbus,0.45,23.8
1790610968,rot-edgex-core-command,0.00,15.4
1790610968,rot-edgex-ui,0.00,6.8
1790610968,rot-edgex-core-data,0.16,23.1
1790610968,rot-edgex-core-metadata,0.00,17.9
1790610968,rot-edgex-common-config,0.00,0.9
1790610968,rot-edgex-core-keeper,0.26,25.6
1790610968,rot-flink-taskmanager,4.64,1518.6
1790610968,rot-telegraf-sink,0.75,117.8
1790610968,rot-alert-republisher,0.20,93.8
1790610968,rot-kafka-exporter,0.04,17.8
1790610968,rot-telegraf-bridge,0.28,118.2
1790610968,rot-fuxa,0.15,85.4
1790610968,rot-grafana,0.18,116.9
1790610968,rot-edgex-postgres,1.82,57.9
1790610968,rot-edgex-mqtt-broker,0.05,1.8
1790610968,rot-flink-jobmanager,4.26,576.6
1790610968,rot-kafka,3.14,493.1
1790610968,rot-influxdb,0.05,107.8
1790610968,rot-prometheus,0.63,120.9
1790610968,rot-emqx,65.34,215.6
1790610968,rot-alertmanager,0.09,25.7
1790610968,rot-plant-simulator,0.42,40.3
1790610968,rot-cadvisor,0.71,48.8
1790610971,rot-ai-web-1,0.00,13.0
1790610971,rot-ai-knowledge-1,0.65,161.0
1790610971,rot-ai-alarm-worker-1,1.01,35.8
1790610971,rot-ai-work-db-1,1.56,50.1
1790610971,rot-ai-graph-1,1.93,715.6
1790610971,rot-edgex-app-mqtt-export,0.19,30.6
1790610971,rot-edgex-device-modbus,0.46,24.1
1790610971,rot-edgex-core-command,0.04,15.7
1790610971,rot-edgex-ui,0.00,6.8
1790610971,rot-edgex-core-data,0.31,23.2
1790610971,rot-edgex-core-metadata,0.06,17.9
1790610971,rot-edgex-common-config,0.01,0.9
1790610971,rot-edgex-core-keeper,0.12,25.1
1790610971,rot-flink-taskmanager,12.62,1509.4
1790610971,rot-telegraf-sink,0.93,119.5
1790610971,rot-alert-republisher,0.32,93.5
1790610971,rot-kafka-exporter,0.03,17.6
1790610971,rot-telegraf-bridge,0.41,118.7
1790610971,rot-fuxa,0.27,85.6
1790610971,rot-grafana,0.07,116.9
1790610971,rot-edgex-postgres,0.12,57.7
1790610971,rot-edgex-mqtt-broker,0.05,1.8
1790610971,rot-flink-jobmanager,3.81,578.1
1790610971,rot-kafka,16.42,505.8
1790610971,rot-influxdb,2.34,111.7
1790610971,rot-prometheus,0.36,119.7
1790610971,rot-emqx,3.06,215.1
1790610971,rot-alertmanager,0.10,25.7
1790610971,rot-plant-simulator,0.63,40.0
1790610971,rot-cadvisor,1.26,49.3
1790610975,rot-ai-web-1,0.00,13.0
1790610975,rot-ai-knowledge-1,0.22,160.2
1790610975,rot-ai-alarm-worker-1,0.11,35.5
1790610975,rot-ai-work-db-1,8.11,49.8
1790610975,rot-ai-graph-1,151.89,723.8
1790610975,rot-edgex-app-mqtt-export,0.23,30.6
1790610975,rot-edgex-device-modbus,0.56,23.8
1790610975,rot-edgex-core-command,0.00,15.4
1790610975,rot-edgex-ui,0.00,6.8
1790610975,rot-edgex-core-data,0.27,23.5
1790610975,rot-edgex-core-metadata,0.00,17.9
1790610975,rot-edgex-common-config,0.02,0.9
1790610975,rot-edgex-core-keeper,0.04,25.1
1790610975,rot-flink-taskmanager,17.46,1523.7
1790610975,rot-telegraf-sink,1.31,120.4
1790610975,rot-alert-republisher,0.31,93.8
1790610975,rot-kafka-exporter,0.05,17.6
1790610975,rot-telegraf-bridge,0.45,119.1
1790610975,rot-fuxa,0.26,85.8
1790610975,rot-grafana,0.09,116.9
1790610975,rot-edgex-postgres,0.14,57.5
1790610975,rot-edgex-mqtt-broker,0.07,2.0
1790610975,rot-flink-jobmanager,9.77,582.4
1790610975,rot-kafka,138.79,536.7
1790610975,rot-influxdb,0.06,113.4
1790610975,rot-prometheus,0.08,119.7
1790610975,rot-emqx,2.37,214.9
1790610975,rot-alertmanager,0.10,25.7
1790610975,rot-plant-simulator,0.69,39.9
1790610975,rot-cadvisor,0.15,48.8
1790610979,rot-ai-web-1,0.00,13.0
1790610979,rot-ai-knowledge-1,0.71,160.2
1790610979,rot-ai-alarm-worker-1,0.92,36.3
1790610979,rot-ai-work-db-1,2.05,49.2
1790610979,rot-ai-graph-1,0.77,722.8
1790610979,rot-edgex-app-mqtt-export,0.13,30.6
1790610979,rot-edgex-device-modbus,0.36,24.3
1790610979,rot-edgex-core-command,0.00,15.4
1790610979,rot-edgex-ui,0.00,6.8
1790610979,rot-edgex-core-data,0.17,23.3
1790610979,rot-edgex-core-metadata,0.02,17.9
1790610979,rot-edgex-common-config,0.01,0.9
1790610979,rot-edgex-core-keeper,0.00,25.4
1790610979,rot-flink-taskmanager,4.01,1525.8
1790610979,rot-telegraf-sink,1.06,120.2
1790610979,rot-alert-republisher,0.23,93.4
1790610979,rot-kafka-exporter,0.05,16.9
1790610979,rot-telegraf-bridge,0.20,119.6
1790610979,rot-fuxa,0.24,85.1
1790610979,rot-grafana,0.79,120.1
1790610979,rot-edgex-postgres,1.82,58.1
1790610979,rot-edgex-mqtt-broker,0.06,1.8
1790610979,rot-flink-jobmanager,4.01,578.2
1790610979,rot-kafka,4.79,493.8
1790610979,rot-influxdb,0.43,114.6
1790610979,rot-prometheus,0.53,119.8
1790610979,rot-emqx,96.59,215.8
1790610979,rot-alertmanager,0.10,25.7
1790610979,rot-plant-simulator,0.34,40.4
1790610979,rot-cadvisor,0.31,48.8
1790610982,rot-ai-web-1,0.00,13.0
1790610982,rot-ai-knowledge-1,0.67,160.2
1790610982,rot-ai-alarm-worker-1,0.07,35.3
1790610982,rot-ai-work-db-1,4.55,50.5
1790610982,rot-ai-graph-1,0.73,722.8
1790610982,rot-edgex-app-mqtt-export,0.24,31.1
1790610982,rot-edgex-device-modbus,0.27,23.8
1790610982,rot-edgex-core-command,0.04,15.4
1790610982,rot-edgex-ui,0.00,6.8
1790610982,rot-edgex-core-data,0.17,23.3
1790610982,rot-edgex-core-metadata,0.00,17.9
1790610982,rot-edgex-common-config,0.00,0.9
1790610982,rot-edgex-core-keeper,0.10,25.6
1790610982,rot-flink-taskmanager,8.92,1515.5
1790610982,rot-telegraf-sink,1.03,120.6
1790610982,rot-alert-republisher,0.44,93.9
1790610982,rot-kafka-exporter,0.03,16.9
1790610982,rot-telegraf-bridge,0.22,120.3
1790610982,rot-fuxa,0.20,85.6
1790610982,rot-grafana,0.03,119.7
1790610982,rot-edgex-postgres,0.13,58.0
1790610982,rot-edgex-mqtt-broker,0.06,2.0
1790610982,rot-flink-jobmanager,1.55,582.9
1790610982,rot-kafka,4.27,496.6
1790610982,rot-influxdb,2.70,115.4
1790610982,rot-prometheus,0.14,119.8
1790610982,rot-emqx,2.48,215.4
1790610982,rot-alertmanager,0.06,25.7
1790610982,rot-plant-simulator,0.34,39.9
1790610982,rot-cadvisor,3.11,48.9
1790610986,rot-ai-web-1,0.00,13.0
1790610986,rot-ai-knowledge-1,0.65,160.5
1790610986,rot-ai-alarm-worker-1,0.06,35.5
1790610986,rot-ai-work-db-1,7.04,49.2
1790610986,rot-ai-graph-1,146.55,859.0
1790610986,rot-edgex-app-mqtt-export,0.09,30.8
1790610986,rot-edgex-device-modbus,0.35,24.0
1790610986,rot-edgex-core-command,0.00,15.4
1790610986,rot-edgex-ui,0.00,6.8
1790610986,rot-edgex-core-data,0.14,23.1
1790610986,rot-edgex-core-metadata,0.10,18.1
1790610986,rot-edgex-common-config,0.00,0.9
1790610986,rot-edgex-core-keeper,0.30,25.4
1790610986,rot-flink-taskmanager,14.82,1515.5
1790610986,rot-telegraf-sink,0.88,119.6
1790610986,rot-alert-republisher,0.26,94.1
1790610986,rot-kafka-exporter,0.05,16.9
1790610986,rot-telegraf-bridge,0.25,120.9
1790610986,rot-fuxa,0.32,85.6
1790610986,rot-grafana,0.05,119.7
1790610986,rot-edgex-postgres,0.14,57.6
1790610986,rot-edgex-mqtt-broker,0.05,2.0
1790610986,rot-flink-jobmanager,5.93,585.2
1790610986,rot-kafka,3.22,492.3
1790610986,rot-influxdb,0.33,115.0
1790610986,rot-prometheus,0.14,119.8
1790610986,rot-emqx,2.01,214.9
1790610986,rot-alertmanager,0.08,25.7
1790610986,rot-plant-simulator,0.41,40.1
1790610986,rot-cadvisor,0.17,49.4
1790610990,rot-ai-web-1,0.00,13.0
1790610990,rot-ai-knowledge-1,0.62,160.9
1790610990,rot-ai-alarm-worker-1,1.32,35.3
1790610990,rot-ai-work-db-1,2.46,49.4
1790610990,rot-ai-graph-1,1.22,723.0
1790610990,rot-edgex-app-mqtt-export,0.21,30.9
1790610990,rot-edgex-device-modbus,0.45,24.1
1790610990,rot-edgex-core-command,0.00,15.4
1790610990,rot-edgex-ui,0.00,6.8
1790610990,rot-edgex-core-data,0.24,23.1
1790610990,rot-edgex-core-metadata,0.00,17.9
1790610990,rot-edgex-common-config,0.01,0.9
1790610990,rot-edgex-core-keeper,0.06,25.1
1790610990,rot-flink-taskmanager,5.36,1522.7
1790610990,rot-telegraf-sink,1.05,120.8
1790610990,rot-alert-republisher,0.41,96.3
1790610990,rot-kafka-exporter,0.07,15.9
1790610990,rot-telegraf-bridge,0.33,121.8
1790610990,rot-fuxa,0.30,86.1
1790610990,rot-grafana,0.10,119.7
1790610990,rot-edgex-postgres,0.12,58.2
1790610990,rot-edgex-mqtt-broker,0.06,1.8
1790610990,rot-flink-jobmanager,1.65,585.5
1790610990,rot-kafka,4.03,491.7
1790610990,rot-influxdb,0.53,115.3
1790610990,rot-prometheus,0.04,120.6
1790610990,rot-emqx,38.52,216.0
1790610990,rot-alertmanager,0.14,25.7
1790610990,rot-plant-simulator,0.50,40.1
1790610990,rot-cadvisor,0.11,49.4
1790610993,rot-ai-web-1,0.00,13.0
1790610993,rot-ai-knowledge-1,0.15,160.2
1790610993,rot-ai-alarm-worker-1,0.96,36.8
1790610993,rot-ai-work-db-1,1.30,49.9
1790610993,rot-ai-graph-1,0.76,723.0
1790610993,rot-edgex-app-mqtt-export,0.10,31.1
1790610993,rot-edgex-device-modbus,0.30,24.1
1790610993,rot-edgex-core-command,0.00,15.4
1790610993,rot-edgex-ui,0.00,6.8
1790610993,rot-edgex-core-data,0.10,23.6
1790610993,rot-edgex-core-metadata,0.00,17.9
1790610993,rot-edgex-common-config,0.00,0.9
1790610993,rot-edgex-core-keeper,0.04,25.1
1790610993,rot-flink-taskmanager,3.80,1522.7
1790610993,rot-telegraf-sink,1.21,120.4
1790610993,rot-alert-republisher,0.25,95.5
1790610993,rot-kafka-exporter,0.06,15.9
1790610993,rot-telegraf-bridge,0.27,122.6
1790610993,rot-fuxa,0.17,85.4
1790610993,rot-grafana,0.06,119.7
1790610993,rot-edgex-postgres,0.09,58.0
1790610993,rot-edgex-mqtt-broker,0.05,2.0
1790610993,rot-flink-jobmanager,1.28,588.4
1790610993,rot-kafka,3.68,494.9
1790610993,rot-influxdb,0.04,117.8
1790610993,rot-prometheus,0.18,120.6
1790610993,rot-emqx,4.78,215.6
1790610993,rot-alertmanager,0.08,25.7
1790610993,rot-plant-simulator,0.31,39.9
1790610993,rot-cadvisor,0.34,50.2
1790610997,rot-ai-web-1,0.00,13.0
1790610997,rot-ai-knowledge-1,0.48,160.2
1790610997,rot-ai-alarm-worker-1,0.06,35.5
1790610997,rot-ai-work-db-1,4.09,49.3
1790610997,rot-ai-graph-1,0.72,723.0
1790610997,rot-edgex-app-mqtt-export,0.14,30.9
1790610997,rot-edgex-device-modbus,0.26,23.8
1790610997,rot-edgex-core-command,0.05,15.7
1790610997,rot-edgex-ui,0.00,6.8
1790610997,rot-edgex-core-data,0.21,23.6
1790610997,rot-edgex-core-metadata,0.06,17.9
1790610997,rot-edgex-common-config,0.00,0.9
1790610997,rot-edgex-core-keeper,0.49,26.1
1790610997,rot-flink-taskmanager,14.76,1518.6
1790610997,rot-telegraf-sink,0.92,120.4
1790610997,rot-alert-republisher,0.24,96.2
1790610997,rot-kafka-exporter,0.04,15.9
1790610997,rot-telegraf-bridge,0.21,122.8
1790610997,rot-fuxa,0.15,85.4
1790610997,rot-grafana,0.09,119.7
1790610997,rot-edgex-postgres,0.23,58.5
1790610997,rot-edgex-mqtt-broker,0.03,1.8
1790610997,rot-flink-jobmanager,3.02,592.5
1790610997,rot-kafka,3.37,495.1
1790610997,rot-influxdb,0.66,117.7
1790610997,rot-prometheus,1.00,121.4
1790610997,rot-emqx,3.19,215.3
1790610997,rot-alertmanager,0.06,28.1
1790610997,rot-plant-simulator,0.30,41.1
1790610997,rot-cadvisor,0.36,53.1
1790611000,rot-ai-web-1,0.00,12.9
1790611000,rot-ai-knowledge-1,0.20,159.6
1790611000,rot-ai-alarm-worker-1,0.09,35.4
1790611000,rot-ai-work-db-1,0.01,48.4
1790611000,rot-ai-graph-1,192.77,918.2
1790611000,rot-edgex-app-mqtt-export,0.22,30.2
1790611000,rot-edgex-device-modbus,0.47,23.6
1790611000,rot-edgex-core-command,0.02,15.1
1790611000,rot-edgex-ui,0.00,6.7
1790611000,rot-edgex-core-data,0.39,22.7
1790611000,rot-edgex-core-metadata,0.00,17.6
1790611000,rot-edgex-common-config,0.00,0.9
1790611000,rot-edgex-core-keeper,0.00,24.7
1790611000,rot-flink-taskmanager,6.58,1522.7
1790611000,rot-telegraf-sink,1.27,119.3
1790611000,rot-alert-republisher,0.38,95.7
1790611000,rot-kafka-exporter,0.04,16.4
1790611000,rot-telegraf-bridge,0.35,122.9
1790611000,rot-fuxa,0.24,84.9
1790611000,rot-grafana,0.10,119.0
1790611000,rot-edgex-postgres,3.59,59.5
1790611000,rot-edgex-mqtt-broker,0.06,1.8
1790611000,rot-flink-jobmanager,1.81,591.6
1790611000,rot-kafka,152.05,539.9
1790611000,rot-influxdb,0.06,117.1
1790611000,rot-prometheus,0.04,120.6
1790611000,rot-emqx,53.07,245.0
1790611000,rot-alertmanager,0.10,27.6
1790611000,rot-plant-simulator,0.57,40.3
1790611000,rot-cadvisor,0.46,53.1
1790611003,rot-ai-web-1,0.00,13.0
1790611003,rot-ai-knowledge-1,0.30,160.2
1790611003,rot-ai-alarm-worker-1,0.05,35.4
1790611003,rot-ai-work-db-1,0.75,50.0
1790611003,rot-ai-graph-1,0.65,722.9
1790611003,rot-edgex-app-mqtt-export,0.23,30.7
1790611003,rot-edgex-device-modbus,0.55,24.2
1790611003,rot-edgex-core-command,0.00,15.4
1790611003,rot-edgex-ui,0.06,6.6
1790611003,rot-edgex-core-data,0.20,23.2
1790611003,rot-edgex-core-metadata,0.00,17.9
1790611003,rot-edgex-common-config,0.00,0.9
1790611003,rot-edgex-core-keeper,0.04,25.0
1790611003,rot-flink-taskmanager,4.07,1523.7
1790611003,rot-telegraf-sink,1.18,120.0
1790611003,rot-alert-republisher,0.20,95.2
1790611003,rot-kafka-exporter,0.03,16.6
1790611003,rot-telegraf-bridge,0.36,123.2
1790611003,rot-fuxa,0.35,85.6
1790611003,rot-grafana,0.06,119.0
1790611003,rot-edgex-postgres,0.34,59.3
1790611003,rot-edgex-mqtt-broker,0.05,2.0
1790611003,rot-flink-jobmanager,1.29,600.3
1790611003,rot-kafka,5.11,494.1
1790611003,rot-influxdb,0.49,117.4
1790611003,rot-prometheus,0.21,120.9
1790611003,rot-emqx,4.19,218.7
1790611003,rot-alertmanager,0.06,28.0
1790611003,rot-plant-simulator,0.52,40.6
1790611003,rot-cadvisor,0.22,53.3
1790611006,rot-ai-web-1,0.00,13.0
1790611006,rot-ai-knowledge-1,0.47,159.9
1790611006,rot-ai-alarm-worker-1,0.08,35.9
1790611006,rot-ai-work-db-1,3.80,50.3
1790611006,rot-ai-graph-1,0.76,722.9
1790611006,rot-edgex-app-mqtt-export,0.25,31.2
1790611006,rot-edgex-device-modbus,0.62,24.2
1790611006,rot-edgex-core-command,0.00,15.4
1790611006,rot-edgex-ui,0.00,6.6
1790611006,rot-edgex-core-data,0.16,23.5
1790611006,rot-edgex-core-metadata,0.05,17.9
1790611006,rot-edgex-common-config,0.00,0.9
1790611006,rot-edgex-core-keeper,0.42,26.3
1790611006,rot-flink-taskmanager,28.00,1546.2
1790611006,rot-telegraf-sink,1.06,120.3
1790611006,rot-alert-republisher,0.20,95.0
1790611006,rot-kafka-exporter,0.03,16.6
1790611006,rot-telegraf-bridge,0.53,127.2
1790611006,rot-fuxa,0.12,85.6
1790611006,rot-grafana,0.04,119.0
1790611006,rot-edgex-postgres,0.41,60.3
1790611006,rot-edgex-mqtt-broker,0.04,2.0
1790611006,rot-flink-jobmanager,4.81,602.1
1790611006,rot-kafka,6.39,492.6
1790611006,rot-influxdb,0.47,117.2
1790611006,rot-prometheus,0.12,120.8
1790611006,rot-emqx,2.05,218.6
1790611006,rot-alertmanager,0.06,28.0
1790611006,rot-plant-simulator,0.38,41.2
1790611006,rot-cadvisor,0.35,53.0
1790611010,rot-ai-web-1,0.00,13.0
1790611010,rot-ai-knowledge-1,0.18,159.9
1790611010,rot-ai-alarm-worker-1,0.06,35.4
1790611010,rot-ai-work-db-1,0.01,49.8
1790611010,rot-ai-graph-1,0.93,722.9
1790611010,rot-edgex-app-mqtt-export,0.11,30.9
1790611010,rot-edgex-device-modbus,0.41,24.2
1790611010,rot-edgex-core-command,0.01,15.4
1790611010,rot-edgex-ui,0.00,6.6
1790611010,rot-edgex-core-data,0.13,23.3
1790611010,rot-edgex-core-metadata,0.00,17.9
1790611010,rot-edgex-common-config,0.00,0.9
1790611010,rot-edgex-core-keeper,0.00,25.0
1790611010,rot-flink-taskmanager,4.66,1547.3
1790611010,rot-telegraf-sink,0.71,119.6
1790611010,rot-alert-republisher,0.22,95.3
1790611010,rot-kafka-exporter,0.04,17.0
1790611010,rot-telegraf-bridge,0.18,127.4
1790611010,rot-fuxa,0.16,85.0
1790611010,rot-grafana,0.18,124.1
1790611010,rot-edgex-postgres,2.22,60.1
1790611010,rot-edgex-mqtt-broker,0.04,2.0
1790611010,rot-flink-jobmanager,0.96,603.0
1790611010,rot-kafka,3.31,494.1
1790611010,rot-influxdb,0.03,117.2
1790611010,rot-prometheus,0.00,121.2
1790611010,rot-emqx,1.84,218.9
1790611010,rot-alertmanager,0.11,28.0
1790611010,rot-plant-simulator,0.42,41.6
1790611010,rot-cadvisor,0.24,53.5
1790611013,rot-ai-web-1,0.00,12.8
1790611013,rot-ai-knowledge-1,1.31,158.0
1790611013,rot-ai-alarm-worker-1,0.18,34.9
1790611013,rot-ai-work-db-1,1.41,48.0
1790611013,rot-ai-graph-1,168.32,911.3
1790611013,rot-edgex-app-mqtt-export,0.49,28.3
1790611013,rot-edgex-device-modbus,0.72,22.4
1790611013,rot-edgex-core-command,0.00,14.6
1790611013,rot-edgex-ui,0.00,6.6
1790611013,rot-edgex-core-data,0.26,21.9
1790611013,rot-edgex-core-metadata,0.00,17.0
1790611013,rot-edgex-common-config,0.00,0.9
1790611013,rot-edgex-core-keeper,0.37,23.4
1790611013,rot-flink-taskmanager,14.63,1505.3
1790611013,rot-telegraf-sink,2.41,110.8
1790611013,rot-alert-republisher,0.47,86.4
1790611013,rot-kafka-exporter,0.05,16.3
1790611013,rot-telegraf-bridge,0.51,118.3
1790611013,rot-fuxa,0.32,82.0
1790611013,rot-grafana,0.09,114.1
1790611013,rot-edgex-postgres,0.38,58.3
1790611013,rot-edgex-mqtt-broker,0.13,1.8
1790611013,rot-flink-jobmanager,2.37,602.5
1790611013,rot-kafka,199.31,533.9
1790611013,rot-influxdb,6.14,112.9
1790611013,rot-prometheus,0.00,115.2
1790611013,rot-emqx,105.00,212.5
1790611013,rot-alertmanager,0.15,26.3
1790611013,rot-plant-simulator,0.80,38.8
1790611013,rot-cadvisor,0.10,50.5
1790611016,rot-ai-web-1,0.00,12.8
1790611016,rot-ai-knowledge-1,0.16,158.0
1790611016,rot-ai-alarm-worker-1,0.07,34.7
1790611016,rot-ai-work-db-1,5.93,52.0
1790611016,rot-ai-graph-1,0.72,712.5
1790611016,rot-edgex-app-mqtt-export,0.11,28.3
1790611016,rot-edgex-device-modbus,0.37,22.4
1790611016,rot-edgex-core-command,0.00,14.6
1790611016,rot-edgex-ui,0.00,6.6
1790611016,rot-edgex-core-data,0.10,22.1
1790611016,rot-edgex-core-metadata,0.07,17.2
1790611016,rot-edgex-common-config,0.00,0.9
1790611016,rot-edgex-core-keeper,0.20,24.2
1790611016,rot-flink-taskmanager,18.88,1486.8
1790611016,rot-telegraf-sink,0.83,110.5
1790611016,rot-alert-republisher,0.21,86.9
1790611016,rot-kafka-exporter,0.03,16.3
1790611016,rot-telegraf-bridge,0.26,118.7
1790611016,rot-fuxa,0.18,89.8
1790611016,rot-grafana,0.05,114.1
1790611016,rot-edgex-postgres,0.22,58.6
1790611016,rot-edgex-mqtt-broker,0.04,2.0
1790611016,rot-flink-jobmanager,4.26,607.2
1790611016,rot-kafka,3.58,478.0
1790611016,rot-influxdb,0.19,112.9
1790611016,rot-prometheus,0.10,115.2
1790611016,rot-emqx,3.17,211.8
1790611016,rot-alertmanager,0.07,26.3
1790611016,rot-plant-simulator,0.49,40.1
1790611016,rot-cadvisor,0.32,50.7
1790611019,rot-ai-web-1,0.00,12.9
1790611019,rot-ai-knowledge-1,0.17,158.0
1790611019,rot-ai-alarm-worker-1,0.08,34.9
1790611019,rot-ai-work-db-1,0.01,49.2
1790611019,rot-ai-graph-1,0.99,711.8
1790611019,rot-edgex-app-mqtt-export,0.71,28.9
1790611019,rot-edgex-device-modbus,0.47,22.7
1790611019,rot-edgex-core-command,0.02,14.6
1790611019,rot-edgex-ui,0.00,6.6
1790611019,rot-edgex-core-data,0.26,21.9
1790611019,rot-edgex-core-metadata,0.02,17.0
1790611019,rot-edgex-common-config,0.00,0.9
1790611019,rot-edgex-core-keeper,0.00,23.4
1790611019,rot-flink-taskmanager,8.78,1486.8
1790611019,rot-telegraf-sink,1.62,111.1
1790611019,rot-alert-republisher,0.25,86.2
1790611019,rot-kafka-exporter,0.07,16.4
1790611019,rot-telegraf-bridge,0.70,120.4
1790611019,rot-fuxa,0.23,89.6
1790611019,rot-grafana,0.07,114.1
1790611019,rot-edgex-postgres,3.60,58.6
1790611019,rot-edgex-mqtt-broker,0.09,2.3
1790611019,rot-flink-jobmanager,4.17,600.7
1790611019,rot-kafka,5.06,480.2
1790611019,rot-influxdb,0.05,113.0
1790611019,rot-prometheus,0.00,115.4
1790611019,rot-emqx,2.16,211.8
1790611019,rot-alertmanager,0.14,26.3
1790611019,rot-plant-simulator,0.57,40.0
1790611019,rot-cadvisor,0.31,51.0
1790611023,rot-ai-web-1,0.00,12.9
1790611023,rot-ai-knowledge-1,0.49,158.3
1790611023,rot-ai-alarm-worker-1,0.06,34.4
1790611023,rot-ai-work-db-1,0.41,49.7
1790611023,rot-ai-graph-1,0.77,711.8
1790611023,rot-edgex-app-mqtt-export,0.22,28.6
1790611023,rot-edgex-device-modbus,0.28,22.4
1790611023,rot-edgex-core-command,0.00,14.6
1790611023,rot-edgex-ui,0.00,6.6
1790611023,rot-edgex-core-data,0.13,22.4
1790611023,rot-edgex-core-metadata,0.00,17.0
1790611023,rot-edgex-common-config,0.00,0.9
1790611023,rot-edgex-core-keeper,0.07,23.7
1790611023,rot-flink-taskmanager,6.86,1486.8
1790611023,rot-telegraf-sink,0.82,110.3
1790611023,rot-alert-republisher,0.31,87.0
1790611023,rot-kafka-exporter,0.03,16.4
1790611023,rot-telegraf-bridge,0.22,120.1
1790611023,rot-fuxa,0.33,90.0
1790611023,rot-grafana,0.06,114.4
1790611023,rot-edgex-postgres,0.16,58.6
1790611023,rot-edgex-mqtt-broker,0.04,2.3
1790611023,rot-flink-jobmanager,1.48,607.4
1790611023,rot-kafka,3.30,480.4
1790611023,rot-influxdb,3.48,113.1
1790611023,rot-prometheus,0.13,120.7
1790611023,rot-emqx,2.32,211.8
1790611023,rot-alertmanager,0.11,26.3
1790611023,rot-plant-simulator,0.35,39.8
1790611023,rot-cadvisor,0.04,51.3
1790611026,rot-ai-web-1,0.00,12.9
1790611026,rot-ai-knowledge-1,0.21,158.0
1790611026,rot-ai-alarm-worker-1,0.14,35.2
1790611026,rot-ai-work-db-1,0.00,49.2
1790611026,rot-ai-graph-1,192.38,887.1
1790611026,rot-edgex-app-mqtt-export,0.17,28.4
1790611026,rot-edgex-device-modbus,0.47,22.4
1790611026,rot-edgex-core-command,0.00,14.6
1790611026,rot-edgex-ui,0.00,6.6
1790611026,rot-edgex-core-data,0.19,22.0
1790611026,rot-edgex-core-metadata,0.00,16.9
1790611026,rot-edgex-common-config,0.01,0.9
1790611026,rot-edgex-core-keeper,0.39,23.9
1790611026,rot-flink-taskmanager,91.86,1490.9
1790611026,rot-telegraf-sink,1.63,110.5
1790611026,rot-alert-republisher,0.65,86.5
1790611026,rot-kafka-exporter,0.03,16.4
1790611026,rot-telegraf-bridge,0.46,122.1
1790611026,rot-fuxa,0.28,89.4
1790611026,rot-grafana,0.07,114.1
1790611026,rot-edgex-postgres,0.20,58.6
1790611026,rot-edgex-mqtt-broker,0.06,1.8
1790611026,rot-flink-jobmanager,10.38,611.8
1790611026,rot-kafka,188.49,525.8
1790611026,rot-influxdb,0.34,113.3
1790611026,rot-prometheus,0.26,120.7
1790611026,rot-emqx,4.74,212.1
1790611026,rot-alertmanager,0.21,26.3
1790611026,rot-plant-simulator,16.96,39.8
1790611026,rot-cadvisor,0.61,51.7
1790611030,rot-ai-web-1,0.00,13.0
1790611030,rot-ai-knowledge-1,0.51,158.5
1790611030,rot-ai-alarm-worker-1,0.07,34.4
1790611030,rot-ai-work-db-1,0.42,49.3
1790611030,rot-ai-graph-1,0.75,713.9
1790611030,rot-edgex-app-mqtt-export,0.32,28.4
1790611030,rot-edgex-device-modbus,0.26,22.9
1790611030,rot-edgex-core-command,0.00,14.6
1790611030,rot-edgex-ui,0.00,6.6
1790611030,rot-edgex-core-data,0.32,22.2
1790611030,rot-edgex-core-metadata,0.00,16.9
1790611030,rot-edgex-common-config,0.00,0.9
1790611030,rot-edgex-core-keeper,0.05,23.7
1790611030,rot-flink-taskmanager,5.87,1492.0
1790611030,rot-telegraf-sink,1.65,115.4
1790611030,rot-alert-republisher,0.20,86.1
1790611030,rot-kafka-exporter,0.05,18.6
1790611030,rot-telegraf-bridge,0.19,122.7
1790611030,rot-fuxa,0.19,89.6
1790611030,rot-grafana,0.11,114.0
1790611030,rot-edgex-postgres,2.45,59.3
1790611030,rot-edgex-mqtt-broker,0.07,2.0
1790611030,rot-flink-jobmanager,1.33,611.4
1790611030,rot-kafka,9.33,480.0
1790611030,rot-influxdb,0.27,113.3
1790611030,rot-prometheus,0.03,120.6
1790611030,rot-emqx,2.15,212.0
1790611030,rot-alertmanager,0.13,26.2
1790611030,rot-plant-simulator,0.70,40.1
1790611030,rot-cadvisor,0.24,51.6
1790611034,rot-ai-web-1,0.00,13.0
1790611034,rot-ai-knowledge-1,0.18,158.5
1790611034,rot-ai-alarm-worker-1,0.08,34.6
1790611034,rot-ai-work-db-1,0.00,49.7
1790611034,rot-ai-graph-1,0.84,713.9
1790611034,rot-edgex-app-mqtt-export,0.14,29.0
1790611034,rot-edgex-device-modbus,0.40,22.4
1790611034,rot-edgex-core-command,0.00,14.6
1790611034,rot-edgex-ui,0.00,6.6
1790611034,rot-edgex-core-data,0.24,22.2
1790611034,rot-edgex-core-metadata,0.03,16.9
1790611034,rot-edgex-common-config,0.00,0.9
1790611034,rot-edgex-core-keeper,0.01,23.5
1790611034,rot-flink-taskmanager,6.29,1503.2
1790611034,rot-telegraf-sink,0.98,115.6
1790611034,rot-alert-republisher,0.27,86.1
1790611034,rot-kafka-exporter,0.03,18.6
1790611034,rot-telegraf-bridge,0.22,129.9
1790611034,rot-fuxa,0.36,89.8
1790611034,rot-grafana,0.06,114.0
1790611034,rot-edgex-postgres,0.11,58.7
1790611034,rot-edgex-mqtt-broker,0.05,2.0
1790611034,rot-flink-jobmanager,1.93,614.0
1790611034,rot-kafka,7.02,483.2
1790611034,rot-influxdb,0.04,113.0
1790611034,rot-prometheus,0.21,120.9
1790611034,rot-emqx,3.66,212.2
1790611034,rot-alertmanager,0.12,29.7
1790611034,rot-plant-simulator,0.61,39.9
1790611034,rot-cadvisor,0.42,52.2
1790611037,rot-ai-web-1,0.00,13.0
1790611037,rot-ai-knowledge-1,0.46,158.5
1790611037,rot-ai-alarm-worker-1,0.05,34.6
1790611037,rot-ai-work-db-1,3.96,50.7
1790611037,rot-ai-graph-1,0.64,713.9
1790611037,rot-edgex-app-mqtt-export,0.11,28.5
1790611037,rot-edgex-device-modbus,0.28,22.6
1790611037,rot-edgex-core-command,0.15,14.8
1790611037,rot-edgex-ui,0.00,6.6
1790611037,rot-edgex-core-data,0.23,22.0
1790611037,rot-edgex-core-metadata,0.10,16.9
1790611037,rot-edgex-common-config,0.00,0.9
1790611037,rot-edgex-core-keeper,0.71,24.0
1790611037,rot-flink-taskmanager,9.85,1498.1
1790611037,rot-telegraf-sink,0.99,115.1
1790611037,rot-alert-republisher,0.26,86.1
1790611037,rot-kafka-exporter,4.04,21.1
1790611037,rot-telegraf-bridge,0.27,129.2
1790611037,rot-fuxa,0.27,89.6
1790611037,rot-grafana,0.04,114.0
1790611037,rot-edgex-postgres,0.24,58.7
1790611037,rot-edgex-mqtt-broker,0.08,2.0
1790611037,rot-flink-jobmanager,0.72,600.2
1790611037,rot-kafka,7.10,481.0
1790611037,rot-influxdb,0.40,116.0
1790611037,rot-prometheus,1.06,121.2
1790611037,rot-emqx,1.43,211.7
1790611037,rot-alertmanager,0.09,29.9
1790611037,rot-plant-simulator,0.33,39.7
1790611037,rot-cadvisor,0.19,52.0
1790611040,rot-ai-web-1,0.00,13.0
1790611040,rot-ai-knowledge-1,0.20,158.1
1790611040,rot-ai-alarm-worker-1,0.08,34.4
1790611040,rot-ai-work-db-1,0.16,52.0
1790611040,rot-ai-graph-1,142.18,714.6
1790611040,rot-edgex-app-mqtt-export,0.76,28.3
1790611040,rot-edgex-device-modbus,0.65,22.5
1790611040,rot-edgex-core-command,0.00,14.5
1790611040,rot-edgex-ui,0.00,6.6
1790611040,rot-edgex-core-data,0.32,21.9
1790611040,rot-edgex-core-metadata,0.00,16.9
1790611040,rot-edgex-common-config,0.00,0.9
1790611040,rot-edgex-core-keeper,0.00,23.5
1790611040,rot-flink-taskmanager,6.78,1499.1
1790611040,rot-telegraf-sink,1.12,115.6
1790611040,rot-alert-republisher,0.29,86.1
1790611040,rot-kafka-exporter,0.05,19.2
1790611040,rot-telegraf-bridge,0.41,129.2
1790611040,rot-fuxa,0.50,89.3
1790611040,rot-grafana,0.08,114.0
1790611040,rot-edgex-postgres,5.02,58.8
1790611040,rot-edgex-mqtt-broker,0.06,2.0
1790611040,rot-flink-jobmanager,1.91,600.0
1790611040,rot-kafka,7.70,479.4
1790611040,rot-influxdb,0.05,115.3
1790611040,rot-prometheus,0.06,120.5
1790611040,rot-emqx,1.80,211.6
1790611040,rot-alertmanager,0.13,29.6
1790611040,rot-plant-simulator,0.79,39.9
1790611040,rot-cadvisor,0.48,51.8
1790611044,rot-ai-web-1,0.00,13.0
1790611044,rot-ai-knowledge-1,0.56,158.7
1790611044,rot-ai-alarm-worker-1,0.08,40.3
1790611044,rot-ai-work-db-1,0.69,52.0
1790611044,rot-ai-graph-1,0.71,713.8
1790611044,rot-edgex-app-mqtt-export,0.09,31.2
1790611044,rot-edgex-device-modbus,0.27,22.9
1790611044,rot-edgex-core-command,0.03,14.5
1790611044,rot-edgex-ui,0.00,6.6
1790611044,rot-edgex-core-data,0.12,22.0
1790611044,rot-edgex-core-metadata,0.00,16.9
1790611044,rot-edgex-common-config,0.00,0.9
1790611044,rot-edgex-core-keeper,0.00,23.5
1790611044,rot-flink-taskmanager,3.93,1498.1
1790611044,rot-telegraf-sink,1.08,115.9
1790611044,rot-alert-republisher,0.22,85.7
1790611044,rot-kafka-exporter,0.05,19.2
1790611044,rot-telegraf-bridge,0.22,129.2
1790611044,rot-fuxa,0.25,89.5
1790611044,rot-grafana,0.05,114.0
1790611044,rot-edgex-postgres,2.01,59.5
1790611044,rot-edgex-mqtt-broker,0.05,2.3
1790611044,rot-flink-jobmanager,0.75,602.4
1790611044,rot-kafka,5.13,485.1
1790611044,rot-influxdb,0.28,115.6
1790611044,rot-prometheus,0.01,120.7
1790611044,rot-emqx,17.83,220.6
1790611044,rot-alertmanager,0.10,29.6
1790611044,rot-plant-simulator,0.36,40.1
1790611044,rot-cadvisor,0.21,52.8
1790611048,rot-ai-web-1,2.22,13.7
1790611048,rot-ai-knowledge-1,3.56,158.5
1790611048,rot-ai-alarm-worker-1,0.07,40.8
1790611048,rot-ai-work-db-1,0.54,52.3
1790611048,rot-ai-graph-1,0.82,713.8
1790611048,rot-edgex-app-mqtt-export,0.47,31.2
1790611048,rot-edgex-device-modbus,0.44,22.6
1790611048,rot-edgex-core-command,0.00,14.5
1790611048,rot-edgex-ui,0.00,6.6
1790611048,rot-edgex-core-data,0.19,22.0
1790611048,rot-edgex-core-metadata,0.00,16.9
1790611048,rot-edgex-common-config,0.01,0.9
1790611048,rot-edgex-core-keeper,0.63,24.0
1790611048,rot-flink-taskmanager,5.26,1503.2
1790611048,rot-telegraf-sink,1.29,115.1
1790611048,rot-alert-republisher,0.42,86.2
1790611048,rot-kafka-exporter,0.08,18.9
1790611048,rot-telegraf-bridge,0.39,129.0
1790611048,rot-fuxa,0.24,89.9
1790611048,rot-grafana,0.13,114.0
1790611048,rot-edgex-postgres,0.29,59.0
1790611048,rot-edgex-mqtt-broker,0.05,1.8
1790611048,rot-flink-jobmanager,3.35,607.6
1790611048,rot-kafka,4.88,480.6
1790611048,rot-influxdb,0.19,115.6
1790611048,rot-prometheus,0.16,121.0
1790611048,rot-emqx,1.38,211.8
1790611048,rot-alertmanager,0.13,29.6
1790611048,rot-plant-simulator,0.54,39.9
1790611048,rot-cadvisor,0.00,52.5
1790611051,rot-ai-web-1,0.00,13.0
1790611051,rot-ai-knowledge-1,0.21,157.9
1790611051,rot-ai-alarm-worker-1,0.08,40.0
1790611051,rot-ai-work-db-1,0.11,51.9
1790611051,rot-ai-graph-1,196.06,890.6
1790611051,rot-edgex-app-mqtt-export,0.21,30.6
1790611051,rot-edgex-device-modbus,0.49,22.1
1790611051,rot-edgex-core-command,0.05,14.8
1790611051,rot-edgex-ui,0.00,6.6
1790611051,rot-edgex-core-data,0.34,22.1
1790611051,rot-edgex-core-metadata,0.06,16.7
1790611051,rot-edgex-common-config,0.00,0.9
1790611051,rot-edgex-core-keeper,0.15,23.7
1790611051,rot-flink-taskmanager,12.05,1503.2
1790611051,rot-telegraf-sink,1.24,114.3
1790611051,rot-alert-republisher,0.86,93.1
1790611051,rot-kafka-exporter,0.05,18.7
1790611051,rot-telegraf-bridge,0.32,128.5
1790611051,rot-fuxa,0.47,88.3
1790611051,rot-grafana,0.09,113.4
1790611051,rot-edgex-postgres,0.11,58.8
1790611051,rot-edgex-mqtt-broker,0.09,2.0
1790611051,rot-flink-jobmanager,7.41,608.2
1790611051,rot-kafka,202.28,544.3
1790611051,rot-influxdb,0.06,114.6
1790611051,rot-prometheus,0.49,119.6
1790611051,rot-emqx,1.93,211.1
1790611051,rot-alertmanager,0.11,29.3
1790611051,rot-plant-simulator,0.55,39.7
1790611051,rot-cadvisor,3.62,53.7
1790611055,rot-ai-web-1,0.00,13.0
1790611055,rot-ai-knowledge-1,0.81,158.1
1790611055,rot-ai-alarm-worker-1,0.07,40.2
1790611055,rot-ai-work-db-1,1.05,52.6
1790611055,rot-ai-graph-1,1.67,712.4
1790611055,rot-edgex-app-mqtt-export,0.19,30.9
1790611055,rot-edgex-device-modbus,0.63,22.2
1790611055,rot-edgex-core-command,0.00,14.5
1790611055,rot-edgex-ui,0.00,6.7
1790611055,rot-edgex-core-data,0.16,22.2
1790611055,rot-edgex-core-metadata,0.00,16.8
1790611055,rot-edgex-common-config,0.00,0.9
1790611055,rot-edgex-core-keeper,0.09,24.3
1790611055,rot-flink-taskmanager,8.78,1486.8
1790611055,rot-telegraf-sink,1.48,114.7
1790611055,rot-alert-republisher,0.31,93.1
1790611055,rot-kafka-exporter,0.05,19.2
1790611055,rot-telegraf-bridge,0.38,128.3
1790611055,rot-fuxa,0.46,89.9
1790611055,rot-grafana,0.10,113.4
1790611055,rot-edgex-postgres,3.07,59.9
1790611055,rot-edgex-mqtt-broker,0.05,2.0
1790611055,rot-flink-jobmanager,1.12,607.8
1790611055,rot-kafka,10.45,494.5
1790611055,rot-influxdb,0.46,115.7
1790611055,rot-prometheus,0.43,121.6
1790611055,rot-emqx,1.89,211.1
1790611055,rot-alertmanager,0.95,30.8
1790611055,rot-plant-simulator,0.56,40.0
1790611055,rot-cadvisor,7.31,55.8
1790611058,rot-ai-web-1,2.11,13.1
1790611058,rot-ai-knowledge-1,2.71,157.9
1790611058,rot-ai-alarm-worker-1,0.07,40.2
1790611058,rot-ai-work-db-1,0.01,52.0
1790611058,rot-ai-graph-1,0.68,712.4
1790611058,rot-edgex-app-mqtt-export,1.43,30.9
1790611058,rot-edgex-device-modbus,0.27,22.5
1790611058,rot-edgex-core-command,0.00,14.5
1790611058,rot-edgex-ui,0.00,6.7
1790611058,rot-edgex-core-data,0.11,21.9
1790611058,rot-edgex-core-metadata,0.00,16.8
1790611058,rot-edgex-common-config,0.00,0.9
1790611058,rot-edgex-core-keeper,0.02,24.4
1790611058,rot-flink-taskmanager,13.40,1499.1
1790611058,rot-telegraf-sink,1.23,114.5
1790611058,rot-alert-republisher,0.16,93.1
1790611058,rot-kafka-exporter,0.04,19.5
1790611058,rot-telegraf-bridge,0.35,129.1
1790611058,rot-fuxa,0.11,89.4
1790611058,rot-grafana,0.20,113.4
1790611058,rot-edgex-postgres,0.08,59.3
1790611058,rot-edgex-mqtt-broker,0.05,2.0
1790611058,rot-flink-jobmanager,0.69,612.3
1790611058,rot-kafka,10.71,487.1
1790611058,rot-influxdb,0.25,115.7
1790611058,rot-prometheus,0.46,125.0
1790611058,rot-emqx,1.63,212.3
1790611058,rot-alertmanager,0.08,30.8
1790611058,rot-plant-simulator,0.36,39.9
1790611058,rot-cadvisor,0.33,54.2
1790611062,rot-ai-web-1,0.00,13.0
1790611062,rot-ai-knowledge-1,0.17,157.9
1790611062,rot-ai-alarm-worker-1,0.10,40.7
1790611062,rot-ai-work-db-1,0.01,52.0
1790611062,rot-ai-graph-1,0.83,712.4
1790611062,rot-edgex-app-mqtt-export,0.20,30.9
1790611062,rot-edgex-device-modbus,0.29,23.0
1790611062,rot-edgex-core-command,0.07,14.7
1790611062,rot-edgex-ui,0.00,6.7
1790611062,rot-edgex-core-data,0.23,22.2
1790611062,rot-edgex-core-metadata,0.03,16.8
1790611062,rot-edgex-common-config,0.00,0.9
1790611062,rot-edgex-core-keeper,0.10,24.8
1790611062,rot-flink-taskmanager,9.66,1498.1
1790611062,rot-telegraf-sink,1.13,114.6
1790611062,rot-alert-republisher,0.27,93.5
1790611062,rot-kafka-exporter,0.04,19.5
1790611062,rot-telegraf-bridge,0.30,128.6
1790611062,rot-fuxa,0.20,89.8
1790611062,rot-grafana,0.06,113.4
1790611062,rot-edgex-postgres,0.07,59.1
1790611062,rot-edgex-mqtt-broker,0.07,2.0
1790611062,rot-flink-jobmanager,3.65,617.2
1790611062,rot-kafka,5.95,481.1
1790611062,rot-influxdb,0.07,115.5
1790611062,rot-prometheus,0.38,124.8
1790611062,rot-emqx,2.20,211.3
1790611062,rot-alertmanager,0.09,30.8
1790611062,rot-plant-simulator,0.42,39.9
1790611062,rot-cadvisor,1.07,54.0
1790611065,rot-ai-web-1,0.00,13.0
1790611065,rot-ai-knowledge-1,0.21,157.1
1790611065,rot-ai-alarm-worker-1,0.14,39.9
1790611065,rot-ai-work-db-1,0.03,51.4
1790611065,rot-ai-graph-1,27.02,707.9
1790611065,rot-edgex-app-mqtt-export,0.15,30.3
1790611065,rot-edgex-device-modbus,0.31,22.3
1790611065,rot-edgex-core-command,0.00,14.3
1790611065,rot-edgex-ui,0.00,6.7
1790611065,rot-edgex-core-data,0.17,22.2
1790611065,rot-edgex-core-metadata,0.00,16.6
1790611065,rot-edgex-common-config,0.01,0.9
1790611065,rot-edgex-core-keeper,0.06,24.3
1790611065,rot-flink-taskmanager,20.01,1486.8
1790611065,rot-telegraf-sink,1.18,113.1
1790611065,rot-alert-republisher,0.31,91.8
1790611065,rot-kafka-exporter,0.17,19.3
1790611065,rot-telegraf-bridge,0.33,126.8
1790611065,rot-fuxa,0.28,88.7
1790611065,rot-grafana,0.14,111.8
1790611065,rot-edgex-postgres,4.26,58.6
1790611065,rot-edgex-mqtt-broker,0.06,1.8
1790611065,rot-flink-jobmanager,6.76,614.9
1790611065,rot-kafka,6.29,478.6
1790611065,rot-influxdb,0.39,114.3
1790611065,rot-prometheus,0.22,123.5
1790611065,rot-emqx,2.43,210.0
1790611065,rot-alertmanager,0.12,30.4
1790611065,rot-plant-simulator,8.28,40.4
1790611065,rot-cadvisor,0.16,53.5
1790611069,rot-ai-web-1,0.00,13.0
1790611069,rot-ai-knowledge-1,0.50,157.6
1790611069,rot-ai-alarm-worker-1,0.06,40.1
1790611069,rot-ai-work-db-1,0.42,51.5
1790611069,rot-ai-graph-1,0.71,707.8
1790611069,rot-edgex-app-mqtt-export,0.14,30.3
1790611069,rot-edgex-device-modbus,0.37,22.3
1790611069,rot-edgex-core-command,0.02,14.4
1790611069,rot-edgex-ui,0.00,6.7
1790611069,rot-edgex-core-data,0.16,23.6
1790611069,rot-edgex-core-metadata,0.01,16.7
1790611069,rot-edgex-common-config,0.00,0.9
1790611069,rot-edgex-core-keeper,0.00,24.1
1790611069,rot-flink-taskmanager,4.75,1493.0
1790611069,rot-telegraf-sink,1.11,113.1
1790611069,rot-alert-republisher,0.15,91.8
1790611069,rot-kafka-exporter,0.04,19.9
1790611069,rot-telegraf-bridge,0.31,132.1
1790611069,rot-fuxa,0.40,88.9
1790611069,rot-grafana,1.61,111.9
1790611069,rot-edgex-postgres,0.60,58.9
1790611069,rot-edgex-mqtt-broker,0.06,2.0
1790611069,rot-flink-jobmanager,3.75,615.4
1790611069,rot-kafka,4.03,497.6
1790611069,rot-influxdb,0.36,114.1
1790611069,rot-prometheus,0.70,123.3
1790611069,rot-emqx,2.46,210.4
1790611069,rot-alertmanager,0.07,30.4
1790611069,rot-plant-simulator,0.50,39.8
1790611069,rot-cadvisor,0.14,53.5
1790611072,rot-ai-web-1,0.00,13.0
1790611072,rot-ai-knowledge-1,0.49,157.9
1790611072,rot-ai-alarm-worker-1,0.07,40.1
1790611072,rot-ai-work-db-1,4.48,52.4
1790611072,rot-ai-graph-1,0.68,707.8
1790611072,rot-edgex-app-mqtt-export,0.29,30.5
1790611072,rot-edgex-device-modbus,0.36,22.0
1790611072,rot-edgex-core-command,0.00,14.4
1790611072,rot-edgex-ui,0.00,6.7
1790611072,rot-edgex-core-data,0.13,23.8
1790611072,rot-edgex-core-metadata,0.00,16.7
1790611072,rot-edgex-common-config,0.00,0.9
1790611072,rot-edgex-core-keeper,0.07,24.3
1790611072,rot-flink-taskmanager,5.28,1493.0
1790611072,rot-telegraf-sink,1.31,113.1
1790611072,rot-alert-republisher,1.41,90.2
1790611072,rot-kafka-exporter,0.03,19.9
1790611072,rot-telegraf-bridge,0.35,132.6
1790611072,rot-fuxa,0.20,88.9
1790611072,rot-grafana,0.03,115.7
1790611072,rot-edgex-postgres,0.13,59.1
1790611072,rot-edgex-mqtt-broker,0.05,1.8
1790611072,rot-flink-jobmanager,1.19,617.1
1790611072,rot-kafka,4.65,478.8
1790611072,rot-influxdb,2.38,114.9
1790611072,rot-prometheus,0.00,123.3
1790611072,rot-emqx,1.58,210.3
1790611072,rot-alertmanager,0.10,30.4
1790611072,rot-plant-simulator,0.36,39.6
1790611072,rot-cadvisor,0.31,54.1
1790611076,rot-ai-web-1,0.00,13.0
1790611076,rot-ai-knowledge-1,0.26,157.0
1790611076,rot-ai-alarm-worker-1,0.10,39.8
1790611076,rot-ai-work-db-1,0.00,51.3
1790611076,rot-ai-graph-1,220.64,869.0
1790611076,rot-edgex-app-mqtt-export,1.32,30.7
1790611076,rot-edgex-device-modbus,0.94,22.2
1790611076,rot-edgex-core-command,0.00,14.4
1790611076,rot-edgex-ui,0.00,6.7
1790611076,rot-edgex-core-data,0.60,23.8
1790611076,rot-edgex-core-metadata,0.11,16.7
1790611076,rot-edgex-common-config,0.00,0.9
1790611076,rot-edgex-core-keeper,0.56,24.5
1790611076,rot-flink-taskmanager,32.38,1487.9
1790611076,rot-telegraf-sink,1.96,113.2
1790611076,rot-alert-republisher,0.26,90.2
1790611076,rot-kafka-exporter,0.09,19.8
1790611076,rot-telegraf-bridge,0.59,131.5
1790611076,rot-fuxa,0.25,89.2
1790611076,rot-grafana,0.10,115.3
1790611076,rot-edgex-postgres,0.47,59.7
1790611076,rot-edgex-mqtt-broker,0.14,2.3
1790611076,rot-flink-jobmanager,8.91,619.5
1790611076,rot-kafka,187.58,530.8
1790611076,rot-influxdb,0.87,114.8
1790611076,rot-prometheus,0.41,123.8
1790611076,rot-emqx,1.71,210.6
1790611076,rot-alertmanager,0.17,30.3
1790611076,rot-plant-simulator,15.69,40.5
1790611076,rot-cadvisor,0.42,54.3
1790611080,rot-ai-web-1,0.00,13.0
1790611080,rot-ai-knowledge-1,0.16,156.3
1790611080,rot-ai-alarm-worker-1,0.09,40.1
1790611080,rot-ai-work-db-1,0.01,51.8
1790611080,rot-ai-graph-1,0.65,703.0
1790611080,rot-edgex-app-mqtt-export,0.11,29.8
1790611080,rot-edgex-device-modbus,0.31,22.1
1790611080,rot-edgex-core-command,0.00,14.5
1790611080,rot-edgex-ui,0.00,6.8
1790611080,rot-edgex-core-data,0.12,23.8
1790611080,rot-edgex-core-metadata,0.00,16.5
1790611080,rot-edgex-common-config,0.00,0.9
1790611080,rot-edgex-core-keeper,0.00,23.7
1790611080,rot-flink-taskmanager,5.51,1490.9
1790611080,rot-telegraf-sink,0.77,111.0
1790611080,rot-alert-republisher,0.18,88.3
1790611080,rot-kafka-exporter,0.04,19.8
1790611080,rot-telegraf-bridge,0.27,130.0
1790611080,rot-fuxa,0.24,87.5
1790611080,rot-grafana,0.04,113.7
1790611080,rot-edgex-postgres,0.07,58.1
1790611080,rot-edgex-mqtt-broker,0.04,2.3
1790611080,rot-flink-jobmanager,0.96,618.0
1790611080,rot-kafka,4.66,479.7
1790611080,rot-influxdb,0.03,113.0
1790611080,rot-prometheus,0.04,123.3
1790611080,rot-emqx,4.34,209.3
1790611080,rot-alertmanager,0.08,29.9
1790611080,rot-plant-simulator,0.35,39.4
1790611080,rot-cadvisor,0.34,54.3
1790611083,rot-ai-web-1,0.00,13.0
1790611083,rot-ai-knowledge-1,0.15,156.3
1790611083,rot-ai-alarm-worker-1,0.11,39.9
1790611083,rot-ai-work-db-1,2.38,52.0
1790611083,rot-ai-graph-1,0.81,703.0
1790611083,rot-edgex-app-mqtt-export,0.09,29.8
1790611083,rot-edgex-device-modbus,0.29,21.9
1790611083,rot-edgex-core-command,0.00,14.2
1790611083,rot-edgex-ui,0.00,6.8
1790611083,rot-edgex-core-data,0.11,25.4
1790611083,rot-edgex-core-metadata,0.03,16.5
1790611083,rot-edgex-common-config,0.00,0.9
1790611083,rot-edgex-core-keeper,0.02,23.7
1790611083,rot-flink-taskmanager,5.93,1496.1
1790611083,rot-telegraf-sink,3.98,112.2
1790611083,rot-alert-republisher,0.20,88.3
1790611083,rot-kafka-exporter,0.03,19.8
1790611083,rot-telegraf-bridge,0.45,130.0
1790611083,rot-fuxa,0.96,88.4
1790611083,rot-grafana,0.06,113.7
1790611083,rot-edgex-postgres,0.08,58.8
1790611083,rot-edgex-mqtt-broker,0.05,2.3
1790611083,rot-flink-jobmanager,1.41,620.5
1790611083,rot-kafka,6.69,479.1
1790611083,rot-influxdb,0.03,113.5
1790611083,rot-prometheus,0.25,123.8
1790611083,rot-emqx,4.38,209.3
1790611083,rot-alertmanager,0.08,29.9
1790611083,rot-plant-simulator,0.34,39.6
1790611083,rot-cadvisor,0.31,54.4
1790611087,rot-ai-web-1,0.00,13.0
1790611087,rot-ai-knowledge-1,0.63,156.5
1790611087,rot-ai-alarm-worker-1,0.07,39.9
1790611087,rot-ai-work-db-1,0.53,52.0
1790611087,rot-ai-graph-1,0.83,703.0
1790611087,rot-edgex-app-mqtt-export,0.34,31.2
1790611087,rot-edgex-device-modbus,0.56,22.3
1790611087,rot-edgex-core-command,0.09,14.2
1790611087,rot-edgex-ui,0.00,6.8
1790611087,rot-edgex-core-data,0.19,25.2
1790611087,rot-edgex-core-metadata,0.00,16.5
1790611087,rot-edgex-common-config,0.00,0.9
1790611087,rot-edgex-core-keeper,0.94,25.0
1790611087,rot-flink-taskmanager,10.62,1496.1
1790611087,rot-telegraf-sink,1.02,112.1
1790611087,rot-alert-republisher,0.30,88.8
1790611087,rot-kafka-exporter,4.51,20.9
1790611087,rot-telegraf-bridge,0.35,129.8
1790611087,rot-fuxa,0.35,88.7
1790611087,rot-grafana,0.07,113.7
1790611087,rot-edgex-postgres,0.22,59.5
1790611087,rot-edgex-mqtt-broker,0.05,1.8
1790611087,rot-flink-jobmanager,0.81,623.6
1790611087,rot-kafka,11.07,480.8
1790611087,rot-influxdb,0.46,113.2
1790611087,rot-prometheus,1.06,123.6
1790611087,rot-emqx,2.23,209.1
1790611087,rot-alertmanager,0.10,29.9
1790611087,rot-plant-simulator,0.44,40.3
1790611087,rot-cadvisor,0.26,54.5
1790611091,rot-ai-web-1,0.00,13.0
1790611091,rot-ai-knowledge-1,1.23,154.3
1790611091,rot-ai-alarm-worker-1,0.11,39.4
1790611091,rot-ai-work-db-1,1.21,50.5
1790611091,rot-ai-graph-1,140.03,696.1
1790611091,rot-edgex-app-mqtt-export,0.68,29.4
1790611091,rot-edgex-device-modbus,0.32,21.3
1790611091,rot-edgex-core-command,0.04,14.1
1790611091,rot-edgex-ui,0.00,6.8
1790611091,rot-edgex-core-data,0.69,25.2
1790611091,rot-edgex-core-metadata,0.07,16.4
1790611091,rot-edgex-common-config,0.00,0.9
1790611091,rot-edgex-core-keeper,0.10,23.1
1790611091,rot-flink-taskmanager,8.53,1495.0
1790611091,rot-telegraf-sink,1.59,108.5
1790611091,rot-alert-republisher,0.22,85.1
1790611091,rot-kafka-exporter,0.05,19.4
1790611091,rot-telegraf-bridge,0.63,126.5
1790611091,rot-fuxa,0.20,85.7
1790611091,rot-grafana,0.06,110.0
1790611091,rot-edgex-postgres,1.17,57.5
1790611091,rot-edgex-mqtt-broker,0.07,1.8
1790611091,rot-flink-jobmanager,4.19,624.8
1790611091,rot-kafka,29.77,471.0
1790611091,rot-influxdb,0.04,110.3
1790611091,rot-prometheus,0.27,121.5
1790611091,rot-emqx,49.72,206.5
1790611091,rot-alertmanager,0.13,29.1
1790611091,rot-plant-simulator,0.38,39.1
1790611091,rot-cadvisor,2.76,54.4
1790611095,rot-ai-web-1,0.00,12.9
1790611095,rot-ai-knowledge-1,0.50,154.8
1790611095,rot-ai-alarm-worker-1,0.09,39.9
1790611095,rot-ai-work-db-1,0.43,51.8
1790611095,rot-ai-graph-1,13.53,695.0
1790611095,rot-edgex-app-mqtt-export,0.09,29.0
1790611095,rot-edgex-device-modbus,0.26,21.4
1790611095,rot-edgex-core-command,0.03,13.9
1790611095,rot-edgex-ui,0.00,6.8
1790611095,rot-edgex-core-data,0.13,24.5
1790611095,rot-edgex-core-metadata,0.00,16.2
1790611095,rot-edgex-common-config,0.00,0.9
1790611095,rot-edgex-core-keeper,0.00,23.1
1790611095,rot-flink-taskmanager,11.55,1497.1
1790611095,rot-telegraf-sink,0.87,109.0
1790611095,rot-alert-republisher,0.25,85.1
1790611095,rot-kafka-exporter,0.07,19.4
1790611095,rot-telegraf-bridge,0.38,125.8
1790611095,rot-fuxa,0.16,85.9
1790611095,rot-grafana,0.07,110.0
1790611095,rot-edgex-postgres,0.05,58.0
1790611095,rot-edgex-mqtt-broker,0.05,2.0
1790611095,rot-flink-jobmanager,0.86,625.5
1790611095,rot-kafka,4.10,474.4
1790611095,rot-influxdb,0.28,111.1
1790611095,rot-prometheus,0.08,121.3
1790611095,rot-emqx,2.31,206.0
1790611095,rot-alertmanager,0.08,29.1
1790611095,rot-plant-simulator,0.31,39.1
1790611095,rot-cadvisor,0.20,54.9
1790611098,rot-ai-web-1,2.41,13.0
1790611098,rot-ai-knowledge-1,4.36,155.8
1790611098,rot-ai-alarm-worker-1,0.09,39.2
1790611098,rot-ai-work-db-1,3.85,52.5
1790611098,rot-ai-graph-1,0.82,695.0
1790611098,rot-edgex-app-mqtt-export,0.36,29.0
1790611098,rot-edgex-device-modbus,0.63,21.4
1790611098,rot-edgex-core-command,0.00,13.9
1790611098,rot-edgex-ui,0.00,6.8
1790611098,rot-edgex-core-data,0.33,24.7
1790611098,rot-edgex-core-metadata,0.00,16.2
1790611098,rot-edgex-common-config,0.00,0.9
1790611098,rot-edgex-core-keeper,0.02,23.1
1790611098,rot-flink-taskmanager,10.92,1502.2
1790611098,rot-telegraf-sink,1.46,108.8
1790611098,rot-alert-republisher,0.22,84.6
1790611098,rot-kafka-exporter,0.10,21.3
1790611098,rot-telegraf-bridge,0.36,126.3
1790611098,rot-fuxa,0.17,86.2
1790611098,rot-grafana,0.20,110.0
1790611098,rot-edgex-postgres,0.18,59.1
1790611098,rot-edgex-mqtt-broker,0.15,2.3
1790611098,rot-flink-jobmanager,1.57,643.7
1790611098,rot-kafka,8.44,474.2
1790611098,rot-influxdb,0.20,111.3
1790611098,rot-prometheus,0.61,122.3
1790611098,rot-emqx,2.64,206.3
1790611098,rot-alertmanager,0.09,29.1
1790611098,rot-plant-simulator,0.37,40.1
1790611098,rot-cadvisor,0.41,54.4
1790611101,rot-ai-web-1,0.00,13.0
1790611101,rot-ai-knowledge-1,0.19,155.0
1790611101,rot-ai-alarm-worker-1,0.09,39.2
1790611101,rot-ai-work-db-1,0.00,51.5
1790611101,rot-ai-graph-1,85.51,766.5
1790611101,rot-edgex-app-mqtt-export,0.15,29.0
1790611101,rot-edgex-device-modbus,0.34,21.4
1790611101,rot-edgex-core-command,0.04,13.9
1790611101,rot-edgex-ui,0.00,6.8
1790611101,rot-edgex-core-data,0.24,24.7
1790611101,rot-edgex-core-metadata,0.03,16.2
1790611101,rot-edgex-common-config,0.00,0.9
1790611101,rot-edgex-core-keeper,0.11,23.4
1790611101,rot-flink-taskmanager,8.64,1502.2
1790611101,rot-telegraf-sink,1.18,109.2
1790611101,rot-alert-republisher,0.40,85.4
1790611101,rot-kafka-exporter,0.05,21.1
1790611101,rot-telegraf-bridge,0.26,125.8
1790611101,rot-fuxa,0.24,86.5
1790611101,rot-grafana,0.09,110.0
1790611101,rot-edgex-postgres,0.11,58.8
1790611101,rot-edgex-mqtt-broker,0.06,1.8
1790611101,rot-flink-jobmanager,4.15,647.1
1790611101,rot-kafka,160.26,534.0
1790611101,rot-influxdb,0.04,110.8
1790611101,rot-prometheus,0.54,121.8
1790611101,rot-emqx,118.37,252.5
1790611101,rot-alertmanager,0.10,29.1
1790611101,rot-plant-simulator,0.45,40.0
1790611101,rot-cadvisor,1.31,54.6
1790611105,rot-ai-web-1,0.00,13.0
1790611105,rot-ai-knowledge-1,0.80,155.0
1790611105,rot-ai-alarm-worker-1,0.12,39.4
1790611105,rot-ai-work-db-1,0.92,51.5
1790611105,rot-ai-graph-1,2.07,700.1
1790611105,rot-edgex-app-mqtt-export,0.25,29.0
1790611105,rot-edgex-device-modbus,0.45,21.7
1790611105,rot-edgex-core-command,0.00,13.9
1790611105,rot-edgex-ui,0.00,6.8
1790611105,rot-edgex-core-data,0.23,24.5
1790611105,rot-edgex-core-metadata,0.00,16.2
1790611105,rot-edgex-common-config,0.01,0.9
1790611105,rot-edgex-core-keeper,0.04,23.1
1790611105,rot-flink-taskmanager,22.49,1502.2
1790611105,rot-telegraf-sink,1.11,108.2
1790611105,rot-alert-republisher,0.26,84.6
1790611105,rot-kafka-exporter,0.07,21.0
1790611105,rot-telegraf-bridge,0.58,132.9
1790611105,rot-fuxa,0.23,86.5
1790611105,rot-grafana,0.06,110.0
1790611105,rot-edgex-postgres,5.13,59.2
1790611105,rot-edgex-mqtt-broker,0.07,2.0
1790611105,rot-flink-jobmanager,15.85,652.4
1790611105,rot-kafka,7.05,471.1
1790611105,rot-influxdb,0.35,111.4
1790611105,rot-prometheus,0.26,122.1
1790611105,rot-emqx,1.47,208.0
1790611105,rot-alertmanager,0.23,29.1
1790611105,rot-plant-simulator,0.50,39.8
1790611105,rot-cadvisor,0.39,54.6
1790611109,rot-ai-web-1,0.00,13.0
1790611109,rot-ai-knowledge-1,0.49,155.8
1790611109,rot-ai-alarm-worker-1,0.07,39.4
1790611109,rot-ai-work-db-1,3.96,51.9
1790611109,rot-ai-graph-1,0.82,699.7
1790611109,rot-edgex-app-mqtt-export,0.08,29.2
1790611109,rot-edgex-device-modbus,0.30,21.4
1790611109,rot-edgex-core-command,0.00,13.9
1790611109,rot-edgex-ui,0.00,6.8
1790611109,rot-edgex-core-data,0.25,25.0
1790611109,rot-edgex-core-metadata,0.03,16.2
1790611109,rot-edgex-common-config,0.00,0.9
1790611109,rot-edgex-core-keeper,0.00,23.1
1790611109,rot-flink-taskmanager,4.39,1502.2
1790611109,rot-telegraf-sink,1.01,108.5
1790611109,rot-alert-republisher,0.17,84.6
1790611109,rot-kafka-exporter,0.04,20.8
1790611109,rot-telegraf-bridge,0.34,133.4
1790611109,rot-fuxa,0.13,85.8
1790611109,rot-grafana,0.06,110.0
1790611109,rot-edgex-postgres,0.50,58.7
1790611109,rot-edgex-mqtt-broker,0.04,2.3
1790611109,rot-flink-jobmanager,0.70,651.0
1790611109,rot-kafka,3.22,477.3
1790611109,rot-influxdb,0.38,111.1
1790611109,rot-prometheus,0.41,121.6
1790611109,rot-emqx,2.37,207.8
1790611109,rot-alertmanager,0.08,29.1
1790611109,rot-plant-simulator,0.41,39.8
1790611109,rot-cadvisor,0.41,55.1
1790611112,rot-ai-web-1,0.00,13.0
1790611112,rot-ai-knowledge-1,0.14,155.0
1790611112,rot-ai-alarm-worker-1,0.08,39.4
1790611112,rot-ai-work-db-1,0.00,51.5
1790611112,rot-ai-graph-1,0.81,699.7
1790611112,rot-edgex-app-mqtt-export,0.23,29.3
1790611112,rot-edgex-device-modbus,0.49,21.7
1790611112,rot-edgex-core-command,0.05,14.1
1790611112,rot-edgex-ui,0.00,6.8
1790611112,rot-edgex-core-data,0.13,24.7
1790611112,rot-edgex-core-metadata,0.00,16.2
1790611112,rot-edgex-common-config,0.00,0.9
1790611112,rot-edgex-core-keeper,0.10,23.1
1790611112,rot-flink-taskmanager,4.50,1490.9
1790611112,rot-telegraf-sink,0.86,108.3
1790611112,rot-alert-republisher,0.24,84.6
1790611112,rot-kafka-exporter,0.04,20.8
1790611112,rot-telegraf-bridge,0.28,133.4
1790611112,rot-fuxa,0.19,86.3
1790611112,rot-grafana,0.05,110.0
1790611112,rot-edgex-postgres,0.10,58.5
1790611112,rot-edgex-mqtt-broker,0.06,2.0
1790611112,rot-flink-jobmanager,2.53,654.0
1790611112,rot-kafka,3.52,474.9
1790611112,rot-influxdb,3.57,112.3
1790611112,rot-prometheus,0.14,121.4
1790611112,rot-emqx,72.64,244.0
1790611112,rot-alertmanager,0.10,29.1
1790611112,rot-plant-simulator,0.35,39.8
1790611112,rot-cadvisor,0.39,54.0
1790611116,rot-ai-web-1,0.00,13.0
1790611116,rot-ai-knowledge-1,0.19,155.0
1790611116,rot-ai-alarm-worker-1,0.12,39.4
1790611116,rot-ai-work-db-1,0.00,51.5
1790611116,rot-ai-graph-1,201.12,881.5
1790611116,rot-edgex-app-mqtt-export,0.10,29.3
1790611116,rot-edgex-device-modbus,0.29,21.8
1790611116,rot-edgex-core-command,0.00,13.9
1790611116,rot-edgex-ui,0.00,6.8
1790611116,rot-edgex-core-data,0.31,24.5
1790611116,rot-edgex-core-metadata,0.13,16.4
1790611116,rot-edgex-common-config,0.00,0.9
1790611116,rot-edgex-core-keeper,0.48,23.9
1790611116,rot-flink-taskmanager,35.11,1490.9
1790611116,rot-telegraf-sink,2.02,108.5
1790611116,rot-alert-republisher,0.24,84.9
1790611116,rot-kafka-exporter,0.04,20.8
1790611116,rot-telegraf-bridge,0.49,134.2
1790611116,rot-fuxa,0.19,86.5
1790611116,rot-grafana,1.63,110.0
1790611116,rot-edgex-postgres,5.15,58.7
1790611116,rot-edgex-mqtt-broker,0.11,1.8
1790611116,rot-flink-jobmanager,12.70,660.8
1790611116,rot-kafka,9.60,473.1
1790611116,rot-influxdb,0.61,110.9
1790611116,rot-prometheus,3.30,121.6
1790611116,rot-emqx,3.11,207.6
1790611116,rot-alertmanager,0.18,29.1
1790611116,rot-plant-simulator,9.18,40.3
1790611116,rot-cadvisor,0.44,53.5
1790611120,rot-ai-web-1,0.00,13.0
1790611120,rot-ai-knowledge-1,0.69,155.1
1790611120,rot-ai-alarm-worker-1,0.10,39.4
1790611120,rot-ai-work-db-1,0.73,51.5
1790611120,rot-ai-graph-1,0.77,699.9
1790611120,rot-edgex-app-mqtt-export,0.13,29.1
1790611120,rot-edgex-device-modbus,0.37,21.8
1790611120,rot-edgex-core-command,0.03,13.9
1790611120,rot-edgex-ui,0.00,6.8
1790611120,rot-edgex-core-data,0.16,24.5
1790611120,rot-edgex-core-metadata,0.00,16.2
1790611120,rot-edgex-common-config,0.00,0.9
1790611120,rot-edgex-core-keeper,0.00,23.1
1790611120,rot-flink-taskmanager,4.47,1490.9
1790611120,rot-telegraf-sink,1.11,114.9
1790611120,rot-alert-republisher,0.14,84.6
1790611120,rot-kafka-exporter,0.05,21.5
1790611120,rot-telegraf-bridge,0.25,133.0
1790611120,rot-fuxa,0.16,86.5
1790611120,rot-grafana,0.07,110.0
1790611120,rot-edgex-postgres,0.08,58.2
1790611120,rot-edgex-mqtt-broker,0.06,2.0
1790611120,rot-flink-jobmanager,5.41,661.6
1790611120,rot-kafka,3.71,484.5
1790611120,rot-influxdb,0.04,110.9
1790611120,rot-prometheus,0.02,122.3
1790611120,rot-emqx,1.81,207.8
1790611120,rot-alertmanager,0.09,29.1
1790611120,rot-plant-simulator,0.39,40.0
1790611120,rot-cadvisor,0.27,53.5
1790611124,rot-ai-web-1,0.00,13.0
1790611124,rot-ai-knowledge-1,0.13,155.0
1790611124,rot-ai-alarm-worker-1,0.06,39.4
1790611124,rot-ai-work-db-1,4.17,52.2
1790611124,rot-ai-graph-1,0.79,699.9
1790611124,rot-edgex-app-mqtt-export,0.17,29.1
1790611124,rot-edgex-device-modbus,0.36,21.6
1790611124,rot-edgex-core-command,0.00,13.9
1790611124,rot-edgex-ui,0.00,6.8
1790611124,rot-edgex-core-data,0.18,24.5
1790611124,rot-edgex-core-metadata,0.01,16.2
1790611124,rot-edgex-common-config,0.00,0.9
1790611124,rot-edgex-core-keeper,0.00,23.1
1790611124,rot-flink-taskmanager,4.62,1492.0
1790611124,rot-telegraf-sink,0.90,115.2
1790611124,rot-alert-republisher,0.18,84.9
1790611124,rot-kafka-exporter,0.04,21.5
1790611124,rot-telegraf-bridge,0.20,133.2
1790611124,rot-fuxa,0.24,86.0
1790611124,rot-grafana,0.04,110.0
1790611124,rot-edgex-postgres,0.08,58.5
1790611124,rot-edgex-mqtt-broker,0.05,1.8
1790611124,rot-flink-jobmanager,1.46,664.5
1790611124,rot-kafka,3.29,486.4
1790611124,rot-influxdb,0.05,110.9
1790611124,rot-prometheus,0.00,122.8
1790611124,rot-emqx,87.57,208.4
1790611124,rot-alertmanager,0.11,29.1
1790611124,rot-plant-simulator,0.38,40.0
1790611124,rot-cadvisor,0.84,52.7
1790611127,rot-ai-web-1,0.00,13.0
1790611127,rot-ai-knowledge-1,0.55,155.0
1790611127,rot-ai-alarm-worker-1,0.06,39.4
1790611127,rot-ai-work-db-1,0.44,51.5
1790611127,rot-ai-graph-1,38.10,741.1
1790611127,rot-edgex-app-mqtt-export,0.42,29.6
1790611127,rot-edgex-device-modbus,0.84,22.2
1790611127,rot-edgex-core-command,0.08,14.1
1790611127,rot-edgex-ui,0.00,6.8
1790611127,rot-edgex-core-data,0.54,24.8
1790611127,rot-edgex-core-metadata,0.00,16.2
1790611127,rot-edgex-common-config,0.00,0.9
1790611127,rot-edgex-core-keeper,1.04,24.8
1790611127,rot-flink-taskmanager,14.48,1490.9
1790611127,rot-telegraf-sink,1.34,114.6
1790611127,rot-alert-republisher,0.36,85.1
1790611127,rot-kafka-exporter,5.02,21.4
1790611127,rot-telegraf-bridge,0.57,133.5
1790611127,rot-fuxa,0.36,86.2
1790611127,rot-grafana,0.04,110.0
1790611127,rot-edgex-postgres,0.45,59.0
1790611127,rot-edgex-mqtt-broker,0.08,1.8
1790611127,rot-flink-jobmanager,1.68,668.1
1790611127,rot-kafka,130.91,474.1
1790611127,rot-influxdb,0.58,110.9
1790611127,rot-prometheus,1.84,122.5
1790611127,rot-emqx,0.93,207.6
1790611127,rot-alertmanager,0.11,29.1
1790611127,rot-plant-simulator,11.15,40.3
1790611127,rot-cadvisor,0.00,52.7
1790611131,rot-ai-web-1,0.00,13.0
1790611131,rot-ai-knowledge-1,0.13,155.0
1790611131,rot-ai-alarm-worker-1,0.11,39.4
1790611131,rot-ai-work-db-1,0.00,51.7
1790611131,rot-ai-graph-1,0.70,700.1
1790611131,rot-edgex-app-mqtt-export,0.08,29.1
1790611131,rot-edgex-device-modbus,0.27,22.0
1790611131,rot-edgex-core-command,0.00,13.9
1790611131,rot-edgex-ui,0.00,6.8
1790611131,rot-edgex-core-data,0.10,24.5
1790611131,rot-edgex-core-metadata,0.00,16.2
1790611131,rot-edgex-common-config,0.00,0.9
1790611131,rot-edgex-core-keeper,0.01,23.1
1790611131,rot-flink-taskmanager,19.41,1512.4
1790611131,rot-telegraf-sink,0.88,115.4
1790611131,rot-alert-republisher,0.24,84.9
1790611131,rot-kafka-exporter,0.06,20.9
1790611131,rot-telegraf-bridge,0.22,133.0
1790611131,rot-fuxa,0.15,86.4
1790611131,rot-grafana,0.06,110.0
1790611131,rot-edgex-postgres,0.06,58.9
1790611131,rot-edgex-mqtt-broker,0.05,2.5
1790611131,rot-flink-jobmanager,1.25,668.8
1790611131,rot-kafka,4.55,474.8
1790611131,rot-influxdb,0.51,111.1
1790611131,rot-prometheus,0.05,122.1
1790611131,rot-emqx,1.59,207.6
1790611131,rot-alertmanager,0.07,29.1
1790611131,rot-plant-simulator,0.29,40.3
1790611131,rot-cadvisor,0.03,53.4
1790611134,rot-ai-web-1,0.00,13.0
1790611134,rot-ai-knowledge-1,0.79,155.0
1790611134,rot-ai-alarm-worker-1,0.06,39.4
1790611134,rot-ai-work-db-1,4.40,52.6
1790611134,rot-ai-graph-1,0.80,700.1
1790611134,rot-edgex-app-mqtt-export,0.08,29.1
1790611134,rot-edgex-device-modbus,0.19,22.2
1790611134,rot-edgex-core-command,0.00,13.9
1790611134,rot-edgex-ui,0.00,6.8
1790611134,rot-edgex-core-data,0.08,24.5
1790611134,rot-edgex-core-metadata,0.02,16.2
1790611134,rot-edgex-common-config,0.00,0.9
1790611134,rot-edgex-core-keeper,0.00,23.1
1790611134,rot-flink-taskmanager,4.14,1512.4
1790611134,rot-telegraf-sink,0.73,115.6
1790611134,rot-alert-republisher,0.14,84.9
1790611134,rot-kafka-exporter,0.03,20.9
1790611134,rot-telegraf-bridge,0.21,133.0
1790611134,rot-fuxa,0.13,86.5
1790611134,rot-grafana,0.05,110.0
1790611134,rot-edgex-postgres,0.05,58.4
1790611134,rot-edgex-mqtt-broker,0.04,1.8
1790611134,rot-flink-jobmanager,1.25,671.2
1790611134,rot-kafka,3.07,474.7
1790611134,rot-influxdb,0.05,110.9
1790611134,rot-prometheus,0.60,127.2
1790611134,rot-emqx,33.28,242.3
1790611134,rot-alertmanager,0.07,29.3
1790611134,rot-plant-simulator,0.29,40.1
1790611134,rot-cadvisor,0.15,52.7
1790611137,rot-ai-web-1,0.00,13.0
1790611137,rot-ai-knowledge-1,0.74,155.8
1790611137,rot-ai-alarm-worker-1,0.07,39.6
1790611137,rot-ai-work-db-1,0.57,51.8
1790611137,rot-ai-graph-1,0.85,699.9
1790611137,rot-edgex-app-mqtt-export,0.26,29.9
1790611137,rot-edgex-device-modbus,0.25,22.0
1790611137,rot-edgex-core-command,0.14,14.1
1790611137,rot-edgex-ui,0.00,6.8
1790611137,rot-edgex-core-data,0.38,24.5
1790611137,rot-edgex-core-metadata,0.03,16.2
1790611137,rot-edgex-common-config,0.00,0.9
1790611137,rot-edgex-core-keeper,0.59,24.6
1790611137,rot-flink-taskmanager,8.89,1512.4
1790611137,rot-telegraf-sink,0.88,115.8
1790611137,rot-alert-republisher,0.28,84.9
1790611137,rot-kafka-exporter,3.52,21.5
1790611137,rot-telegraf-bridge,0.18,133.0
1790611137,rot-fuxa,0.27,85.8
1790611137,rot-grafana,0.05,110.0
1790611137,rot-edgex-postgres,0.18,59.2
1790611137,rot-edgex-mqtt-broker,0.06,2.0
1790611137,rot-flink-jobmanager,0.77,671.9
1790611137,rot-kafka,13.46,477.0
1790611137,rot-influxdb,0.39,111.4
1790611137,rot-prometheus,1.15,127.6
1790611137,rot-emqx,1.34,207.4
1790611137,rot-alertmanager,0.06,29.1
1790611137,rot-plant-simulator,6.89,40.6
1790611137,rot-cadvisor,0.09,52.7
1790611140,rot-ai-web-1,0.00,13.0
1790611140,rot-ai-knowledge-1,0.18,155.0
1790611140,rot-ai-alarm-worker-1,0.10,39.6
1790611140,rot-ai-work-db-1,0.01,51.5
1790611140,rot-ai-graph-1,158.67,836.7
1790611140,rot-edgex-app-mqtt-export,0.43,29.4
1790611140,rot-edgex-device-modbus,0.83,22.9
1790611140,rot-edgex-core-command,0.00,13.9
1790611140,rot-edgex-ui,0.00,6.8
1790611140,rot-edgex-core-data,0.21,25.0
1790611140,rot-edgex-core-metadata,0.00,16.2
1790611140,rot-edgex-common-config,0.00,0.9
1790611140,rot-edgex-core-keeper,0.03,23.1
1790611140,rot-flink-taskmanager,5.71,1499.1
1790611140,rot-telegraf-sink,1.29,115.4
1790611140,rot-alert-republisher,0.33,84.6
1790611140,rot-kafka-exporter,0.04,21.1
1790611140,rot-telegraf-bridge,0.72,134.0
1790611140,rot-fuxa,0.21,86.1
1790611140,rot-grafana,0.09,110.0
1790611140,rot-edgex-postgres,0.21,59.4
1790611140,rot-edgex-mqtt-broker,0.10,2.3
1790611140,rot-flink-jobmanager,5.36,673.1
1790611140,rot-kafka,5.50,476.7
1790611140,rot-influxdb,0.34,110.9
1790611140,rot-prometheus,2.10,124.4
1790611140,rot-emqx,1.66,208.1
1790611140,rot-alertmanager,0.09,29.1
1790611140,rot-plant-simulator,0.95,40.1
1790611140,rot-cadvisor,0.20,52.9
1790611144,rot-ai-web-1,0.00,12.9
1790611144,rot-ai-knowledge-1,0.54,154.6
1790611144,rot-ai-alarm-worker-1,0.09,38.9
1790611144,rot-ai-work-db-1,0.46,51.0
1790611144,rot-ai-graph-1,0.76,695.8
1790611144,rot-edgex-app-mqtt-export,0.11,29.0
1790611144,rot-edgex-device-modbus,0.35,22.5
1790611144,rot-edgex-core-command,0.00,13.8
1790611144,rot-edgex-ui,0.00,6.8
1790611144,rot-edgex-core-data,0.10,24.5
1790611144,rot-edgex-core-metadata,0.01,16.0
1790611144,rot-edgex-common-config,0.00,0.9
1790611144,rot-edgex-core-keeper,0.02,23.1
1790611144,rot-flink-taskmanager,4.02,1499.1
1790611144,rot-telegraf-sink,0.82,114.2
1790611144,rot-alert-republisher,0.17,83.5
1790611144,rot-kafka-exporter,0.04,21.0
1790611144,rot-telegraf-bridge,1.80,132.3
1790611144,rot-fuxa,0.87,86.9
1790611144,rot-grafana,0.06,108.8
1790611144,rot-edgex-postgres,0.10,58.6
1790611144,rot-edgex-mqtt-broker,0.04,1.8
1790611144,rot-flink-jobmanager,1.26,673.8
1790611144,rot-kafka,3.39,472.9
1790611144,rot-influxdb,4.02,110.5
1790611144,rot-prometheus,0.20,118.0
1790611144,rot-emqx,2.75,206.8
1790611144,rot-alertmanager,0.10,28.8
1790611144,rot-plant-simulator,0.40,40.0
1790611144,rot-cadvisor,0.30,53.2
1790611147,rot-ai-web-1,0.00,12.9
1790611147,rot-ai-knowledge-1,0.17,154.6
1790611147,rot-ai-alarm-worker-1,0.09,39.1
1790611147,rot-ai-work-db-1,0.00,51.0
1790611147,rot-ai-graph-1,0.80,695.6
1790611147,rot-edgex-app-mqtt-export,0.19,29.1
1790611147,rot-edgex-device-modbus,0.46,22.5
1790611147,rot-edgex-core-command,0.07,13.8
1790611147,rot-edgex-ui,0.00,6.8
1790611147,rot-edgex-core-data,0.36,24.2
1790611147,rot-edgex-core-metadata,0.07,16.0
1790611147,rot-edgex-common-config,0.00,0.9
1790611147,rot-edgex-core-keeper,0.76,23.4
1790611147,rot-flink-taskmanager,11.89,1498.1
1790611147,rot-telegraf-sink,1.46,113.7
1790611147,rot-alert-republisher,0.37,83.7
1790611147,rot-kafka-exporter,2.29,21.5
1790611147,rot-telegraf-bridge,0.48,135.8
1790611147,rot-fuxa,0.21,86.3
1790611147,rot-grafana,0.07,108.8
1790611147,rot-edgex-postgres,3.27,59.2
1790611147,rot-edgex-mqtt-broker,0.06,1.8
1790611147,rot-flink-jobmanager,1.02,676.7
1790611147,rot-kafka,15.41,475.4
1790611147,rot-influxdb,0.48,110.7
1790611147,rot-prometheus,1.80,118.5
1790611147,rot-emqx,1.16,206.8
1790611147,rot-alertmanager,0.10,28.8
1790611147,rot-plant-simulator,8.77,40.1
1790611147,rot-cadvisor,0.11,52.7
1790611150,rot-ai-web-1,0.00,12.9
1790611150,rot-ai-knowledge-1,0.66,154.9
1790611150,rot-ai-alarm-worker-1,0.06,38.9
1790611150,rot-ai-work-db-1,0.35,51.3
1790611150,rot-ai-graph-1,0.99,695.6
1790611150,rot-edgex-app-mqtt-export,0.12,29.1
1790611150,rot-edgex-device-modbus,0.27,22.8
1790611150,rot-edgex-core-command,0.03,13.8
1790611150,rot-edgex-ui,0.00,6.8
1790611150,rot-edgex-core-data,0.19,24.5
1790611150,rot-edgex-core-metadata,0.00,16.0
1790611150,rot-edgex-common-config,0.00,0.9
1790611150,rot-edgex-core-keeper,0.00,22.9
1790611150,rot-flink-taskmanager,4.49,1499.1
1790611150,rot-telegraf-sink,0.93,114.2
1790611150,rot-alert-republisher,0.22,91.2
1790611150,rot-kafka-exporter,0.04,20.1
1790611150,rot-telegraf-bridge,0.33,139.8
1790611150,rot-fuxa,0.13,85.8
1790611150,rot-grafana,0.09,108.8
1790611150,rot-edgex-postgres,0.09,58.6
1790611150,rot-edgex-mqtt-broker,0.04,1.8
1790611150,rot-flink-jobmanager,4.45,678.7
1790611150,rot-kafka,143.83,540.5
1790611150,rot-influxdb,0.03,110.5
1790611150,rot-prometheus,0.04,118.0
1790611150,rot-emqx,0.95,207.0
1790611150,rot-alertmanager,0.09,28.8
1790611150,rot-plant-simulator,0.32,39.6
1790611150,rot-cadvisor,0.14,53.7
1790611153,rot-ai-web-1,0.00,12.9
1790611153,rot-ai-knowledge-1,0.97,154.9
1790611153,rot-ai-alarm-worker-1,0.09,39.1
1790611153,rot-ai-work-db-1,0.99,51.0
1790611153,rot-ai-graph-1,220.53,865.8
1790611153,rot-edgex-app-mqtt-export,0.43,29.2
1790611153,rot-edgex-device-modbus,0.81,23.0
1790611153,rot-edgex-core-command,0.00,13.8
1790611153,rot-edgex-ui,0.00,6.8
1790611153,rot-edgex-core-data,0.24,24.2
1790611153,rot-edgex-core-metadata,0.00,16.0
1790611153,rot-edgex-common-config,0.00,0.9
1790611153,rot-edgex-core-keeper,0.02,22.9
1790611153,rot-flink-taskmanager,8.33,1502.2
1790611153,rot-telegraf-sink,1.69,113.2
1790611153,rot-alert-republisher,0.38,91.9
1790611153,rot-kafka-exporter,0.09,20.1
1790611153,rot-telegraf-bridge,0.41,139.8
1790611153,rot-fuxa,0.29,86.1
1790611153,rot-grafana,0.09,108.8
1790611153,rot-edgex-postgres,0.26,58.3
1790611153,rot-edgex-mqtt-broker,0.11,2.0
1790611153,rot-flink-jobmanager,2.41,681.2
1790611153,rot-kafka,5.75,475.1
1790611153,rot-influxdb,4.57,110.9
1790611153,rot-prometheus,0.28,118.4
1790611153,rot-emqx,3.05,207.5
1790611153,rot-alertmanager,0.12,28.8
1790611153,rot-plant-simulator,1.56,40.4
1790611153,rot-cadvisor,0.28,53.0
1790611157,rot-ai-web-1,0.00,12.9
1790611157,rot-ai-knowledge-1,0.17,154.3
1790611157,rot-ai-alarm-worker-1,0.06,39.0
1790611157,rot-ai-work-db-1,0.00,50.7
1790611157,rot-ai-graph-1,0.85,692.3
1790611157,rot-edgex-app-mqtt-export,0.15,28.7
1790611157,rot-edgex-device-modbus,0.34,22.4
1790611157,rot-edgex-core-command,0.09,14.2
1790611157,rot-edgex-ui,0.00,6.8
1790611157,rot-edgex-core-data,0.16,24.3
1790611157,rot-edgex-core-metadata,0.10,16.1
1790611157,rot-edgex-common-config,0.00,0.9
1790611157,rot-edgex-core-keeper,0.80,24.2
1790611157,rot-flink-taskmanager,18.72,1503.2
1790611157,rot-telegraf-sink,1.15,113.0
1790611157,rot-alert-republisher,0.25,90.4
1790611157,rot-kafka-exporter,0.03,20.1
1790611157,rot-telegraf-bridge,0.21,139.9
1790611157,rot-fuxa,0.17,85.9
1790611157,rot-grafana,0.04,107.9
1790611157,rot-edgex-postgres,2.91,59.0
1790611157,rot-edgex-mqtt-broker,0.07,1.8
1790611157,rot-flink-jobmanager,4.99,680.8
1790611157,rot-kafka,5.01,475.1
1790611157,rot-influxdb,0.65,110.1
1790611157,rot-prometheus,1.40,117.3
1790611157,rot-emqx,104.75,207.0
1790611157,rot-alertmanager,0.11,28.6
1790611157,rot-plant-simulator,0.38,39.8
1790611157,rot-cadvisor,0.14,52.4
1790611160,rot-ai-web-1,0.00,12.9
1790611160,rot-ai-knowledge-1,0.53,154.7
1790611160,rot-ai-alarm-worker-1,0.06,39.2
1790611160,rot-ai-work-db-1,4.21,51.2
1790611160,rot-ai-graph-1,0.74,692.3
1790611160,rot-edgex-app-mqtt-export,0.15,29.0
1790611160,rot-edgex-device-modbus,0.21,22.4
1790611160,rot-edgex-core-command,0.01,13.7
1790611160,rot-edgex-ui,0.00,6.8
1790611160,rot-edgex-core-data,0.09,24.0
1790611160,rot-edgex-core-metadata,0.00,15.9
1790611160,rot-edgex-common-config,0.00,0.9
1790611160,rot-edgex-core-keeper,0.00,22.7
1790611160,rot-flink-taskmanager,4.31,1502.2
1790611160,rot-telegraf-sink,0.78,112.8
1790611160,rot-alert-republisher,0.18,90.7
1790611160,rot-kafka-exporter,0.06,21.2
1790611160,rot-telegraf-bridge,0.20,140.6
1790611160,rot-fuxa,0.26,86.3
1790611160,rot-grafana,0.04,107.9
1790611160,rot-edgex-postgres,0.05,58.2
1790611160,rot-edgex-mqtt-broker,0.07,2.3
1790611160,rot-flink-jobmanager,6.64,682.4
1790611160,rot-kafka,3.57,481.3
1790611160,rot-influxdb,0.05,110.1
1790611160,rot-prometheus,0.01,117.2
1790611160,rot-emqx,0.84,206.3
1790611160,rot-alertmanager,0.11,28.6
1790611160,rot-plant-simulator,0.47,39.6
1790611160,rot-cadvisor,0.19,52.7
1790611163,rot-ai-web-1,0.00,12.9
1790611163,rot-ai-knowledge-1,0.58,155.7
1790611163,rot-ai-alarm-worker-1,0.07,39.2
1790611163,rot-ai-work-db-1,0.67,51.6
1790611163,rot-ai-graph-1,1.01,692.3
1790611163,rot-edgex-app-mqtt-export,0.41,28.7
1790611163,rot-edgex-device-modbus,0.60,22.4
1790611163,rot-edgex-core-command,0.00,13.7
1790611163,rot-edgex-ui,0.00,6.8
1790611163,rot-edgex-core-data,0.27,24.0
1790611163,rot-edgex-core-metadata,0.00,15.9
1790611163,rot-edgex-common-config,0.00,0.9
1790611163,rot-edgex-core-keeper,0.06,23.0
1790611163,rot-flink-taskmanager,7.47,1504.3
1790611163,rot-telegraf-sink,1.24,112.8
1790611163,rot-alert-republisher,0.28,90.4
1790611163,rot-kafka-exporter,0.05,21.2
1790611163,rot-telegraf-bridge,0.45,140.1
1790611163,rot-fuxa,0.24,86.3
1790611163,rot-grafana,0.04,107.9
1790611163,rot-edgex-postgres,0.15,58.2
1790611163,rot-edgex-mqtt-broker,0.06,1.8
1790611163,rot-flink-jobmanager,1.54,692.4
1790611163,rot-kafka,103.31,475.0
1790611163,rot-influxdb,2.57,110.8
1790611163,rot-prometheus,0.27,118.5
1790611163,rot-emqx,3.14,206.6
1790611163,rot-alertmanager,0.09,28.6
1790611163,rot-plant-simulator,0.62,39.6
1790611163,rot-cadvisor,0.22,53.0
1790611166,rot-ai-web-1,0.00,12.9
1790611166,rot-ai-knowledge-1,0.20,154.5
1790611166,rot-ai-alarm-worker-1,0.09,39.0
1790611166,rot-ai-work-db-1,0.02,50.8
1790611166,rot-ai-graph-1,212.29,879.4
1790611166,rot-edgex-app-mqtt-export,0.44,29.3
1790611166,rot-edgex-device-modbus,0.91,22.9
1790611166,rot-edgex-core-command,0.00,13.7
1790611166,rot-edgex-ui,0.00,6.8
1790611166,rot-edgex-core-data,0.45,24.4
1790611166,rot-edgex-core-metadata,0.10,15.9
1790611166,rot-edgex-common-config,0.00,0.9
1790611166,rot-edgex-core-keeper,0.26,23.0
1790611166,rot-flink-taskmanager,50.46,1514.5
1790611166,rot-telegraf-sink,1.37,112.8
1790611166,rot-alert-republisher,0.28,90.4
1790611166,rot-kafka-exporter,0.04,21.2
1790611166,rot-telegraf-bridge,0.49,140.4
1790611166,rot-fuxa,0.18,85.7
1790611166,rot-grafana,0.04,107.9
1790611166,rot-edgex-postgres,0.37,59.0
1790611166,rot-edgex-mqtt-broker,0.08,1.8
1790611166,rot-flink-jobmanager,8.52,695.2
1790611166,rot-kafka,5.06,474.4
1790611166,rot-influxdb,0.68,110.4
1790611166,rot-prometheus,0.15,117.2
1790611166,rot-emqx,1.61,206.3
1790611166,rot-alertmanager,0.11,28.6
1790611166,rot-plant-simulator,1.34,39.8
1790611166,rot-cadvisor,0.60,52.5
1790611170,rot-ai-web-1,0.00,13.2
1790611170,rot-ai-knowledge-1,0.50,154.4
1790611170,rot-ai-alarm-worker-1,0.07,38.8
1790611170,rot-ai-work-db-1,4.15,51.0
1790611170,rot-ai-graph-1,0.78,690.2
1790611170,rot-edgex-app-mqtt-export,0.11,28.3
1790611170,rot-edgex-device-modbus,0.29,22.5
1790611170,rot-edgex-core-command,0.01,13.6
1790611170,rot-edgex-ui,0.00,6.8
1790611170,rot-edgex-core-data,0.11,24.0
1790611170,rot-edgex-core-metadata,0.04,15.8
1790611170,rot-edgex-common-config,0.00,0.9
1790611170,rot-edgex-core-keeper,0.00,22.6
1790611170,rot-flink-taskmanager,6.25,1515.5
1790611170,rot-telegraf-sink,0.63,113.1
1790611170,rot-alert-republisher,0.17,89.7
1790611170,rot-kafka-exporter,0.04,20.8
1790611170,rot-telegraf-bridge,0.24,139.3
1790611170,rot-fuxa,0.12,85.8
1790611170,rot-grafana,0.03,107.0
1790611170,rot-edgex-postgres,0.06,58.1
1790611170,rot-edgex-mqtt-broker,0.05,2.0
1790611170,rot-flink-jobmanager,0.90,692.9
1790611170,rot-kafka,14.49,475.6
1790611170,rot-influxdb,0.03,109.4
1790611170,rot-prometheus,0.00,116.7
1790611170,rot-emqx,2.14,206.6
1790611170,rot-alertmanager,0.10,28.4
1790611170,rot-plant-simulator,0.29,39.2
1790611170,rot-cadvisor,0.26,52.5
1790611173,rot-ai-web-1,0.00,12.9
1790611173,rot-ai-knowledge-1,0.18,154.1
1790611173,rot-ai-alarm-worker-1,0.06,38.8
1790611173,rot-ai-work-db-1,0.00,50.8
1790611173,rot-ai-graph-1,0.74,690.2
1790611173,rot-edgex-app-mqtt-export,0.19,28.8
1790611173,rot-edgex-device-modbus,0.36,22.2
1790611173,rot-edgex-core-command,0.00,13.6
1790611173,rot-edgex-ui,0.00,6.8
1790611173,rot-edgex-core-data,0.18,24.2
1790611173,rot-edgex-core-metadata,0.00,15.8
1790611173,rot-edgex-common-config,0.00,0.9
1790611173,rot-edgex-core-keeper,0.09,23.1
1790611173,rot-flink-taskmanager,7.47,1509.4
1790611173,rot-telegraf-sink,1.00,112.6
1790611173,rot-alert-republisher,0.26,89.5
1790611173,rot-kafka-exporter,0.06,20.8
1790611173,rot-telegraf-bridge,0.32,139.8
1790611173,rot-fuxa,0.22,85.8
1790611173,rot-grafana,0.03,107.0
1790611173,rot-edgex-postgres,0.13,58.8
1790611173,rot-edgex-mqtt-broker,0.07,2.0
1790611173,rot-flink-jobmanager,1.22,696.5
1790611173,rot-kafka,4.00,476.7
1790611173,rot-influxdb,0.35,109.9
1790611173,rot-prometheus,0.00,116.5
1790611173,rot-emqx,2.95,206.1
1790611173,rot-alertmanager,0.08,28.4
1790611173,rot-plant-simulator,0.44,39.5
1790611173,rot-cadvisor,0.24,53.0
1790611176,rot-ai-web-1,0.00,12.9
1790611176,rot-ai-knowledge-1,1.12,154.1
1790611176,rot-ai-alarm-worker-1,0.11,39.3
1790611176,rot-ai-work-db-1,1.23,50.9
1790611176,rot-ai-graph-1,1.01,690.2
1790611176,rot-edgex-app-mqtt-export,0.34,28.3
1790611176,rot-edgex-device-modbus,0.57,24.7
1790611176,rot-edgex-core-command,0.00,13.6
1790611176,rot-edgex-ui,0.00,6.8
1790611176,rot-edgex-core-data,0.32,24.0
1790611176,rot-edgex-core-metadata,0.07,16.3
1790611176,rot-edgex-common-config,0.00,0.9
1790611176,rot-edgex-core-keeper,0.26,23.1
1790611176,rot-flink-taskmanager,22.52,1510.4
1790611176,rot-telegraf-sink,1.66,111.9
1790611176,rot-alert-republisher,0.29,89.2
1790611176,rot-kafka-exporter,0.06,20.8
1790611176,rot-telegraf-bridge,0.44,139.0
1790611176,rot-fuxa,0.24,86.0
1790611176,rot-grafana,0.08,107.0
1790611176,rot-edgex-postgres,0.21,58.6
1790611176,rot-edgex-mqtt-broker,0.06,1.8
1790611176,rot-flink-jobmanager,6.44,700.8
1790611176,rot-kafka,5.88,475.0
1790611176,rot-influxdb,0.27,109.4
1790611176,rot-prometheus,0.38,117.0
1790611176,rot-emqx,1.96,206.1
1790611176,rot-alertmanager,0.91,28.4
1790611176,rot-plant-simulator,0.87,39.5
1790611176,rot-cadvisor,6.49,53.2
1790611179,rot-ai-web-1,2.57,12.9
1790611179,rot-ai-knowledge-1,5.54,154.2
1790611179,rot-ai-alarm-worker-1,0.11,38.5
1790611179,rot-ai-work-db-1,0.53,51.4
1790611179,rot-ai-graph-1,155.99,690.0
1790611179,rot-edgex-app-mqtt-export,0.21,28.1
1790611179,rot-edgex-device-modbus,0.40,24.6
1790611179,rot-edgex-core-command,0.02,13.5
1790611179,rot-edgex-ui,0.00,6.8
1790611179,rot-edgex-core-data,0.27,24.4
1790611179,rot-edgex-core-metadata,0.02,15.8
1790611179,rot-edgex-common-config,0.00,0.9
1790611179,rot-edgex-core-keeper,0.00,22.5
1790611179,rot-flink-taskmanager,4.73,1507.3
1790611179,rot-telegraf-sink,1.34,111.0
1790611179,rot-alert-republisher,0.32,88.8
1790611179,rot-kafka-exporter,0.08,20.8
1790611179,rot-telegraf-bridge,0.36,138.3
1790611179,rot-fuxa,0.34,85.5
1790611179,rot-grafana,0.09,106.4
1790611179,rot-edgex-postgres,0.11,57.9
1790611179,rot-edgex-mqtt-broker,0.07,2.3
1790611179,rot-flink-jobmanager,1.19,698.8
1790611179,rot-kafka,4.53,475.9
1790611179,rot-influxdb,0.54,109.1
1790611179,rot-prometheus,0.82,116.2
1790611179,rot-emqx,91.89,205.9
1790611179,rot-alertmanager,0.11,28.3
1790611179,rot-plant-simulator,0.64,39.1
1790611179,rot-cadvisor,0.34,52.8
1790611182,rot-ai-web-1,0.00,12.9
1790611182,rot-ai-knowledge-1,0.19,153.7
1790611182,rot-ai-alarm-worker-1,0.13,39.2
1790611182,rot-ai-work-db-1,0.01,50.8
1790611182,rot-ai-graph-1,1.05,689.4
1790611182,rot-edgex-app-mqtt-export,0.47,28.8
1790611182,rot-edgex-device-modbus,0.56,25.1
1790611182,rot-edgex-core-command,0.08,13.5
1790611182,rot-edgex-ui,0.00,6.8
1790611182,rot-edgex-core-data,0.92,25.1
1790611182,rot-edgex-core-metadata,0.00,15.8
1790611182,rot-edgex-common-config,0.00,0.9
1790611182,rot-edgex-core-keeper,0.15,22.5
1790611182,rot-flink-taskmanager,7.87,1506.3
1790611182,rot-telegraf-sink,2.03,111.5
1790611182,rot-alert-republisher,0.41,88.8
1790611182,rot-kafka-exporter,0.05,20.8
1790611182,rot-telegraf-bridge,0.39,139.5
1790611182,rot-fuxa,0.26,85.7
1790611182,rot-grafana,0.13,106.4
1790611182,rot-edgex-postgres,4.35,59.0
1790611182,rot-edgex-mqtt-broker,0.17,1.8
1790611182,rot-flink-jobmanager,3.00,689.6
1790611182,rot-kafka,5.83,474.8
1790611182,rot-influxdb,0.49,109.1
1790611182,rot-prometheus,0.18,116.0
1790611182,rot-emqx,2.25,206.1
1790611182,rot-alertmanager,0.10,28.3
1790611182,rot-plant-simulator,0.72,39.1
1790611182,rot-cadvisor,0.37,52.8
1790611186,rot-ai-web-1,0.00,12.9
1790611186,rot-ai-knowledge-1,0.96,153.7
1790611186,rot-ai-alarm-worker-1,0.09,38.5
1790611186,rot-ai-work-db-1,1.01,51.1
1790611186,rot-ai-graph-1,1.20,689.6
1790611186,rot-edgex-app-mqtt-export,0.20,28.5
1790611186,rot-edgex-device-modbus,0.51,24.4
1790611186,rot-edgex-core-command,0.00,13.5
1790611186,rot-edgex-ui,0.00,6.9
1790611186,rot-edgex-core-data,0.24,24.7
1790611186,rot-edgex-core-metadata,0.00,15.8
1790611186,rot-edgex-common-config,0.00,0.9
1790611186,rot-edgex-core-keeper,0.03,22.5
1790611186,rot-flink-taskmanager,27.69,1507.3
1790611186,rot-telegraf-sink,1.30,111.3
1790611186,rot-alert-republisher,0.34,88.5
1790611186,rot-kafka-exporter,0.07,20.8
1790611186,rot-telegraf-bridge,0.41,138.3
1790611186,rot-fuxa,0.25,85.8
1790611186,rot-grafana,0.11,106.4
1790611186,rot-edgex-postgres,0.11,58.3
1790611186,rot-edgex-mqtt-broker,0.06,1.8
1790611186,rot-flink-jobmanager,6.74,694.7
1790611186,rot-kafka,194.09,532.3
1790611186,rot-influxdb,0.30,109.3
1790611186,rot-prometheus,0.25,116.5
1790611186,rot-emqx,1.75,206.4
1790611186,rot-alertmanager,0.12,28.3
1790611186,rot-plant-simulator,0.58,38.9
1790611186,rot-cadvisor,0.27,52.7
1790611189,rot-ai-web-1,2.04,13.6
1790611189,rot-ai-knowledge-1,2.69,154.3
1790611189,rot-ai-alarm-worker-1,0.07,38.7
1790611189,rot-ai-work-db-1,0.00,50.8
1790611189,rot-ai-graph-1,1.03,689.6
1790611189,rot-edgex-app-mqtt-export,0.15,28.5
1790611189,rot-edgex-device-modbus,0.38,24.7
1790611189,rot-edgex-core-command,0.00,13.6
1790611189,rot-edgex-ui,0.00,6.9
1790611189,rot-edgex-core-data,0.24,24.7
1790611189,rot-edgex-core-metadata,0.21,16.0
1790611189,rot-edgex-common-config,0.00,0.9
1790611189,rot-edgex-core-keeper,0.00,22.5
1790611189,rot-flink-taskmanager,4.41,1501.2
1790611189,rot-telegraf-sink,1.04,111.5
1790611189,rot-alert-republisher,0.27,89.0
1790611189,rot-kafka-exporter,0.05,20.9
1790611189,rot-telegraf-bridge,0.27,138.5
1790611189,rot-fuxa,0.16,85.8
1790611189,rot-grafana,1.43,111.0
1790611189,rot-edgex-postgres,0.56,58.3
1790611189,rot-edgex-mqtt-broker,0.09,2.5
1790611189,rot-flink-jobmanager,0.86,693.2
1790611189,rot-kafka,3.41,478.4
1790611189,rot-influxdb,0.44,108.9
1790611189,rot-prometheus,0.49,116.3
1790611189,rot-emqx,1.45,205.9
1790611189,rot-alertmanager,0.11,28.3
1790611189,rot-plant-simulator,0.42,39.0
1790611189,rot-cadvisor,0.20,52.8
1790611192,rot-ai-web-1,0.00,12.8
1790611192,rot-ai-knowledge-1,0.82,152.7
1790611192,rot-ai-alarm-worker-1,0.06,38.3
1790611192,rot-ai-work-db-1,1.18,50.1
1790611192,rot-ai-graph-1,126.74,684.6
1790611192,rot-edgex-app-mqtt-export,0.32,27.7
1790611192,rot-edgex-device-modbus,0.50,23.8
1790611192,rot-edgex-core-command,0.06,13.2
1790611192,rot-edgex-ui,0.00,6.9
1790611192,rot-edgex-core-data,0.49,24.1
1790611192,rot-edgex-core-metadata,0.00,15.3
1790611192,rot-edgex-common-config,0.00,0.9
1790611192,rot-edgex-core-keeper,0.15,22.3
1790611192,rot-flink-taskmanager,8.82,1512.4
1790611192,rot-telegraf-sink,1.05,107.6
1790611192,rot-alert-republisher,1.41,88.6
1790611192,rot-kafka-exporter,0.09,20.3
1790611192,rot-telegraf-bridge,0.39,132.9
1790611192,rot-fuxa,0.31,85.5
1790611192,rot-grafana,0.08,107.0
1790611192,rot-edgex-postgres,2.80,58.4
1790611192,rot-edgex-mqtt-broker,0.09,2.3
1790611192,rot-flink-jobmanager,4.66,695.7
1790611192,rot-kafka,9.38,472.4
1790611192,rot-influxdb,0.03,105.6
1790611192,rot-prometheus,0.22,114.1
1790611192,rot-emqx,1.17,203.7
1790611192,rot-alertmanager,0.08,27.6
1790611192,rot-plant-simulator,0.87,38.7
1790611192,rot-cadvisor,0.03,52.1
1790611195,rot-ai-web-1,0.00,12.8
1790611195,rot-ai-knowledge-1,0.54,153.0
1790611195,rot-ai-alarm-worker-1,0.08,38.8
1790611195,rot-ai-work-db-1,4.04,50.8
1790611195,rot-ai-graph-1,0.83,683.7
1790611195,rot-edgex-app-mqtt-export,0.15,28.4
1790611195,rot-edgex-device-modbus,0.29,23.6
1790611195,rot-edgex-core-command,0.00,13.2
1790611195,rot-edgex-ui,0.00,6.9
1790611195,rot-edgex-core-data,0.16,24.1
1790611195,rot-edgex-core-metadata,0.00,15.3
1790611195,rot-edgex-common-config,0.00,0.9
1790611195,rot-edgex-core-keeper,0.03,22.1
1790611195,rot-flink-taskmanager,11.89,1513.5
1790611195,rot-telegraf-sink,1.35,108.4
1790611195,rot-alert-republisher,0.22,88.1
1790611195,rot-kafka-exporter,0.08,20.3
1790611195,rot-telegraf-bridge,0.25,133.1
1790611195,rot-fuxa,0.17,84.8
1790611195,rot-grafana,0.09,107.0
1790611195,rot-edgex-postgres,0.09,57.9
1790611195,rot-edgex-mqtt-broker,0.06,1.8
1790611195,rot-flink-jobmanager,12.64,698.7
1790611195,rot-kafka,5.27,474.6
1790611195,rot-influxdb,0.03,105.6
1790611195,rot-prometheus,0.08,113.4
1790611195,rot-emqx,0.76,203.6
1790611195,rot-alertmanager,0.07,27.6
1790611195,rot-plant-simulator,0.33,38.2
1790611195,rot-cadvisor,0.22,50.3
1790611199,rot-ai-web-1,2.51,13.0
1790611199,rot-ai-knowledge-1,3.82,154.6
1790611199,rot-ai-alarm-worker-1,0.07,38.9
1790611199,rot-ai-work-db-1,0.00,50.8
1790611199,rot-ai-graph-1,0.81,683.7
1790611199,rot-edgex-app-mqtt-export,0.39,27.5
1790611199,rot-edgex-device-modbus,0.41,23.8
1790611199,rot-edgex-core-command,0.00,13.2
1790611199,rot-edgex-ui,0.00,6.9
1790611199,rot-edgex-core-data,0.19,24.1
1790611199,rot-edgex-core-metadata,0.02,15.3
1790611199,rot-edgex-common-config,0.00,0.9
1790611199,rot-edgex-core-keeper,0.02,21.8
1790611199,rot-flink-taskmanager,4.53,1513.5
1790611199,rot-telegraf-sink,1.24,115.4
1790611199,rot-alert-republisher,0.26,88.9
1790611199,rot-kafka-exporter,0.07,20.0
1790611199,rot-telegraf-bridge,0.36,133.1
1790611199,rot-fuxa,0.20,84.8
1790611199,rot-grafana,0.10,107.1
1790611199,rot-edgex-postgres,0.13,57.6
1790611199,rot-edgex-mqtt-broker,0.06,1.8
1790611199,rot-flink-jobmanager,1.05,693.9
1790611199,rot-kafka,160.59,559.9
1790611199,rot-influxdb,0.43,105.9
1790611199,rot-prometheus,0.91,113.4
1790611199,rot-emqx,0.77,204.1
1790611199,rot-alertmanager,0.09,27.6
1790611199,rot-plant-simulator,0.44,39.4
1790611199,rot-cadvisor,0.21,50.3
1790611202,rot-ai-web-1,0.00,12.8
1790611202,rot-ai-knowledge-1,0.53,153.8
1790611202,rot-ai-alarm-worker-1,0.07,38.4
1790611202,rot-ai-work-db-1,0.50,50.8
1790611202,rot-ai-graph-1,0.67,683.7
1790611202,rot-edgex-app-mqtt-export,0.15,27.5
1790611202,rot-edgex-device-modbus,0.30,23.6
1790611202,rot-edgex-core-command,0.07,13.2
1790611202,rot-edgex-ui,0.00,6.9
1790611202,rot-edgex-core-data,0.24,23.8
1790611202,rot-edgex-core-metadata,0.01,15.3
1790611202,rot-edgex-common-config,0.00,0.9
1790611202,rot-edgex-core-keeper,0.08,21.8
1790611202,rot-flink-taskmanager,9.96,1488.9
1790611202,rot-telegraf-sink,1.07,115.0
1790611202,rot-alert-republisher,0.24,88.9
1790611202,rot-kafka-exporter,0.03,20.0
1790611202,rot-telegraf-bridge,0.24,133.4
1790611202,rot-fuxa,0.27,85.2
1790611202,rot-grafana,0.05,107.1
1790611202,rot-edgex-postgres,2.06,58.1
1790611202,rot-edgex-mqtt-broker,0.07,2.0
1790611202,rot-flink-jobmanager,2.91,697.7
1790611202,rot-kafka,4.04,472.6
1790611202,rot-influxdb,0.04,105.6
1790611202,rot-prometheus,0.34,113.6
1790611202,rot-emqx,83.13,205.1
1790611202,rot-alertmanager,0.09,27.6
1790611202,rot-plant-simulator,0.42,38.9
1790611202,rot-cadvisor,0.77,50.8
1790611205,rot-ai-web-1,0.00,12.8
1790611205,rot-ai-knowledge-1,0.22,153.8
1790611205,rot-ai-alarm-worker-1,0.09,38.6
1790611205,rot-ai-work-db-1,6.86,51.2
1790611205,rot-ai-graph-1,48.52,685.7
1790611205,rot-edgex-app-mqtt-export,0.18,27.5
1790611205,rot-edgex-device-modbus,0.66,23.8
1790611205,rot-edgex-core-command,0.00,13.2
1790611205,rot-edgex-ui,0.00,6.9
1790611205,rot-edgex-core-data,0.49,24.3
1790611205,rot-edgex-core-metadata,0.00,15.3
1790611205,rot-edgex-common-config,0.00,0.9
1790611205,rot-edgex-core-keeper,0.03,21.8
1790611205,rot-flink-taskmanager,11.48,1488.9
1790611205,rot-telegraf-sink,1.75,115.4
1790611205,rot-alert-republisher,0.29,88.3
1790611205,rot-kafka-exporter,0.08,20.0
1790611205,rot-telegraf-bridge,0.45,132.8
1790611205,rot-fuxa,0.26,85.5
1790611205,rot-grafana,0.06,107.1
1790611205,rot-edgex-postgres,0.19,57.6
1790611205,rot-edgex-mqtt-broker,0.09,2.0
1790611205,rot-flink-jobmanager,1.45,697.4
1790611205,rot-kafka,11.60,476.3
1790611205,rot-influxdb,0.55,105.9
1790611205,rot-prometheus,0.19,113.4
1790611205,rot-emqx,1.10,204.6
1790611205,rot-alertmanager,0.20,27.6
1790611205,rot-plant-simulator,0.70,39.7
1790611205,rot-cadvisor,1.67,51.6
1790611209,rot-ai-web-1,1.94,14.0
1790611209,rot-ai-knowledge-1,2.44,154.7
1790611209,rot-ai-alarm-worker-1,0.05,38.4
1790611209,rot-ai-work-db-1,0.39,51.1
1790611209,rot-ai-graph-1,1.07,685.2
1790611209,rot-edgex-app-mqtt-export,0.10,27.7
1790611209,rot-edgex-device-modbus,0.30,23.6
1790611209,rot-edgex-core-command,0.00,16.2
1790611209,rot-edgex-ui,0.00,6.9
1790611209,rot-edgex-core-data,0.11,24.4
1790611209,rot-edgex-core-metadata,0.02,15.3
1790611209,rot-edgex-common-config,0.00,0.9
1790611209,rot-edgex-core-keeper,0.04,22.4
1790611209,rot-flink-taskmanager,3.86,1484.8
1790611209,rot-telegraf-sink,0.82,114.7
1790611209,rot-alert-republisher,0.27,88.3
1790611209,rot-kafka-exporter,0.04,20.1
1790611209,rot-telegraf-bridge,0.23,133.0
1790611209,rot-fuxa,0.14,84.8
1790611209,rot-grafana,0.12,107.1
1790611209,rot-edgex-postgres,1.84,58.4
1790611209,rot-edgex-mqtt-broker,0.07,2.0
1790611209,rot-flink-jobmanager,0.79,701.3
1790611209,rot-kafka,3.49,474.5
1790611209,rot-influxdb,0.22,105.9
1790611209,rot-prometheus,0.55,118.0
1790611209,rot-emqx,2.39,204.6
1790611209,rot-alertmanager,0.08,30.6
1790611209,rot-plant-simulator,0.38,39.4
1790611209,rot-cadvisor,0.12,50.6
1790611212,rot-ai-web-1,0.00,12.8
1790611212,rot-ai-knowledge-1,0.75,153.8
1790611212,rot-ai-alarm-worker-1,0.08,38.6
1790611212,rot-ai-work-db-1,0.55,51.0
1790611212,rot-ai-graph-1,0.85,685.2
1790611212,rot-edgex-app-mqtt-export,0.11,27.5
1790611212,rot-edgex-device-modbus,0.40,23.6
1790611212,rot-edgex-core-command,0.07,16.4
1790611212,rot-edgex-ui,0.00,6.9
1790611212,rot-edgex-core-data,0.23,24.2
1790611212,rot-edgex-core-metadata,0.05,15.3
1790611212,rot-edgex-common-config,0.01,0.9
1790611212,rot-edgex-core-keeper,0.09,22.1
1790611212,rot-flink-taskmanager,9.82,1488.9
1790611212,rot-telegraf-sink,0.89,114.9
1790611212,rot-alert-republisher,0.26,88.1
1790611212,rot-kafka-exporter,0.04,20.1
1790611212,rot-telegraf-bridge,0.23,133.0
1790611212,rot-fuxa,0.17,85.0
1790611212,rot-grafana,0.06,107.1
1790611212,rot-edgex-postgres,4.60,61.2
1790611212,rot-edgex-mqtt-broker,0.06,1.8
1790611212,rot-flink-jobmanager,4.94,705.1
1790611212,rot-kafka,6.69,476.2
1790611212,rot-influxdb,0.03,105.6
1790611212,rot-prometheus,0.77,117.8
1790611212,rot-emqx,35.59,228.4
1790611212,rot-alertmanager,0.08,30.6
1790611212,rot-plant-simulator,0.38,38.9
1790611212,rot-cadvisor,3.46,51.5
1790611215,rot-ai-web-1,0.00,12.8
1790611215,rot-ai-knowledge-1,0.19,154.3
1790611215,rot-ai-alarm-worker-1,0.09,38.9
1790611215,rot-ai-work-db-1,5.69,51.8
1790611215,rot-ai-graph-1,111.90,791.1
1790611215,rot-edgex-app-mqtt-export,0.10,27.5
1790611215,rot-edgex-device-modbus,0.31,23.6
1790611215,rot-edgex-core-command,0.00,16.2
1790611215,rot-edgex-ui,0.00,6.9
1790611215,rot-edgex-core-data,0.08,24.2
1790611215,rot-edgex-core-metadata,0.00,15.3
1790611215,rot-edgex-common-config,0.00,0.9
1790611215,rot-edgex-core-keeper,0.00,21.8
1790611215,rot-flink-taskmanager,4.19,1488.9
1790611215,rot-telegraf-sink,0.98,115.2
1790611215,rot-alert-republisher,0.32,88.4
1790611215,rot-kafka-exporter,0.06,20.4
1790611215,rot-telegraf-bridge,0.33,132.8
1790611215,rot-fuxa,0.16,85.4
1790611215,rot-grafana,0.05,107.1
1790611215,rot-edgex-postgres,0.06,57.7
1790611215,rot-edgex-mqtt-broker,0.08,1.8
1790611215,rot-flink-jobmanager,0.96,705.0
1790611215,rot-kafka,4.96,477.5
1790611215,rot-influxdb,0.26,106.1
1790611215,rot-prometheus,0.10,117.8
1790611215,rot-emqx,2.74,205.0
1790611215,rot-alertmanager,0.11,30.6
1790611215,rot-plant-simulator,0.31,38.9
1790611215,rot-cadvisor,0.42,52.0
1790611218,rot-ai-web-1,0.00,12.6
1790611218,rot-ai-knowledge-1,0.68,152.7
1790611218,rot-ai-alarm-worker-1,0.10,38.6
1790611218,rot-ai-work-db-1,0.60,49.6
1790611218,rot-ai-graph-1,1.51,681.2
1790611218,rot-edgex-app-mqtt-export,0.11,27.1
1790611218,rot-edgex-device-modbus,0.34,22.6
1790611218,rot-edgex-core-command,0.00,15.6
1790611218,rot-edgex-ui,0.00,6.9
1790611218,rot-edgex-core-data,0.15,23.3
1790611218,rot-edgex-core-metadata,0.00,15.0
1790611218,rot-edgex-common-config,0.00,0.9
1790611218,rot-edgex-core-keeper,0.01,21.9
1790611218,rot-flink-taskmanager,6.61,1516.5
1790611218,rot-telegraf-sink,1.39,110.5
1790611218,rot-alert-republisher,0.26,83.9
1790611218,rot-kafka-exporter,0.04,20.0
1790611218,rot-telegraf-bridge,1.16,128.2
1790611218,rot-fuxa,0.21,84.8
1790611218,rot-grafana,0.19,102.6
1790611218,rot-edgex-postgres,0.09,58.1
1790611218,rot-edgex-mqtt-broker,0.05,2.3
1790611218,rot-flink-jobmanager,0.94,708.2
1790611218,rot-kafka,5.66,473.1
1790611218,rot-influxdb,0.35,102.6
1790611218,rot-prometheus,0.58,114.9
1790611218,rot-emqx,2.01,203.6
1790611218,rot-alertmanager,0.09,29.6
1790611218,rot-plant-simulator,7.33,39.6
1790611218,rot-cadvisor,0.13,50.4
1790611222,rot-ai-web-1,0.00,12.6
1790611222,rot-ai-knowledge-1,0.32,154.0
1790611222,rot-ai-alarm-worker-1,0.10,38.4
1790611222,rot-ai-work-db-1,0.01,49.4
1790611222,rot-ai-graph-1,1.58,680.9
1790611222,rot-edgex-app-mqtt-export,0.57,27.3
1790611222,rot-edgex-device-modbus,0.62,23.1
1790611222,rot-edgex-core-command,0.00,15.6
1790611222,rot-edgex-ui,0.00,6.9
1790611222,rot-edgex-core-data,0.55,23.2
1790611222,rot-edgex-core-metadata,0.00,15.0
1790611222,rot-edgex-common-config,0.00,0.9
1790611222,rot-edgex-core-keeper,0.17,21.8
1790611222,rot-flink-taskmanager,9.46,1501.2
1790611222,rot-telegraf-sink,3.27,110.1
1790611222,rot-alert-republisher,0.51,83.6
1790611222,rot-kafka-exporter,0.08,20.0
1790611222,rot-telegraf-bridge,1.45,128.7
1790611222,rot-fuxa,0.59,84.0
1790611222,rot-grafana,0.09,102.6
1790611222,rot-edgex-postgres,6.17,57.6
1790611222,rot-edgex-mqtt-broker,0.09,2.0
1790611222,rot-flink-jobmanager,2.65,712.3
1790611222,rot-kafka,207.71,536.3
1790611222,rot-influxdb,2.37,102.9
1790611222,rot-prometheus,0.33,114.9
1790611222,rot-emqx,5.41,203.8
1790611222,rot-alertmanager,0.16,29.6
1790611222,rot-plant-simulator,1.66,40.1
1790611222,rot-cadvisor,0.66,50.6
1790611227,rot-ai-web-1,0.00,12.6
1790611227,rot-ai-knowledge-1,0.18,154.0
1790611227,rot-ai-alarm-worker-1,0.09,38.4
1790611227,rot-ai-work-db-1,0.77,49.3
1790611227,rot-ai-graph-1,1.48,680.9
1790611227,rot-edgex-app-mqtt-export,0.21,26.8
1790611227,rot-edgex-device-modbus,0.54,22.6
1790611227,rot-edgex-core-command,0.15,15.8
1790611227,rot-edgex-ui,0.00,6.9
1790611227,rot-edgex-core-data,0.40,23.4
1790611227,rot-edgex-core-metadata,0.12,15.3
1790611227,rot-edgex-common-config,0.00,0.9
1790611227,rot-edgex-core-keeper,0.94,22.6
1790611227,rot-flink-taskmanager,8.30,1502.2
1790611227,rot-telegraf-sink,1.55,110.3
1790611227,rot-alert-republisher,0.43,84.1
1790611227,rot-kafka-exporter,0.06,20.0
1790611227,rot-telegraf-bridge,0.37,133.7
1790611227,rot-fuxa,0.50,84.2
1790611227,rot-grafana,0.06,102.6
1790611227,rot-edgex-postgres,0.33,57.7
1790611227,rot-edgex-mqtt-broker,0.09,2.3
1790611227,rot-flink-jobmanager,9.86,716.5
1790611227,rot-kafka,5.66,473.2
1790611227,rot-influxdb,1.12,103.8
1790611227,rot-prometheus,1.70,114.9
1790611227,rot-emqx,1.48,205.0
1790611227,rot-alertmanager,0.12,29.6
1790611227,rot-plant-simulator,0.61,39.6
1790611227,rot-cadvisor,0.28,51.1
1790611231,rot-ai-web-1,0.00,12.6
1790611231,rot-ai-knowledge-1,0.83,154.4
1790611231,rot-ai-alarm-worker-1,0.09,38.4
1790611231,rot-ai-work-db-1,0.84,48.8
1790611231,rot-ai-graph-1,1.07,680.9
1790611231,rot-edgex-app-mqtt-export,0.57,26.8
1790611231,rot-edgex-device-modbus,1.66,22.2
1790611231,rot-edgex-core-command,0.05,15.5
1790611231,rot-edgex-ui,0.00,6.9
1790611231,rot-edgex-core-data,1.19,25.0
1790611231,rot-edgex-core-metadata,0.07,14.9
1790611231,rot-edgex-common-config,0.01,0.9
1790611231,rot-edgex-core-keeper,0.16,21.9
1790611231,rot-flink-taskmanager,17.58,1487.9
1790611231,rot-telegraf-sink,1.47,108.1
1790611231,rot-alert-republisher,0.38,81.1
1790611231,rot-kafka-exporter,0.07,19.4
1790611231,rot-telegraf-bridge,0.33,132.8
1790611231,rot-fuxa,0.20,84.0
1790611231,rot-grafana,0.07,100.6
1790611231,rot-edgex-postgres,0.12,57.6
1790611231,rot-edgex-mqtt-broker,0.07,1.8
1790611231,rot-flink-jobmanager,25.35,736.2
1790611231,rot-kafka,6.22,473.6
1790611231,rot-influxdb,0.05,102.6
1790611231,rot-prometheus,0.41,113.4
1790611231,rot-emqx,1.40,203.4
1790611231,rot-alertmanager,0.13,29.1
1790611231,rot-plant-simulator,0.96,39.7
1790611231,rot-cadvisor,1.35,50.0
1790611235,rot-ai-web-1,0.00,12.6
1790611235,rot-ai-knowledge-1,1.32,153.9
1790611235,rot-ai-alarm-worker-1,0.10,38.4
1790611235,rot-ai-work-db-1,1.63,50.2
1790611235,rot-ai-graph-1,1.53,680.9
1790611235,rot-edgex-app-mqtt-export,0.17,26.8
1790611235,rot-edgex-device-modbus,0.64,22.2
1790611235,rot-edgex-core-command,0.00,15.3
1790611235,rot-edgex-ui,0.00,6.9
1790611235,rot-edgex-core-data,0.36,25.0
1790611235,rot-edgex-core-metadata,0.00,14.9
1790611235,rot-edgex-common-config,0.01,0.9
1790611235,rot-edgex-core-keeper,0.03,21.6
1790611235,rot-flink-taskmanager,23.60,1487.9
1790611235,rot-telegraf-sink,1.18,107.9
1790611235,rot-alert-republisher,0.47,81.6
1790611235,rot-kafka-exporter,0.04,19.4
1790611235,rot-telegraf-bridge,0.43,132.5
1790611235,rot-fuxa,0.26,84.3
1790611235,rot-grafana,0.11,100.6
1790611235,rot-edgex-postgres,0.14,57.5
1790611235,rot-edgex-mqtt-broker,0.08,1.8
1790611235,rot-flink-jobmanager,8.10,739.9
1790611235,rot-kafka,197.77,540.1
1790611235,rot-influxdb,0.11,103.9
1790611235,rot-prometheus,1.69,122.0
1790611235,rot-emqx,110.43,213.6
1790611235,rot-alertmanager,0.17,29.1
1790611235,rot-plant-simulator,0.90,39.4
1790611235,rot-cadvisor,6.98,50.2
1790611239,rot-ai-web-1,1.75,12.7
1790611239,rot-ai-knowledge-1,2.80,156.1
1790611239,rot-ai-alarm-worker-1,0.08,38.5
1790611239,rot-ai-work-db-1,0.00,48.8
1790611239,rot-ai-graph-1,0.60,680.9
1790611239,rot-edgex-app-mqtt-export,0.10,26.8
1790611239,rot-edgex-device-modbus,0.24,22.5
1790611239,rot-edgex-core-command,0.03,15.5
1790611239,rot-edgex-ui,0.00,6.9
1790611239,rot-edgex-core-data,0.12,25.0
1790611239,rot-edgex-core-metadata,0.02,14.9
1790611239,rot-edgex-common-config,0.00,0.9
1790611239,rot-edgex-core-keeper,0.00,21.6
1790611239,rot-flink-taskmanager,3.48,1488.9
1790611239,rot-telegraf-sink,0.98,108.6
1790611239,rot-alert-republisher,0.17,81.4
1790611239,rot-kafka-exporter,0.05,19.6
1790611239,rot-telegraf-bridge,0.17,132.5
1790611239,rot-fuxa,0.15,83.6
1790611239,rot-grafana,0.10,100.6
1790611239,rot-edgex-postgres,0.07,57.8
1790611239,rot-edgex-mqtt-broker,0.04,2.0
1790611239,rot-flink-jobmanager,0.68,739.5
1790611239,rot-kafka,3.48,472.5
1790611239,rot-influxdb,0.26,103.9
1790611239,rot-prometheus,0.45,123.2
1790611239,rot-emqx,1.26,204.4
1790611239,rot-alertmanager,0.06,29.1
1790611239,rot-plant-simulator,1.14,39.6
1790611239,rot-cadvisor,0.29,50.2
1790611242,rot-ai-web-1,0.00,12.6
1790611242,rot-ai-knowledge-1,0.55,154.5
1790611242,rot-ai-alarm-worker-1,0.11,38.3
1790611242,rot-ai-work-db-1,0.45,48.7
1790611242,rot-ai-graph-1,98.85,682.5
1790611242,rot-edgex-app-mqtt-export,0.25,26.8
1790611242,rot-edgex-device-modbus,0.45,22.5
1790611242,rot-edgex-core-command,0.05,15.3
1790611242,rot-edgex-ui,0.00,6.9
1790611242,rot-edgex-core-data,0.20,25.2
1790611242,rot-edgex-core-metadata,0.00,14.9
1790611242,rot-edgex-common-config,0.00,0.9
1790611242,rot-edgex-core-keeper,0.08,21.6
1790611242,rot-flink-taskmanager,4.45,1488.9
1790611242,rot-telegraf-sink,0.95,108.6
1790611242,rot-alert-republisher,0.38,81.1
1790611242,rot-kafka-exporter,0.03,19.8
1790611242,rot-telegraf-bridge,0.26,132.9
1790611242,rot-fuxa,0.13,83.9
1790611242,rot-grafana,0.10,100.6
1790611242,rot-edgex-postgres,2.82,59.0
1790611242,rot-edgex-mqtt-broker,0.05,1.8
1790611242,rot-flink-jobmanager,1.65,742.4
1790611242,rot-kafka,4.12,473.3
1790611242,rot-influxdb,0.42,104.6
1790611242,rot-prometheus,0.12,123.4
1790611242,rot-emqx,0.82,204.8
1790611242,rot-alertmanager,0.08,29.1
1790611242,rot-plant-simulator,0.38,39.8
1790611242,rot-cadvisor,0.30,51.5
1790611246,rot-ai-web-1,0.00,12.6
1790611246,rot-ai-knowledge-1,0.50,154.7
1790611246,rot-ai-alarm-worker-1,0.06,38.8
1790611246,rot-ai-work-db-1,4.13,49.2
1790611246,rot-ai-graph-1,0.73,682.2
1790611246,rot-edgex-app-mqtt-export,0.68,26.8
1790611246,rot-edgex-device-modbus,0.27,22.2
1790611246,rot-edgex-core-command,0.00,15.3
1790611246,rot-edgex-ui,0.00,6.9
1790611246,rot-edgex-core-data,0.72,25.2
1790611246,rot-edgex-core-metadata,0.07,15.2
1790611246,rot-edgex-common-config,0.00,0.9
1790611246,rot-edgex-core-keeper,0.14,22.4
1790611246,rot-flink-taskmanager,11.84,1488.9
1790611246,rot-telegraf-sink,0.99,111.3
1790611246,rot-alert-republisher,0.24,81.4
1790611246,rot-kafka-exporter,0.06,20.0
1790611246,rot-telegraf-bridge,0.29,132.6
1790611246,rot-fuxa,0.18,84.0
1790611246,rot-grafana,0.04,100.6
1790611246,rot-edgex-postgres,0.33,58.0
1790611246,rot-edgex-mqtt-broker,0.08,1.8
1790611246,rot-flink-jobmanager,3.87,746.9
1790611246,rot-kafka,6.30,472.6
1790611246,rot-influxdb,0.23,104.1
1790611246,rot-prometheus,0.14,123.4
1790611246,rot-emqx,0.46,204.4
1790611246,rot-alertmanager,0.06,29.1
1790611246,rot-plant-simulator,0.34,40.3
1790611246,rot-cadvisor,0.32,52.0
1790611250,rot-ai-web-1,0.00,12.8
1790611250,rot-ai-knowledge-1,0.52,155.2
1790611250,rot-ai-alarm-worker-1,0.06,38.5
1790611250,rot-ai-work-db-1,0.49,49.0
1790611250,rot-ai-graph-1,0.68,682.4
1790611250,rot-edgex-app-mqtt-export,0.15,26.8
1790611250,rot-edgex-device-modbus,0.41,22.5
1790611250,rot-edgex-core-command,0.00,15.3
1790611250,rot-edgex-ui,0.00,6.9
1790611250,rot-edgex-core-data,0.14,25.0
1790611250,rot-edgex-core-metadata,0.00,14.9
1790611250,rot-edgex-common-config,0.00,0.9
1790611250,rot-edgex-core-keeper,0.00,21.6
1790611250,rot-flink-taskmanager,3.39,1488.9
1790611250,rot-telegraf-sink,0.84,111.5
1790611250,rot-alert-republisher,0.14,81.4
1790611250,rot-kafka-exporter,0.03,20.4
1790611250,rot-telegraf-bridge,0.40,133.1
1790611250,rot-fuxa,0.11,84.2
1790611250,rot-grafana,0.04,100.6
1790611250,rot-edgex-postgres,0.09,57.8
1790611250,rot-edgex-mqtt-broker,0.06,2.0
1790611250,rot-flink-jobmanager,1.30,747.7
1790611250,rot-kafka,2.97,474.0
1790611250,rot-influxdb,0.03,104.1
1790611250,rot-prometheus,0.04,123.6
1790611250,rot-emqx,0.48,204.6
1790611250,rot-alertmanager,0.06,29.1
1790611250,rot-plant-simulator,0.32,39.8
1790611250,rot-cadvisor,0.21,51.5
1790611253,rot-ai-web-1,0.00,12.6
1790611253,rot-ai-knowledge-1,0.16,154.5
1790611253,rot-ai-alarm-worker-1,0.07,38.5
1790611253,rot-ai-work-db-1,1.02,49.2
1790611253,rot-ai-graph-1,206.24,864.6
1790611253,rot-edgex-app-mqtt-export,0.61,26.8
1790611253,rot-edgex-device-modbus,0.39,22.2
1790611253,rot-edgex-core-command,0.00,15.3
1790611253,rot-edgex-ui,0.00,6.9
1790611253,rot-edgex-core-data,0.16,25.2
1790611253,rot-edgex-core-metadata,0.02,14.9
1790611253,rot-edgex-common-config,0.00,0.9
1790611253,rot-edgex-core-keeper,0.03,21.6
1790611253,rot-flink-taskmanager,5.14,1488.9
1790611253,rot-telegraf-sink,0.99,110.8
1790611253,rot-alert-republisher,0.30,81.6
1790611253,rot-kafka-exporter,0.07,20.4
1790611253,rot-telegraf-bridge,0.31,133.4
1790611253,rot-fuxa,0.20,83.5
1790611253,rot-grafana,0.04,100.6
1790611253,rot-edgex-postgres,4.26,57.6
1790611253,rot-edgex-mqtt-broker,0.06,2.0
1790611253,rot-flink-jobmanager,2.35,748.3
1790611253,rot-kafka,3.88,472.2
1790611253,rot-influxdb,3.01,104.4
1790611253,rot-prometheus,0.24,123.7
1790611253,rot-emqx,3.38,205.2
1790611253,rot-alertmanager,0.12,29.1
1790611253,rot-plant-simulator,0.52,39.8
1790611253,rot-cadvisor,0.14,51.5
1790611257,rot-ai-web-1,0.00,12.6
1790611257,rot-ai-knowledge-1,0.16,154.3
1790611257,rot-ai-alarm-worker-1,0.12,38.5
1790611257,rot-ai-work-db-1,0.00,48.7
1790611257,rot-ai-graph-1,0.76,681.9
1790611257,rot-edgex-app-mqtt-export,0.63,27.3
1790611257,rot-edgex-device-modbus,0.44,22.6
1790611257,rot-edgex-core-command,0.08,15.3
1790611257,rot-edgex-ui,0.00,6.9
1790611257,rot-edgex-core-data,0.25,24.9
1790611257,rot-edgex-core-metadata,0.00,14.9
1790611257,rot-edgex-common-config,0.00,0.9
1790611257,rot-edgex-core-keeper,0.83,22.6
1790611257,rot-flink-taskmanager,13.23,1492.0
1790611257,rot-telegraf-sink,0.99,110.4
1790611257,rot-alert-republisher,0.32,81.3
1790611257,rot-kafka-exporter,6.30,20.8
1790611257,rot-telegraf-bridge,0.33,131.9
1790611257,rot-fuxa,0.41,83.9
1790611257,rot-grafana,0.07,100.3
1790611257,rot-edgex-postgres,0.27,58.4
1790611257,rot-edgex-mqtt-broker,0.05,1.8
1790611257,rot-flink-jobmanager,1.83,752.4
1790611257,rot-kafka,10.54,473.8
1790611257,rot-influxdb,0.45,103.8
1790611257,rot-prometheus,1.29,123.9
1790611257,rot-emqx,1.12,204.0
1790611257,rot-alertmanager,0.09,29.0
1790611257,rot-plant-simulator,0.50,39.8
1790611257,rot-cadvisor,0.24,51.1
1790611260,rot-ai-web-1,0.00,12.6
1790611260,rot-ai-knowledge-1,0.65,154.7
1790611260,rot-ai-alarm-worker-1,0.08,38.8
1790611260,rot-ai-work-db-1,0.72,48.6
1790611260,rot-ai-graph-1,0.77,681.9
1790611260,rot-edgex-app-mqtt-export,0.10,27.0
1790611260,rot-edgex-device-modbus,0.37,22.4
1790611260,rot-edgex-core-command,0.00,15.3
1790611260,rot-edgex-ui,0.00,6.9
1790611260,rot-edgex-core-data,0.11,25.2
1790611260,rot-edgex-core-metadata,0.00,14.9
1790611260,rot-edgex-common-config,0.00,0.9
1790611260,rot-edgex-core-keeper,0.05,21.9
1790611260,rot-flink-taskmanager,4.21,1493.0
1790611260,rot-telegraf-sink,1.14,110.4
1790611260,rot-alert-republisher,0.17,81.3
1790611260,rot-kafka-exporter,0.03,20.3
1790611260,rot-telegraf-bridge,0.23,132.2
1790611260,rot-fuxa,0.12,83.9
1790611260,rot-grafana,0.07,100.3
1790611260,rot-edgex-postgres,0.12,57.8
1790611260,rot-edgex-mqtt-broker,0.06,1.8
1790611260,rot-flink-jobmanager,4.39,753.1
1790611260,rot-kafka,66.96,472.4
1790611260,rot-influxdb,0.22,103.8
1790611260,rot-prometheus,1.65,124.3
1790611260,rot-emqx,0.49,204.6
1790611260,rot-alertmanager,0.10,29.0
1790611260,rot-plant-simulator,0.52,39.8
1790611260,rot-cadvisor,0.11,51.6
1790611264,rot-ai-web-1,0.00,12.6
1790611264,rot-ai-knowledge-1,0.56,154.4
1790611264,rot-ai-alarm-worker-1,0.07,38.3
1790611264,rot-ai-work-db-1,0.51,48.6
1790611264,rot-ai-graph-1,28.42,729.4
1790611264,rot-edgex-app-mqtt-export,0.11,27.0
1790611264,rot-edgex-device-modbus,0.23,22.2
1790611264,rot-edgex-core-command,0.02,15.2
1790611264,rot-edgex-ui,0.00,6.9
1790611264,rot-edgex-core-data,0.17,25.4
1790611264,rot-edgex-core-metadata,0.02,14.9
1790611264,rot-edgex-common-config,0.01,0.9
1790611264,rot-edgex-core-keeper,0.00,21.6
1790611264,rot-flink-taskmanager,5.17,1493.0
1790611264,rot-telegraf-sink,1.19,111.2
1790611264,rot-alert-republisher,0.23,81.3
1790611264,rot-kafka-exporter,0.04,20.3
1790611264,rot-telegraf-bridge,0.34,138.0
1790611264,rot-fuxa,0.55,83.5
1790611264,rot-grafana,0.03,100.3
1790611264,rot-edgex-postgres,0.07,57.8
1790611264,rot-edgex-mqtt-broker,0.07,2.0
1790611264,rot-flink-jobmanager,0.84,754.2
1790611264,rot-kafka,3.61,472.0
1790611264,rot-influxdb,3.54,104.5
1790611264,rot-prometheus,0.00,124.1
1790611264,rot-emqx,0.68,204.6
1790611264,rot-alertmanager,0.09,29.0
1790611264,rot-plant-simulator,0.37,39.8
1790611264,rot-cadvisor,0.23,51.4
1790611268,rot-ai-web-1,0.00,12.5
1790611268,rot-ai-knowledge-1,0.19,154.0
1790611268,rot-ai-alarm-worker-1,0.09,38.1
1790611268,rot-ai-work-db-1,0.00,47.9
1790611268,rot-ai-graph-1,26.92,680.8
1790611268,rot-edgex-app-mqtt-export,0.49,26.9
1790611268,rot-edgex-device-modbus,0.47,22.1
1790611268,rot-edgex-core-command,0.00,15.3
1790611268,rot-edgex-ui,0.00,6.8
1790611268,rot-edgex-core-data,0.24,24.8
1790611268,rot-edgex-core-metadata,0.00,14.7
1790611268,rot-edgex-common-config,0.00,0.9
1790611268,rot-edgex-core-keeper,0.58,21.8
1790611268,rot-flink-taskmanager,6.05,1489.9
1790611268,rot-telegraf-sink,1.49,108.9
1790611268,rot-alert-republisher,0.38,80.1
1790611268,rot-kafka-exporter,8.24,21.2
1790611268,rot-telegraf-bridge,0.44,135.1
1790611268,rot-fuxa,0.25,83.5
1790611268,rot-grafana,0.15,99.2
1790611268,rot-edgex-postgres,0.30,58.4
1790611268,rot-edgex-mqtt-broker,0.08,1.8
1790611268,rot-flink-jobmanager,1.71,757.5
1790611268,rot-kafka,14.50,472.8
1790611268,rot-influxdb,0.17,103.0
1790611268,rot-prometheus,0.36,122.8
1790611268,rot-emqx,0.70,203.3
1790611268,rot-alertmanager,0.13,28.6
1790611268,rot-plant-simulator,0.64,39.4
1790611268,rot-cadvisor,0.36,51.1
1790611271,rot-ai-web-1,0.00,12.5
1790611271,rot-ai-knowledge-1,0.18,154.3
1790611271,rot-ai-alarm-worker-1,0.08,38.3
1790611271,rot-ai-work-db-1,4.83,48.9
1790611271,rot-ai-graph-1,0.96,680.7
1790611271,rot-edgex-app-mqtt-export,0.46,26.7
1790611271,rot-edgex-device-modbus,0.43,24.4
1790611271,rot-edgex-core-command,0.08,15.1
1790611271,rot-edgex-ui,0.00,6.8
1790611271,rot-edgex-core-data,0.25,25.1
1790611271,rot-edgex-core-metadata,0.06,14.7
1790611271,rot-edgex-common-config,0.00,0.9
1790611271,rot-edgex-core-keeper,0.09,21.8
1790611271,rot-flink-taskmanager,8.38,1490.9
1790611271,rot-telegraf-sink,1.57,109.1
1790611271,rot-alert-republisher,0.28,79.1
1790611271,rot-kafka-exporter,0.05,20.8
1790611271,rot-telegraf-bridge,0.50,135.6
1790611271,rot-fuxa,0.20,84.0
1790611271,rot-grafana,0.09,99.2
1790611271,rot-edgex-postgres,0.09,57.8
1790611271,rot-edgex-mqtt-broker,0.06,1.8
1790611271,rot-flink-jobmanager,6.86,759.4
1790611271,rot-kafka,153.84,528.7
1790611271,rot-influxdb,0.04,102.8
1790611271,rot-prometheus,0.24,122.8
1790611271,rot-emqx,1.24,204.3
1790611271,rot-alertmanager,0.09,28.6
1790611271,rot-plant-simulator,0.51,39.5
1790611271,rot-cadvisor,1.07,50.8
1790611275,rot-ai-web-1,0.00,12.5
1790611275,rot-ai-knowledge-1,0.17,154.6
1790611275,rot-ai-alarm-worker-1,0.09,38.8
1790611275,rot-ai-work-db-1,0.00,48.5
1790611275,rot-ai-graph-1,0.75,680.7
1790611275,rot-edgex-app-mqtt-export,0.10,26.5
1790611275,rot-edgex-device-modbus,0.28,24.4
1790611275,rot-edgex-core-command,0.00,15.0
1790611275,rot-edgex-ui,0.00,6.8
1790611275,rot-edgex-core-data,0.10,25.4
1790611275,rot-edgex-core-metadata,0.00,14.7
1790611275,rot-edgex-common-config,0.00,0.9
1790611275,rot-edgex-core-keeper,0.07,21.3
1790611275,rot-flink-taskmanager,4.05,1490.9
1790611275,rot-telegraf-sink,0.93,109.1
1790611275,rot-alert-republisher,0.19,79.9
1790611275,rot-kafka-exporter,0.08,21.1
1790611275,rot-telegraf-bridge,0.26,135.9
1790611275,rot-fuxa,0.14,84.2
1790611275,rot-grafana,0.10,99.2
1790611275,rot-edgex-postgres,0.10,58.1
1790611275,rot-edgex-mqtt-broker,0.05,2.0
1790611275,rot-flink-jobmanager,0.76,760.9
1790611275,rot-kafka,4.73,475.0
1790611275,rot-influxdb,0.24,104.1
1790611275,rot-prometheus,0.06,122.9
1790611275,rot-emqx,2.47,204.0
1790611275,rot-alertmanager,0.12,28.6
1790611275,rot-plant-simulator,0.32,39.7
1790611275,rot-cadvisor,0.08,51.3
1790611278,rot-ai-web-1,0.00,12.5
1790611278,rot-ai-knowledge-1,0.97,154.1
1790611278,rot-ai-alarm-worker-1,0.14,38.3
1790611278,rot-ai-work-db-1,0.86,47.8
1790611278,rot-ai-graph-1,214.38,841.4
1790611278,rot-edgex-app-mqtt-export,0.17,26.4
1790611278,rot-edgex-device-modbus,0.59,23.9
1790611278,rot-edgex-core-command,0.00,14.8
1790611278,rot-edgex-ui,0.00,6.8
1790611278,rot-edgex-core-data,0.27,24.7
1790611278,rot-edgex-core-metadata,0.04,14.5
1790611278,rot-edgex-common-config,0.00,0.9
1790611278,rot-edgex-core-keeper,0.07,21.2
1790611278,rot-flink-taskmanager,17.95,1492.0
1790611278,rot-telegraf-sink,2.28,106.9
1790611278,rot-alert-republisher,0.35,77.7
1790611278,rot-kafka-exporter,0.07,20.4
1790611278,rot-telegraf-bridge,1.02,133.3
1790611278,rot-fuxa,0.24,82.7
1790611278,rot-grafana,0.76,98.5
1790611278,rot-edgex-postgres,5.23,57.7
1790611278,rot-edgex-mqtt-broker,0.09,2.0
1790611278,rot-flink-jobmanager,1.54,763.6
1790611278,rot-kafka,6.22,472.2
1790611278,rot-influxdb,0.45,102.8
1790611278,rot-prometheus,0.83,122.2
1790611278,rot-emqx,1.77,203.7
1790611278,rot-alertmanager,0.14,28.2
1790611278,rot-plant-simulator,16.49,50.8
1790611278,rot-cadvisor,0.37,50.2
1790611282,rot-ai-web-1,0.00,12.5
1790611282,rot-ai-knowledge-1,0.48,154.3
1790611282,rot-ai-alarm-worker-1,0.04,38.3
1790611282,rot-ai-work-db-1,4.06,48.6
1790611282,rot-ai-graph-1,0.60,680.1
1790611282,rot-edgex-app-mqtt-export,0.60,26.7
1790611282,rot-edgex-device-modbus,0.69,24.3
1790611282,rot-edgex-core-command,0.04,14.8
1790611282,rot-edgex-ui,0.00,6.8
1790611282,rot-edgex-core-data,0.51,25.0
1790611282,rot-edgex-core-metadata,0.00,14.4
1790611282,rot-edgex-common-config,0.00,0.9
1790611282,rot-edgex-core-keeper,0.16,20.9
1790611282,rot-flink-taskmanager,7.80,1507.3
1790611282,rot-telegraf-sink,0.80,106.2
1790611282,rot-alert-republisher,0.33,76.7
1790611282,rot-kafka-exporter,0.03,20.2
1790611282,rot-telegraf-bridge,0.30,131.9
1790611282,rot-fuxa,0.40,83.3
1790611282,rot-grafana,0.05,97.0
1790611282,rot-edgex-postgres,0.30,58.0
1790611282,rot-edgex-mqtt-broker,0.05,1.8
1790611282,rot-flink-jobmanager,2.00,767.7
1790611282,rot-kafka,3.48,471.0
1790611282,rot-influxdb,0.03,102.2
1790611282,rot-prometheus,0.08,122.0
1790611282,rot-emqx,0.57,203.8
1790611282,rot-alertmanager,0.06,28.0
1790611282,rot-plant-simulator,0.77,39.7
1790611282,rot-cadvisor,0.20,49.8
1790611286,rot-ai-web-1,0.00,12.5
1790611286,rot-ai-knowledge-1,0.52,154.3
1790611286,rot-ai-alarm-worker-1,0.10,38.0
1790611286,rot-ai-work-db-1,0.43,48.6
1790611286,rot-ai-graph-1,1.00,680.1
1790611286,rot-edgex-app-mqtt-export,0.16,26.0
1790611286,rot-edgex-device-modbus,0.63,23.8
1790611286,rot-edgex-core-command,0.00,14.7
1790611286,rot-edgex-ui,0.00,6.8
1790611286,rot-edgex-core-data,0.25,24.6
1790611286,rot-edgex-core-metadata,0.08,14.4
1790611286,rot-edgex-common-config,0.00,0.9
1790611286,rot-edgex-core-keeper,0.28,21.9
1790611286,rot-flink-taskmanager,32.59,1508.4
1790611286,rot-telegraf-sink,1.18,107.2
1790611286,rot-alert-republisher,0.26,76.7
1790611286,rot-kafka-exporter,0.04,20.2
1790611286,rot-telegraf-bridge,0.46,134.8
1790611286,rot-fuxa,0.25,82.8
1790611286,rot-grafana,0.04,97.0
1790611286,rot-edgex-postgres,0.18,58.1
1790611286,rot-edgex-mqtt-broker,0.07,1.8
1790611286,rot-flink-jobmanager,7.19,771.3
1790611286,rot-kafka,4.01,472.2
1790611286,rot-influxdb,0.41,104.3
1790611286,rot-prometheus,0.21,122.0
1790611286,rot-emqx,0.59,204.0
1790611286,rot-alertmanager,0.08,28.0
1790611286,rot-plant-simulator,0.68,39.2
1790611286,rot-cadvisor,0.24,50.5
1790611289,rot-ai-web-1,1.73,13.6
1790611289,rot-ai-knowledge-1,3.07,156.2
1790611289,rot-ai-alarm-worker-1,0.07,38.3
1790611289,rot-ai-work-db-1,0.00,48.7
1790611289,rot-ai-graph-1,1.43,680.1
1790611289,rot-edgex-app-mqtt-export,0.10,26.0
1790611289,rot-edgex-device-modbus,0.55,24.1
1790611289,rot-edgex-core-command,0.05,14.8
1790611289,rot-edgex-ui,0.00,6.8
1790611289,rot-edgex-core-data,0.37,25.1
1790611289,rot-edgex-core-metadata,0.01,14.4
1790611289,rot-edgex-common-config,0.00,0.9
1790611289,rot-edgex-core-keeper,0.00,21.0
1790611289,rot-flink-taskmanager,3.91,1506.3
1790611289,rot-telegraf-sink,1.37,106.5
1790611289,rot-alert-republisher,0.16,77.2
1790611289,rot-kafka-exporter,0.04,20.2
1790611289,rot-telegraf-bridge,0.19,134.8
1790611289,rot-fuxa,0.44,82.3
1790611289,rot-grafana,0.04,97.0
1790611289,rot-edgex-postgres,1.21,58.1
1790611289,rot-edgex-mqtt-broker,0.08,2.3
1790611289,rot-flink-jobmanager,0.94,769.0
1790611289,rot-kafka,3.22,472.3
1790611289,rot-influxdb,0.31,104.3
1790611289,rot-prometheus,0.00,123.8
1790611289,rot-emqx,0.65,204.5
1790611289,rot-alertmanager,0.12,28.0
1790611289,rot-plant-simulator,7.39,40.7
1790611289,rot-cadvisor,0.33,50.0
1790611293,rot-ai-web-1,0.00,12.4
1790611293,rot-ai-knowledge-1,0.18,152.6
1790611293,rot-ai-alarm-worker-1,0.09,37.2
1790611293,rot-ai-work-db-1,0.00,46.7
1790611293,rot-ai-graph-1,49.33,677.6
1790611293,rot-edgex-app-mqtt-export,0.38,25.0
1790611293,rot-edgex-device-modbus,0.61,22.4
1790611293,rot-edgex-core-command,0.00,14.4
1790611293,rot-edgex-ui,0.00,6.8
1790611293,rot-edgex-core-data,0.26,23.5
1790611293,rot-edgex-core-metadata,0.00,13.8
1790611293,rot-edgex-common-config,0.00,0.9
1790611293,rot-edgex-core-keeper,0.09,19.8
1790611293,rot-flink-taskmanager,5.84,1508.4
1790611293,rot-telegraf-sink,1.29,100.4
1790611293,rot-alert-republisher,0.27,72.8
1790611293,rot-kafka-exporter,0.05,19.1
1790611293,rot-telegraf-bridge,0.51,126.0
1790611293,rot-fuxa,1.07,79.7
1790611293,rot-grafana,0.07,91.5
1790611293,rot-edgex-postgres,0.14,56.0
1790611293,rot-edgex-mqtt-broker,0.06,1.8
1790611293,rot-flink-jobmanager,1.46,754.8
1790611293,rot-kafka,5.49,469.4
1790611293,rot-influxdb,0.43,99.4
1790611293,rot-prometheus,0.20,119.3
1790611293,rot-emqx,58.48,204.2
1790611293,rot-alertmanager,0.12,26.6
1790611293,rot-plant-simulator,0.65,37.6
1790611293,rot-cadvisor,0.13,48.2
1790611296,rot-ai-web-1,0.00,12.4
1790611296,rot-ai-knowledge-1,0.45,152.6
1790611296,rot-ai-alarm-worker-1,0.06,37.7
1790611296,rot-ai-work-db-1,3.98,48.8
1790611296,rot-ai-graph-1,0.64,677.5
1790611296,rot-edgex-app-mqtt-export,0.12,24.7
1790611296,rot-edgex-device-modbus,0.22,22.4
1790611296,rot-edgex-core-command,0.05,14.9
1790611296,rot-edgex-ui,0.00,6.8
1790611296,rot-edgex-core-data,0.18,24.8
1790611296,rot-edgex-core-metadata,0.08,14.1
1790611296,rot-edgex-common-config,0.00,0.9
1790611296,rot-edgex-core-keeper,0.59,20.8
1790611296,rot-flink-taskmanager,9.79,1495.0
1790611296,rot-telegraf-sink,0.99,101.2
1790611296,rot-alert-republisher,0.22,72.6
1790611296,rot-kafka-exporter,2.54,21.1
1790611296,rot-telegraf-bridge,0.24,126.0
1790611296,rot-fuxa,0.13,79.9
1790611296,rot-grafana,0.03,91.5
1790611296,rot-edgex-postgres,0.19,57.3
1790611296,rot-edgex-mqtt-broker,0.04,1.8
1790611296,rot-flink-jobmanager,0.64,757.5
1790611296,rot-kafka,37.18,469.5
1790611296,rot-influxdb,0.31,101.3
1790611296,rot-prometheus,0.90,119.1
1790611296,rot-emqx,0.39,204.2
1790611296,rot-alertmanager,0.07,26.6
1790611296,rot-plant-simulator,0.29,37.6
1790611296,rot-cadvisor,0.18,50.5
1790611300,rot-ai-web-1,0.00,12.4
1790611300,rot-ai-knowledge-1,0.56,153.0
1790611300,rot-ai-alarm-worker-1,0.06,37.4
1790611300,rot-ai-work-db-1,0.49,49.0
1790611300,rot-ai-graph-1,0.70,677.5
1790611300,rot-edgex-app-mqtt-export,0.18,25.5
1790611300,rot-edgex-device-modbus,0.71,22.9
1790611300,rot-edgex-core-command,0.00,14.4
1790611300,rot-edgex-ui,0.00,6.8
1790611300,rot-edgex-core-data,0.39,24.3
1790611300,rot-edgex-core-metadata,0.00,13.8
1790611300,rot-edgex-common-config,0.00,0.9
1790611300,rot-edgex-core-keeper,0.04,20.1
1790611300,rot-flink-taskmanager,5.57,1494.0
1790611300,rot-telegraf-sink,1.29,101.2
1790611300,rot-alert-republisher,0.34,72.8
1790611300,rot-kafka-exporter,0.04,19.6
1790611300,rot-telegraf-bridge,0.24,125.5
1790611300,rot-fuxa,0.82,80.2
1790611300,rot-grafana,0.05,91.6
1790611300,rot-edgex-postgres,0.29,58.7
1790611300,rot-edgex-mqtt-broker,0.10,2.3
1790611300,rot-flink-jobmanager,1.42,758.2
1790611300,rot-kafka,4.03,482.1
1790611300,rot-influxdb,0.35,107.7
1790611300,rot-prometheus,0.03,118.6
1790611300,rot-emqx,0.52,204.4
1790611300,rot-alertmanager,0.13,26.9
1790611300,rot-plant-simulator,0.43,39.0
1790611300,rot-cadvisor,0.17,51.0
1790611304,rot-ai-web-1,0.00,12.4
1790611304,rot-ai-knowledge-1,0.18,152.9
1790611304,rot-ai-alarm-worker-1,0.08,37.2
1790611304,rot-ai-work-db-1,0.00,48.7
1790611304,rot-ai-graph-1,211.51,853.1
1790611304,rot-edgex-app-mqtt-export,0.17,24.7
1790611304,rot-edgex-device-modbus,0.44,22.4
1790611304,rot-edgex-core-command,0.00,14.4
1790611304,rot-edgex-ui,0.00,6.8
1790611304,rot-edgex-core-data,0.20,27.2
1790611304,rot-edgex-core-metadata,0.06,13.8
1790611304,rot-edgex-common-config,0.00,0.9
1790611304,rot-edgex-core-keeper,0.00,19.8
1790611304,rot-flink-taskmanager,5.53,1506.3
1790611304,rot-telegraf-sink,1.24,100.5
1790611304,rot-alert-republisher,0.38,72.6
1790611304,rot-kafka-exporter,0.05,19.6
1790611304,rot-telegraf-bridge,0.38,125.7
1790611304,rot-fuxa,0.18,80.3
1790611304,rot-grafana,0.04,91.6
1790611304,rot-edgex-postgres,4.15,60.2
1790611304,rot-edgex-mqtt-broker,0.08,2.0
1790611304,rot-flink-jobmanager,1.65,760.9
1790611304,rot-kafka,4.45,472.2
1790611304,rot-influxdb,0.07,107.5
1790611304,rot-prometheus,0.23,118.9
1790611304,rot-emqx,92.89,205.6
1790611304,rot-alertmanager,0.10,26.6
1790611304,rot-plant-simulator,0.51,39.0
1790611304,rot-cadvisor,0.27,51.1
1790611307,rot-ai-web-1,0.00,12.4
1790611307,rot-ai-knowledge-1,0.20,152.8
1790611307,rot-ai-alarm-worker-1,0.08,37.2
1790611307,rot-ai-work-db-1,4.89,48.7
1790611307,rot-ai-graph-1,0.98,679.5
1790611307,rot-edgex-app-mqtt-export,0.94,26.0
1790611307,rot-edgex-device-modbus,1.04,22.6
1790611307,rot-edgex-core-command,0.09,14.4
1790611307,rot-edgex-ui,0.00,6.8
1790611307,rot-edgex-core-data,0.54,27.9
1790611307,rot-edgex-core-metadata,0.00,13.8
1790611307,rot-edgex-common-config,0.00,0.9
1790611307,rot-edgex-core-keeper,1.10,19.8
1790611307,rot-flink-taskmanager,13.45,1501.2
1790611307,rot-telegraf-sink,2.09,114.5
1790611307,rot-alert-republisher,0.42,72.6
1790611307,rot-kafka-exporter,6.99,19.3
1790611307,rot-telegraf-bridge,0.57,126.0
1790611307,rot-fuxa,0.26,79.9
1790611307,rot-grafana,0.05,91.6
1790611307,rot-edgex-postgres,0.66,60.5
1790611307,rot-edgex-mqtt-broker,0.11,2.3
1790611307,rot-flink-jobmanager,2.07,765.6
1790611307,rot-kafka,165.16,526.0
1790611307,rot-influxdb,0.58,107.5
1790611307,rot-prometheus,2.09,118.8
1790611307,rot-emqx,0.65,204.5
1790611307,rot-alertmanager,0.16,26.6
1790611307,rot-plant-simulator,1.12,39.5
1790611307,rot-cadvisor,0.16,50.5
1790611311,rot-ai-web-1,0.00,12.4
1790611311,rot-ai-knowledge-1,0.80,153.5
1790611311,rot-ai-alarm-worker-1,0.07,37.7
1790611311,rot-ai-work-db-1,0.68,49.0
1790611311,rot-ai-graph-1,9.54,682.1
1790611311,rot-edgex-app-mqtt-export,0.15,25.2
1790611311,rot-edgex-device-modbus,0.30,22.7
1790611311,rot-edgex-core-command,0.00,14.7
1790611311,rot-edgex-ui,0.00,6.8
1790611311,rot-edgex-core-data,0.11,27.2
1790611311,rot-edgex-core-metadata,0.02,14.1
1790611311,rot-edgex-common-config,0.01,0.9
1790611311,rot-edgex-core-keeper,0.04,19.8
1790611311,rot-flink-taskmanager,4.07,1502.2
1790611311,rot-telegraf-sink,0.95,113.7
1790611311,rot-alert-republisher,0.32,72.6
1790611311,rot-kafka-exporter,0.04,19.3
1790611311,rot-telegraf-bridge,0.19,125.7
1790611311,rot-fuxa,0.11,80.1
1790611311,rot-grafana,2.48,135.1
1790611311,rot-edgex-postgres,0.06,59.9
1790611311,rot-edgex-mqtt-broker,0.05,1.8
1790611311,rot-flink-jobmanager,1.39,766.1
1790611311,rot-kafka,3.18,474.1
1790611311,rot-influxdb,0.26,107.7
1790611311,rot-prometheus,0.02,118.8
1790611311,rot-emqx,1.93,204.7
1790611311,rot-alertmanager,0.12,26.6
1790611311,rot-plant-simulator,0.33,39.5
1790611311,rot-cadvisor,0.24,51.1
1790611314,rot-ai-web-1,0.00,12.4
1790611314,rot-ai-knowledge-1,0.50,152.5
1790611314,rot-ai-alarm-worker-1,0.08,37.5
1790611314,rot-ai-work-db-1,0.47,48.2
1790611314,rot-ai-graph-1,0.91,679.2
1790611314,rot-edgex-app-mqtt-export,0.09,24.8
1790611314,rot-edgex-device-modbus,0.31,22.2
1790611314,rot-edgex-core-command,0.03,14.4
1790611314,rot-edgex-ui,0.00,6.8
1790611314,rot-edgex-core-data,0.19,26.9
1790611314,rot-edgex-core-metadata,0.03,13.7
1790611314,rot-edgex-common-config,0.00,0.9
1790611314,rot-edgex-core-keeper,0.00,19.6
1790611314,rot-flink-taskmanager,5.13,1499.1
1790611314,rot-telegraf-sink,1.26,112.4
1790611314,rot-alert-republisher,0.21,90.8
1790611314,rot-kafka-exporter,0.03,19.1
1790611314,rot-telegraf-bridge,0.77,129.7
1790611314,rot-fuxa,0.15,79.8
1790611314,rot-grafana,0.08,133.9
1790611314,rot-edgex-postgres,3.25,60.1
1790611314,rot-edgex-mqtt-broker,0.06,2.0
1790611314,rot-flink-jobmanager,0.78,763.7
1790611314,rot-kafka,5.08,470.8
1790611314,rot-influxdb,2.99,109.1
1790611314,rot-prometheus,0.00,118.1
1790611314,rot-emqx,91.45,205.0
1790611314,rot-alertmanager,0.07,26.4
1790611314,rot-plant-simulator,0.33,38.7
1790611314,rot-cadvisor,0.23,49.1
1790611318,rot-ai-web-1,0.00,12.3
1790611318,rot-ai-knowledge-1,0.21,150.0
1790611318,rot-ai-alarm-worker-1,0.10,36.4
1790611318,rot-ai-work-db-1,5.40,49.6
1790611318,rot-ai-graph-1,77.89,672.6
1790611318,rot-edgex-app-mqtt-export,0.29,23.6
1790611318,rot-edgex-device-modbus,0.32,21.5
1790611318,rot-edgex-core-command,0.00,14.0
1790611318,rot-edgex-ui,0.00,6.7
1790611318,rot-edgex-core-data,0.21,25.3
1790611318,rot-edgex-core-metadata,0.00,13.2
1790611318,rot-edgex-common-config,0.00,0.9
1790611318,rot-edgex-core-keeper,0.34,18.9
1790611318,rot-flink-taskmanager,4.39,1480.7
1790611318,rot-telegraf-sink,0.87,113.0
1790611318,rot-alert-republisher,0.36,85.0
1790611318,rot-kafka-exporter,6.46,19.6
1790611318,rot-telegraf-bridge,0.28,123.6
1790611318,rot-fuxa,0.25,77.8
1790611318,rot-grafana,0.57,128.7
1790611318,rot-edgex-postgres,0.28,58.0
1790611318,rot-edgex-mqtt-broker,0.05,1.8
1790611318,rot-flink-jobmanager,1.21,756.6
1790611318,rot-kafka,12.92,469.3
1790611318,rot-influxdb,0.15,102.8
1790611318,rot-prometheus,0.28,115.5
1790611318,rot-emqx,1.03,201.2
1790611318,rot-alertmanager,0.12,25.3
1790611318,rot-plant-simulator,0.40,37.1
1790611318,rot-cadvisor,0.35,47.8
1790611321,rot-ai-web-1,0.00,12.3
1790611321,rot-ai-knowledge-1,0.16,150.3
1790611321,rot-ai-alarm-worker-1,0.06,36.2
1790611321,rot-ai-work-db-1,0.00,49.8
1790611321,rot-ai-graph-1,0.69,672.4
1790611321,rot-edgex-app-mqtt-export,0.12,23.6
1790611321,rot-edgex-device-modbus,1.01,25.4
1790611321,rot-edgex-core-command,0.02,14.2
1790611321,rot-edgex-ui,0.00,6.7
1790611321,rot-edgex-core-data,0.16,25.8
1790611321,rot-edgex-core-metadata,0.03,13.2
1790611321,rot-edgex-common-config,0.00,0.9
1790611321,rot-edgex-core-keeper,0.08,18.9
1790611321,rot-flink-taskmanager,6.85,1481.7
1790611321,rot-telegraf-sink,1.39,113.2
1790611321,rot-alert-republisher,0.21,85.0
1790611321,rot-kafka-exporter,0.02,19.6
1790611321,rot-telegraf-bridge,0.45,123.4
1790611321,rot-fuxa,0.24,77.2
1790611321,rot-grafana,0.09,128.7
1790611321,rot-edgex-postgres,0.10,57.8
1790611321,rot-edgex-mqtt-broker,0.05,2.0
1790611321,rot-flink-jobmanager,3.97,758.7
1790611321,rot-kafka,3.82,470.4
1790611321,rot-influxdb,0.04,102.8
1790611321,rot-prometheus,0.24,115.5
1790611321,rot-emqx,0.55,200.8
1790611321,rot-alertmanager,0.09,25.3
1790611321,rot-plant-simulator,0.32,40.4
1790611321,rot-cadvisor,0.91,48.3
1790611325,rot-ai-web-1,0.00,12.3
1790611325,rot-ai-knowledge-1,0.53,150.0
1790611325,rot-ai-alarm-worker-1,0.05,36.4
1790611325,rot-ai-work-db-1,0.64,50.3
1790611325,rot-ai-graph-1,1.18,672.6
1790611325,rot-edgex-app-mqtt-export,0.09,23.6
1790611325,rot-edgex-device-modbus,0.27,25.4
1790611325,rot-edgex-core-command,0.00,14.0
1790611325,rot-edgex-ui,0.00,6.7
1790611325,rot-edgex-core-data,0.08,25.3
1790611325,rot-edgex-core-metadata,0.00,13.2
1790611325,rot-edgex-common-config,0.00,0.9
1790611325,rot-edgex-core-keeper,0.04,19.1
1790611325,rot-flink-taskmanager,3.39,1480.7
1790611325,rot-telegraf-sink,0.88,113.9
1790611325,rot-alert-republisher,0.17,84.5
1790611325,rot-kafka-exporter,0.05,19.6
1790611325,rot-telegraf-bridge,0.22,123.1
1790611325,rot-fuxa,0.18,77.6
1790611325,rot-grafana,0.04,128.7
1790611325,rot-edgex-postgres,0.05,58.1
1790611325,rot-edgex-mqtt-broker,0.06,2.0
1790611325,rot-flink-jobmanager,1.13,760.0
1790611325,rot-kafka,3.54,471.9
1790611325,rot-influxdb,2.36,104.9
1790611325,rot-prometheus,0.21,115.5
1790611325,rot-emqx,84.52,245.8
1790611325,rot-alertmanager,0.14,25.3
1790611325,rot-plant-simulator,0.28,39.9
1790611325,rot-cadvisor,1.69,50.6
1790611328,rot-ai-web-1,0.00,12.2
1790611328,rot-ai-knowledge-1,0.66,149.8
1790611328,rot-ai-alarm-worker-1,0.07,36.0
1790611328,rot-ai-work-db-1,1.18,50.3
1790611328,rot-ai-graph-1,218.17,839.4
1790611328,rot-edgex-app-mqtt-export,0.18,23.7
1790611328,rot-edgex-device-modbus,0.44,25.1
1790611328,rot-edgex-core-command,0.00,13.8
1790611328,rot-edgex-ui,0.00,6.7
1790611328,rot-edgex-core-data,0.16,25.3
1790611328,rot-edgex-core-metadata,0.03,13.1
1790611328,rot-edgex-common-config,0.00,0.9
1790611328,rot-edgex-core-keeper,0.02,21.8
1790611328,rot-flink-taskmanager,5.72,1481.7
1790611328,rot-telegraf-sink,1.33,111.3
1790611328,rot-alert-republisher,0.30,83.4
1790611328,rot-kafka-exporter,0.06,18.6
1790611328,rot-telegraf-bridge,0.31,123.1
1790611328,rot-fuxa,0.18,78.2
1790611328,rot-grafana,0.20,126.7
1790611328,rot-edgex-postgres,1.12,58.0
1790611328,rot-edgex-mqtt-broker,0.05,2.0
1790611328,rot-flink-jobmanager,1.11,763.2
1790611328,rot-kafka,3.88,471.7
1790611328,rot-influxdb,0.43,103.5
1790611328,rot-prometheus,0.64,115.4
1790611328,rot-emqx,0.68,203.4
1790611328,rot-alertmanager,0.12,25.3
1790611328,rot-plant-simulator,0.44,39.9
1790611328,rot-cadvisor,0.15,48.8
1790611332,rot-ai-web-1,0.00,12.2
1790611332,rot-ai-knowledge-1,0.14,149.7
1790611332,rot-ai-alarm-worker-1,0.10,36.2
1790611332,rot-ai-work-db-1,0.00,49.8
1790611332,rot-ai-graph-1,0.87,677.2
1790611332,rot-edgex-app-mqtt-export,0.23,23.2
1790611332,rot-edgex-device-modbus,0.52,25.0
1790611332,rot-edgex-core-command,0.05,13.8
1790611332,rot-edgex-ui,0.00,6.7
1790611332,rot-edgex-core-data,0.30,25.0
1790611332,rot-edgex-core-metadata,0.04,13.1
1790611332,rot-edgex-common-config,0.00,0.9
1790611332,rot-edgex-core-keeper,0.08,22.0
1790611332,rot-flink-taskmanager,6.97,1481.7
1790611332,rot-telegraf-sink,2.27,119.4
1790611332,rot-alert-republisher,0.24,82.9
1790611332,rot-kafka-exporter,0.04,18.6
1790611332,rot-telegraf-bridge,0.34,122.8
1790611332,rot-fuxa,0.25,77.6
1790611332,rot-grafana,0.08,126.4
1790611332,rot-edgex-postgres,0.19,58.4
1790611332,rot-edgex-mqtt-broker,0.07,1.8
1790611332,rot-flink-jobmanager,9.31,768.9
1790611332,rot-kafka,99.78,470.1
1790611332,rot-influxdb,0.07,103.1
1790611332,rot-prometheus,0.55,114.5
1790611332,rot-emqx,1.43,203.4
1790611332,rot-alertmanager,0.09,25.3
1790611332,rot-plant-simulator,0.49,40.5
1790611332,rot-cadvisor,2.38,47.9
1790611335,rot-ai-web-1,0.00,12.2
1790611335,rot-ai-knowledge-1,0.16,149.5
1790611335,rot-ai-alarm-worker-1,0.09,35.9
1790611335,rot-ai-work-db-1,0.00,49.5
1790611335,rot-ai-graph-1,0.93,676.0
1790611335,rot-edgex-app-mqtt-export,0.13,23.1
1790611335,rot-edgex-device-modbus,0.28,25.1
1790611335,rot-edgex-core-command,0.00,13.7
1790611335,rot-edgex-ui,0.00,6.7
1790611335,rot-edgex-core-data,0.16,25.9
1790611335,rot-edgex-core-metadata,0.00,13.1
1790611335,rot-edgex-common-config,0.00,0.9
1790611335,rot-edgex-core-keeper,0.02,21.6
1790611335,rot-flink-taskmanager,13.75,1481.7
1790611335,rot-telegraf-sink,1.11,117.4
1790611335,rot-alert-republisher,0.49,82.2
1790611335,rot-kafka-exporter,0.05,18.5
1790611335,rot-telegraf-bridge,0.30,122.1
1790611335,rot-fuxa,0.13,76.7
1790611335,rot-grafana,0.07,125.2
1790611335,rot-edgex-postgres,0.10,58.3
1790611335,rot-edgex-mqtt-broker,0.04,1.8
1790611335,rot-flink-jobmanager,12.92,774.9
1790611335,rot-kafka,4.23,469.5
1790611335,rot-influxdb,0.26,104.0
1790611335,rot-prometheus,0.09,113.9
1790611335,rot-emqx,31.59,229.1
1790611335,rot-alertmanager,0.10,25.2
1790611335,rot-plant-simulator,0.32,40.2
1790611335,rot-cadvisor,0.24,47.4
1790611339,rot-ai-web-1,0.00,12.2
1790611339,rot-ai-knowledge-1,0.61,149.5
1790611339,rot-ai-alarm-worker-1,0.07,36.4
1790611339,rot-ai-work-db-1,0.73,50.0
1790611339,rot-ai-graph-1,0.67,676.0
1790611339,rot-edgex-app-mqtt-export,0.10,23.7
1790611339,rot-edgex-device-modbus,0.29,25.7
1790611339,rot-edgex-core-command,0.00,13.7
1790611339,rot-edgex-ui,0.00,6.7
1790611339,rot-edgex-core-data,0.13,26.1
1790611339,rot-edgex-core-metadata,0.05,13.3
1790611339,rot-edgex-common-config,0.00,0.9
1790611339,rot-edgex-core-keeper,0.00,21.8
1790611339,rot-flink-taskmanager,3.77,1484.8
1790611339,rot-telegraf-sink,0.72,118.1
1790611339,rot-alert-republisher,0.13,83.0
1790611339,rot-kafka-exporter,0.06,21.6
1790611339,rot-telegraf-bridge,0.29,121.9
1790611339,rot-fuxa,0.15,76.9
1790611339,rot-grafana,0.84,130.7
1790611339,rot-edgex-postgres,2.66,59.4
1790611339,rot-edgex-mqtt-broker,0.05,2.0
1790611339,rot-flink-jobmanager,0.73,774.0
1790611339,rot-kafka,5.53,469.2
1790611339,rot-influxdb,0.24,104.0
1790611339,rot-prometheus,0.92,116.0
1790611339,rot-emqx,0.55,203.9
1790611339,rot-alertmanager,0.07,25.2
1790611339,rot-plant-simulator,0.34,40.5
1790611339,rot-cadvisor,0.22,47.9
1790611342,rot-ai-web-1,0.00,12.0
1790611342,rot-ai-knowledge-1,0.51,147.5
1790611342,rot-ai-alarm-worker-1,0.10,35.2
1790611342,rot-ai-work-db-1,5.67,51.4
1790611342,rot-ai-graph-1,38.83,667.9
1790611342,rot-edgex-app-mqtt-export,0.27,21.6
1790611342,rot-edgex-device-modbus,0.35,24.0
1790611342,rot-edgex-core-command,0.00,12.7
1790611342,rot-edgex-ui,0.00,6.6
1790611342,rot-edgex-core-data,0.13,24.1
1790611342,rot-edgex-core-metadata,0.00,12.2
1790611342,rot-edgex-common-config,0.00,0.8
1790611342,rot-edgex-core-keeper,0.07,20.0
1790611342,rot-flink-taskmanager,8.77,1485.8
1790611342,rot-telegraf-sink,1.18,111.5
1790611342,rot-alert-republisher,0.35,71.6
1790611342,rot-kafka-exporter,0.03,19.8
1790611342,rot-telegraf-bridge,0.34,111.2
1790611342,rot-fuxa,0.18,74.8
1790611342,rot-grafana,0.08,117.8
1790611342,rot-edgex-postgres,0.10,55.1
1790611342,rot-edgex-mqtt-broker,0.07,1.7
1790611342,rot-flink-jobmanager,1.40,775.6
1790611342,rot-kafka,123.17,524.3
1790611342,rot-influxdb,0.33,96.7
1790611342,rot-prometheus,0.00,109.3
1790611342,rot-emqx,0.78,199.9
1790611342,rot-alertmanager,0.08,23.5
1790611342,rot-plant-simulator,0.37,37.5
1790611342,rot-cadvisor,0.31,46.5
1790611346,rot-ai-web-1,0.00,12.0
1790611346,rot-ai-knowledge-1,0.55,148.0
1790611346,rot-ai-alarm-worker-1,0.08,37.8
1790611346,rot-ai-work-db-1,0.55,50.3
1790611346,rot-ai-graph-1,0.86,667.4
1790611346,rot-edgex-app-mqtt-export,0.31,21.6
1790611346,rot-edgex-device-modbus,0.35,24.0
1790611346,rot-edgex-core-command,0.00,12.7
1790611346,rot-edgex-ui,0.00,6.6
1790611346,rot-edgex-core-data,0.48,24.9
1790611346,rot-edgex-core-metadata,0.11,12.3
1790611346,rot-edgex-common-config,0.00,0.8
1790611346,rot-edgex-core-keeper,0.51,20.7
1790611346,rot-flink-taskmanager,19.77,1489.9
1790611346,rot-telegraf-sink,1.09,112.3
1790611346,rot-alert-republisher,0.18,71.8
1790611346,rot-kafka-exporter,0.05,19.8
1790611346,rot-telegraf-bridge,0.34,110.9
1790611346,rot-fuxa,0.26,74.4
1790611346,rot-grafana,0.06,117.8
1790611346,rot-edgex-postgres,0.28,57.3
1790611346,rot-edgex-mqtt-broker,0.05,1.7
1790611346,rot-flink-jobmanager,3.35,779.6
1790611346,rot-kafka,3.46,471.6
1790611346,rot-influxdb,0.85,105.3
1790611346,rot-prometheus,1.24,109.8
1790611346,rot-emqx,24.11,223.1
1790611346,rot-alertmanager,0.09,23.3
1790611346,rot-plant-simulator,0.48,37.5
1790611346,rot-cadvisor,0.95,45.5
1790611350,rot-ai-web-1,1.99,12.6
1790611350,rot-ai-knowledge-1,2.27,148.8
1790611350,rot-ai-alarm-worker-1,0.08,38.0
1790611350,rot-ai-work-db-1,0.01,50.1
1790611350,rot-ai-graph-1,0.69,668.2
1790611350,rot-edgex-app-mqtt-export,0.08,21.6
1790611350,rot-edgex-device-modbus,0.28,24.1
1790611350,rot-edgex-core-command,0.00,12.7
1790611350,rot-edgex-ui,0.00,6.6
1790611350,rot-edgex-core-data,0.08,24.1
1790611350,rot-edgex-core-metadata,0.00,12.2
1790611350,rot-edgex-common-config,0.00,0.8
1790611350,rot-edgex-core-keeper,0.00,19.7
1790611350,rot-flink-taskmanager,3.84,1494.0
1790611350,rot-telegraf-sink,1.12,112.7
1790611350,rot-alert-republisher,0.22,71.8
1790611350,rot-kafka-exporter,0.04,19.8
1790611350,rot-telegraf-bridge,0.29,110.4
1790611350,rot-fuxa,0.14,74.4
1790611350,rot-grafana,0.07,117.8
1790611350,rot-edgex-postgres,0.08,56.9
1790611350,rot-edgex-mqtt-broker,0.05,1.7
1790611350,rot-flink-jobmanager,1.08,780.4
1790611350,rot-kafka,10.18,474.9
1790611350,rot-influxdb,0.05,104.6
1790611350,rot-prometheus,0.03,109.4
1790611350,rot-emqx,1.68,201.2
1790611350,rot-alertmanager,0.10,23.3
1790611350,rot-plant-simulator,7.46,41.0
1790611350,rot-cadvisor,0.26,46.2
1790611353,rot-ai-web-1,0.00,12.1
1790611353,rot-ai-knowledge-1,0.15,148.1
1790611353,rot-ai-alarm-worker-1,0.10,37.8
1790611353,rot-ai-work-db-1,0.01,50.1
1790611353,rot-ai-graph-1,146.29,681.8
1790611353,rot-edgex-app-mqtt-export,0.35,25.6
1790611353,rot-edgex-device-modbus,0.34,24.0
1790611353,rot-edgex-core-command,0.00,12.7
1790611353,rot-edgex-ui,0.00,6.6
1790611353,rot-edgex-core-data,0.21,24.1
1790611353,rot-edgex-core-metadata,0.01,12.2
1790611353,rot-edgex-common-config,0.00,0.8
1790611353,rot-edgex-core-keeper,0.02,20.0
1790611353,rot-flink-taskmanager,4.24,1494.0
1790611353,rot-telegraf-sink,1.01,121.1
1790611353,rot-alert-republisher,0.24,71.3
1790611353,rot-kafka-exporter,0.04,19.8
1790611353,rot-telegraf-bridge,0.26,111.3
1790611353,rot-fuxa,0.20,74.8
1790611353,rot-grafana,0.06,117.7
1790611353,rot-edgex-postgres,0.12,57.2
1790611353,rot-edgex-mqtt-broker,0.07,1.7
1790611353,rot-flink-jobmanager,1.27,782.8
1790611353,rot-kafka,4.25,473.3
1790611353,rot-influxdb,0.05,104.5
1790611353,rot-prometheus,0.14,109.5
1790611353,rot-emqx,2.25,201.8
1790611353,rot-alertmanager,0.08,23.2
1790611353,rot-plant-simulator,0.39,40.2
1790611353,rot-cadvisor,0.10,46.3
1790611357,rot-ai-web-1,0.00,12.1
1790611357,rot-ai-knowledge-1,0.15,148.3
1790611357,rot-ai-alarm-worker-1,0.08,37.8
1790611357,rot-ai-work-db-1,0.00,50.1
1790611357,rot-ai-graph-1,45.71,710.2
1790611357,rot-edgex-app-mqtt-export,0.37,25.5
1790611357,rot-edgex-device-modbus,0.47,24.0
1790611357,rot-edgex-core-command,0.00,12.7
1790611357,rot-edgex-ui,0.00,6.6
1790611357,rot-edgex-core-data,0.15,27.9
1790611357,rot-edgex-core-metadata,0.00,12.2
1790611357,rot-edgex-common-config,0.00,0.8
1790611357,rot-edgex-core-keeper,0.46,19.8
1790611357,rot-flink-taskmanager,5.26,1492.0
1790611357,rot-telegraf-sink,1.00,120.4
1790611357,rot-alert-republisher,0.38,71.5
1790611357,rot-kafka-exporter,2.86,20.3
1790611357,rot-telegraf-bridge,0.32,118.5
1790611357,rot-fuxa,0.21,79.5
1790611357,rot-grafana,0.17,117.7
1790611357,rot-edgex-postgres,0.28,57.2
1790611357,rot-edgex-mqtt-broker,0.06,1.7
1790611357,rot-flink-jobmanager,1.30,791.3
1790611357,rot-kafka,7.63,475.2
1790611357,rot-influxdb,0.16,104.5
1790611357,rot-prometheus,0.45,115.7
1790611357,rot-emqx,62.18,217.5
1790611357,rot-alertmanager,0.08,23.2
1790611357,rot-plant-simulator,0.42,40.2
1790611357,rot-cadvisor,0.29,47.5
1790611361,rot-ai-web-1,0.00,12.1
1790611361,rot-ai-knowledge-1,0.53,148.2
1790611361,rot-ai-alarm-worker-1,0.09,38.1
1790611361,rot-ai-work-db-1,0.43,50.4
1790611361,rot-ai-graph-1,0.78,710.8
1790611361,rot-edgex-app-mqtt-export,0.91,25.8
1790611361,rot-edgex-device-modbus,0.91,24.5
1790611361,rot-edgex-core-command,0.00,12.7
1790611361,rot-edgex-ui,0.00,6.6
1790611361,rot-edgex-core-data,0.15,27.9
1790611361,rot-edgex-core-metadata,0.11,12.5
1790611361,rot-edgex-common-config,0.00,0.8
1790611361,rot-edgex-core-keeper,0.04,19.7
1790611361,rot-flink-taskmanager,6.22,1492.0
1790611361,rot-telegraf-sink,0.97,120.1
1790611361,rot-alert-republisher,0.19,71.5
1790611361,rot-kafka-exporter,0.08,20.3
1790611361,rot-telegraf-bridge,0.66,118.9
1790611361,rot-fuxa,0.45,80.0
1790611361,rot-grafana,0.06,117.6
1790611361,rot-edgex-postgres,0.39,57.4
1790611361,rot-edgex-mqtt-broker,0.05,2.0
1790611361,rot-flink-jobmanager,2.81,793.9
1790611361,rot-kafka,3.94,474.0
1790611361,rot-influxdb,0.41,104.4
1790611361,rot-prometheus,0.21,115.7
1790611361,rot-emqx,0.59,201.3
1790611361,rot-alertmanager,0.11,23.2
1790611361,rot-plant-simulator,1.51,41.2
1790611361,rot-cadvisor,1.53,46.0
1790611365,rot-ai-web-1,0.00,12.1
1790611365,rot-ai-knowledge-1,0.74,147.9
1790611365,rot-ai-alarm-worker-1,0.11,38.1
1790611365,rot-ai-work-db-1,0.80,50.4
1790611365,rot-ai-graph-1,207.74,903.2
1790611365,rot-edgex-app-mqtt-export,0.19,25.0
1790611365,rot-edgex-device-modbus,0.40,24.2
1790611365,rot-edgex-core-command,0.00,12.4
1790611365,rot-edgex-ui,0.00,6.6
1790611365,rot-edgex-core-data,0.21,28.1
1790611365,rot-edgex-core-metadata,0.00,12.2
1790611365,rot-edgex-common-config,0.00,0.8
1790611365,rot-edgex-core-keeper,0.00,19.4
1790611365,rot-flink-taskmanager,4.63,1493.0
1790611365,rot-telegraf-sink,1.26,120.1
1790611365,rot-alert-republisher,0.22,70.5
1790611365,rot-kafka-exporter,0.12,20.0
1790611365,rot-telegraf-bridge,0.29,117.9
1790611365,rot-fuxa,0.21,87.7
1790611365,rot-grafana,0.10,117.2
1790611365,rot-edgex-postgres,3.01,57.0
1790611365,rot-edgex-mqtt-broker,0.07,1.7
1790611365,rot-flink-jobmanager,1.12,790.7
1790611365,rot-kafka,9.41,479.8
1790611365,rot-influxdb,3.93,104.9
1790611365,rot-prometheus,0.07,115.1
1790611365,rot-emqx,3.50,200.8
1790611365,rot-alertmanager,0.15,22.8
1790611365,rot-plant-simulator,0.44,40.3
1790611365,rot-cadvisor,0.09,45.7
1790611369,rot-ai-web-1,0.00,12.1
1790611369,rot-ai-knowledge-1,0.68,148.3
1790611369,rot-ai-alarm-worker-1,0.08,38.2
1790611369,rot-ai-work-db-1,4.85,51.2
1790611369,rot-ai-graph-1,0.83,715.2
1790611369,rot-edgex-app-mqtt-export,0.10,25.6
1790611369,rot-edgex-device-modbus,0.33,24.2
1790611369,rot-edgex-core-command,0.00,12.7
1790611369,rot-edgex-ui,0.00,6.7
1790611369,rot-edgex-core-data,0.13,28.1
1790611369,rot-edgex-core-metadata,0.03,12.5
1790611369,rot-edgex-common-config,0.00,0.8
1790611369,rot-edgex-core-keeper,0.02,20.5
1790611369,rot-flink-taskmanager,5.04,1495.0
1790611369,rot-telegraf-sink,1.17,123.1
1790611369,rot-alert-republisher,0.24,70.7
1790611369,rot-kafka-exporter,0.05,21.0
1790611369,rot-telegraf-bridge,0.30,126.7
1790611369,rot-fuxa,0.31,87.6
1790611369,rot-grafana,0.68,117.3
1790611369,rot-edgex-postgres,0.51,57.0
1790611369,rot-edgex-mqtt-broker,0.05,2.0
1790611369,rot-flink-jobmanager,0.96,794.6
1790611369,rot-kafka,4.83,480.3
1790611369,rot-influxdb,0.40,105.0
1790611369,rot-prometheus,0.42,116.1
1790611369,rot-emqx,51.50,210.6
1790611369,rot-alertmanager,0.10,23.2
1790611369,rot-plant-simulator,0.41,40.3
1790611369,rot-cadvisor,0.29,45.7
1790611372,rot-ai-web-1,0.00,12.1
1790611372,rot-ai-knowledge-1,0.16,147.8
1790611372,rot-ai-alarm-worker-1,0.05,38.0
1790611372,rot-ai-work-db-1,0.00,50.6
1790611372,rot-ai-graph-1,0.69,715.4
1790611372,rot-edgex-app-mqtt-export,0.16,25.6
1790611372,rot-edgex-device-modbus,0.26,24.7
1790611372,rot-edgex-core-command,0.06,12.7
1790611372,rot-edgex-ui,0.00,6.7
1790611372,rot-edgex-core-data,0.12,27.8
1790611372,rot-edgex-core-metadata,0.00,12.2
1790611372,rot-edgex-common-config,0.00,0.8
1790611372,rot-edgex-core-keeper,0.18,20.5
1790611372,rot-flink-taskmanager,6.69,1496.1
1790611372,rot-telegraf-sink,0.90,122.4
1790611372,rot-alert-republisher,0.26,70.7
1790611372,rot-kafka-exporter,0.02,21.0
1790611372,rot-telegraf-bridge,0.27,126.5
1790611372,rot-fuxa,0.14,88.0
1790611372,rot-grafana,0.05,117.1
1790611372,rot-edgex-postgres,0.13,56.5
1790611372,rot-edgex-mqtt-broker,0.05,2.0
1790611372,rot-flink-jobmanager,6.41,798.9
1790611372,rot-kafka,3.68,478.7
1790611372,rot-influxdb,0.06,104.5
1790611372,rot-prometheus,0.15,116.3
1790611372,rot-emqx,1.73,202.2
1790611372,rot-alertmanager,0.12,23.2
1790611372,rot-plant-simulator,0.38,40.7
1790611372,rot-cadvisor,0.14,47.5
1790611375,rot-ai-web-1,0.00,12.1
1790611375,rot-ai-knowledge-1,0.17,147.8
1790611375,rot-ai-alarm-worker-1,0.11,38.0
1790611375,rot-ai-work-db-1,0.00,50.6
1790611375,rot-ai-graph-1,14.21,741.3
1790611375,rot-edgex-app-mqtt-export,0.16,30.7
1790611375,rot-edgex-device-modbus,0.32,24.4
1790611375,rot-edgex-core-command,0.00,12.7
1790611375,rot-edgex-ui,0.00,6.7
1790611375,rot-edgex-core-data,0.39,27.7
1790611375,rot-edgex-core-metadata,0.00,12.2
1790611375,rot-edgex-common-config,0.00,0.8
1790611375,rot-edgex-core-keeper,0.04,20.5
1790611375,rot-flink-taskmanager,13.26,1495.0
1790611375,rot-telegraf-sink,1.18,122.9
1790611375,rot-alert-republisher,0.25,70.2
1790611375,rot-kafka-exporter,0.06,21.0
1790611375,rot-telegraf-bridge,0.32,126.7
1790611375,rot-fuxa,0.16,88.3
1790611375,rot-grafana,0.07,117.1
1790611375,rot-edgex-postgres,0.10,56.7
1790611375,rot-edgex-mqtt-broker,0.07,1.7
1790611375,rot-flink-jobmanager,4.44,803.0
1790611375,rot-kafka,5.62,480.0
1790611375,rot-influxdb,0.18,111.7
1790611375,rot-prometheus,0.15,116.3
1790611375,rot-emqx,1.20,201.9
1790611375,rot-alertmanager,0.12,23.2
1790611375,rot-plant-simulator,0.35,41.2
1790611375,rot-cadvisor,0.12,47.2
1790611379,rot-ai-web-1,1.89,12.4
1790611379,rot-ai-knowledge-1,3.52,151.3
1790611379,rot-ai-alarm-worker-1,0.09,36.0
1790611379,rot-ai-work-db-1,0.00,46.5
1790611379,rot-ai-graph-1,0.88,700.1
1790611379,rot-edgex-app-mqtt-export,0.28,25.9
1790611379,rot-edgex-device-modbus,0.54,20.9
1790611379,rot-edgex-core-command,0.00,11.8
1790611379,rot-edgex-ui,0.00,6.5
1790611379,rot-edgex-core-data,0.22,24.0
1790611379,rot-edgex-core-metadata,0.00,11.2
1790611379,rot-edgex-common-config,0.00,0.8
1790611379,rot-edgex-core-keeper,0.02,18.0
1790611379,rot-flink-taskmanager,5.95,1489.9
1790611379,rot-telegraf-sink,0.95,104.2
1790611379,rot-alert-republisher,0.27,57.1
1790611379,rot-kafka-exporter,0.08,19.6
1790611379,rot-telegraf-bridge,0.33,111.2
1790611379,rot-fuxa,0.42,80.2
1790611379,rot-grafana,0.05,99.0
1790611379,rot-edgex-postgres,3.82,56.7
1790611379,rot-edgex-mqtt-broker,0.11,1.7
1790611379,rot-flink-jobmanager,1.47,797.7
1790611379,rot-kafka,187.48,540.4
1790611379,rot-influxdb,0.06,98.2
1790611379,rot-prometheus,0.03,116.6
1790611379,rot-emqx,97.83,204.3
1790611379,rot-alertmanager,0.14,20.8
1790611379,rot-plant-simulator,0.82,35.9
1790611379,rot-cadvisor,0.24,43.0
1790611383,rot-ai-web-1,0.00,11.9
1790611383,rot-ai-knowledge-1,0.77,150.6
1790611383,rot-ai-alarm-worker-1,0.12,36.0
1790611383,rot-ai-work-db-1,4.19,48.5
1790611383,rot-ai-graph-1,1.05,700.2
1790611383,rot-edgex-app-mqtt-export,0.29,25.9
1790611383,rot-edgex-device-modbus,0.72,23.0
1790611383,rot-edgex-core-command,0.00,11.8
1790611383,rot-edgex-ui,0.00,6.5
1790611383,rot-edgex-core-data,0.26,24.0
1790611383,rot-edgex-core-metadata,0.00,11.2
1790611383,rot-edgex-common-config,0.00,0.8
1790611383,rot-edgex-core-keeper,0.03,17.9
1790611383,rot-flink-taskmanager,5.77,1493.0
1790611383,rot-telegraf-sink,1.40,104.1
1790611383,rot-alert-republisher,1.02,57.6
1790611383,rot-kafka-exporter,0.04,19.6
1790611383,rot-telegraf-bridge,0.64,119.1
1790611383,rot-fuxa,1.26,81.4
1790611383,rot-grafana,0.12,99.2
1790611383,rot-edgex-postgres,0.28,57.7
1790611383,rot-edgex-mqtt-broker,0.07,2.2
1790611383,rot-flink-jobmanager,1.86,803.2
1790611383,rot-kafka,4.54,472.6
1790611383,rot-influxdb,0.49,98.2
1790611383,rot-prometheus,0.33,124.4
1790611383,rot-emqx,5.80,203.9
1790611383,rot-alertmanager,0.08,20.8
1790611383,rot-plant-simulator,0.85,40.3
1790611383,rot-cadvisor,0.24,46.1
1790611387,rot-ai-web-1,0.00,11.9
1790611387,rot-ai-knowledge-1,0.49,150.9
1790611387,rot-ai-alarm-worker-1,0.09,35.7
1790611387,rot-ai-work-db-1,0.44,47.7
1790611387,rot-ai-graph-1,0.70,700.3
1790611387,rot-edgex-app-mqtt-export,0.19,25.7
1790611387,rot-edgex-device-modbus,0.29,22.8
1790611387,rot-edgex-core-command,0.07,11.8
1790611387,rot-edgex-ui,0.00,6.5
1790611387,rot-edgex-core-data,0.31,24.2
1790611387,rot-edgex-core-metadata,0.09,11.5
1790611387,rot-edgex-common-config,0.00,0.8
1790611387,rot-edgex-core-keeper,0.73,18.8
1790611387,rot-flink-taskmanager,18.43,1496.1
1790611387,rot-telegraf-sink,0.86,103.9
1790611387,rot-alert-republisher,0.24,56.9
1790611387,rot-kafka-exporter,1.69,20.1
1790611387,rot-telegraf-bridge,0.20,152.8
1790611387,rot-fuxa,0.17,80.7
1790611387,rot-grafana,0.16,99.0
1790611387,rot-edgex-postgres,0.27,57.2
1790611387,rot-edgex-mqtt-broker,0.07,1.9
1790611387,rot-flink-jobmanager,2.93,805.6
1790611387,rot-kafka,7.59,474.0
1790611387,rot-influxdb,1.97,100.8
1790611387,rot-prometheus,1.13,124.7
1790611387,rot-emqx,1.48,203.6
1790611387,rot-alertmanager,0.09,20.8
1790611387,rot-plant-simulator,0.35,40.1
1790611387,rot-cadvisor,0.22,45.8
1790611390,rot-ai-web-1,2.27,12.2
1790611390,rot-ai-knowledge-1,2.96,151.4
1790611390,rot-ai-alarm-worker-1,0.10,35.7
1790611390,rot-ai-work-db-1,0.00,48.1
1790611390,rot-ai-graph-1,216.89,880.2
1790611390,rot-edgex-app-mqtt-export,0.17,25.7
1790611390,rot-edgex-device-modbus,0.37,22.8
1790611390,rot-edgex-core-command,0.02,11.8
1790611390,rot-edgex-ui,0.00,6.5
1790611390,rot-edgex-core-data,0.24,24.2
1790611390,rot-edgex-core-metadata,0.00,11.2
1790611390,rot-edgex-common-config,0.00,0.8
1790611390,rot-edgex-core-keeper,0.00,18.4
1790611390,rot-flink-taskmanager,4.89,1495.0
1790611390,rot-telegraf-sink,1.26,104.2
1790611390,rot-alert-republisher,0.35,57.1
1790611390,rot-kafka-exporter,0.06,20.3
1790611390,rot-telegraf-bridge,0.28,152.1
1790611390,rot-fuxa,0.23,80.9
1790611390,rot-grafana,0.11,99.0
1790611390,rot-edgex-postgres,3.99,57.8
1790611390,rot-edgex-mqtt-broker,0.05,1.7
1790611390,rot-flink-jobmanager,1.62,807.0
1790611390,rot-kafka,4.45,473.9
1790611390,rot-influxdb,0.09,107.0
1790611390,rot-prometheus,0.04,124.2
1790611390,rot-emqx,4.92,207.1
1790611390,rot-alertmanager,0.15,20.8
1790611390,rot-plant-simulator,9.29,51.4
1790611390,rot-cadvisor,0.39,46.0
1790611393,rot-ai-web-1,0.00,12.0
1790611393,rot-ai-knowledge-1,0.80,150.6
1790611393,rot-ai-alarm-worker-1,0.07,36.0
1790611393,rot-ai-work-db-1,0.85,47.7
1790611393,rot-ai-graph-1,0.79,709.1
1790611393,rot-edgex-app-mqtt-export,0.43,27.9
1790611393,rot-edgex-device-modbus,0.78,23.1
1790611393,rot-edgex-core-command,0.00,11.8
1790611393,rot-edgex-ui,0.00,6.5
1790611393,rot-edgex-core-data,0.47,24.7
1790611393,rot-edgex-core-metadata,0.00,11.3
1790611393,rot-edgex-common-config,0.00,0.8
1790611393,rot-edgex-core-keeper,0.03,18.3
1790611393,rot-flink-taskmanager,5.31,1495.0
1790611393,rot-telegraf-sink,1.42,104.2
1790611393,rot-alert-republisher,0.27,56.9
1790611393,rot-kafka-exporter,0.04,20.3
1790611393,rot-telegraf-bridge,0.41,152.6
1790611393,rot-fuxa,0.24,80.4
1790611393,rot-grafana,0.06,99.2
1790611393,rot-edgex-postgres,0.26,57.5
1790611393,rot-edgex-mqtt-broker,0.10,1.9
1790611393,rot-flink-jobmanager,1.54,824.7
1790611393,rot-kafka,6.29,476.8
1790611393,rot-influxdb,0.50,107.0
1790611393,rot-prometheus,0.24,124.4
1790611393,rot-emqx,3.20,204.3
1790611393,rot-alertmanager,0.10,20.8
1790611393,rot-plant-simulator,0.92,40.7
1790611393,rot-cadvisor,0.30,46.5
1790611397,rot-ai-web-1,0.00,12.0
1790611397,rot-ai-knowledge-1,0.18,150.4
1790611397,rot-ai-alarm-worker-1,0.09,35.7
1790611397,rot-ai-work-db-1,0.01,48.0
1790611397,rot-ai-graph-1,0.80,709.3
1790611397,rot-edgex-app-mqtt-export,0.30,27.4
1790611397,rot-edgex-device-modbus,0.32,22.8
1790611397,rot-edgex-core-command,0.21,12.3
1790611397,rot-edgex-ui,0.00,6.5
1790611397,rot-edgex-core-data,0.30,26.6
1790611397,rot-edgex-core-metadata,0.13,11.3
1790611397,rot-edgex-common-config,0.00,0.8
1790611397,rot-edgex-core-keeper,1.01,19.3
1790611397,rot-flink-taskmanager,17.27,1496.1
1790611397,rot-telegraf-sink,1.26,104.4
1790611397,rot-alert-republisher,0.24,56.9
1790611397,rot-kafka-exporter,0.02,20.3
1790611397,rot-telegraf-bridge,0.31,152.6
1790611397,rot-fuxa,0.15,80.9
1790611397,rot-grafana,0.07,99.0
1790611397,rot-edgex-postgres,0.38,57.7
1790611397,rot-edgex-mqtt-broker,0.04,1.9
1790611397,rot-flink-jobmanager,2.12,827.7
1790611397,rot-kafka,5.17,475.8
1790611397,rot-influxdb,0.66,110.3
1790611397,rot-prometheus,0.89,124.6
1790611397,rot-emqx,1.69,203.9
1790611397,rot-alertmanager,0.10,20.8
1790611397,rot-plant-simulator,0.50,39.9
1790611397,rot-cadvisor,0.27,46.2
1790611400,rot-ai-web-1,0.71,13.7
1790611400,rot-ai-knowledge-1,0.15,150.6
1790611400,rot-ai-alarm-worker-1,0.06,35.7
1790611400,rot-ai-work-db-1,0.00,48.2
1790611400,rot-ai-graph-1,0.80,708.9
1790611400,rot-edgex-app-mqtt-export,0.36,27.4
1790611400,rot-edgex-device-modbus,0.37,22.8
1790611400,rot-edgex-core-command,0.02,11.8
1790611400,rot-edgex-ui,0.00,6.5
1790611400,rot-edgex-core-data,0.30,27.0
1790611400,rot-edgex-core-metadata,0.00,11.3
1790611400,rot-edgex-common-config,0.00,0.8
1790611400,rot-edgex-core-keeper,0.00,18.4
1790611400,rot-flink-taskmanager,4.38,1495.0
1790611400,rot-telegraf-sink,0.92,104.5
1790611400,rot-alert-republisher,0.22,57.1
1790611400,rot-kafka-exporter,0.06,20.1
1790611400,rot-telegraf-bridge,0.25,153.1
1790611400,rot-fuxa,0.17,81.0
1790611400,rot-grafana,0.76,117.5
1790611400,rot-edgex-postgres,3.35,57.4
1790611400,rot-edgex-mqtt-broker,0.06,1.7
1790611400,rot-flink-jobmanager,0.94,828.2
1790611400,rot-kafka,3.56,479.3
1790611400,rot-influxdb,0.05,109.6
1790611400,rot-prometheus,0.01,124.2
1790611400,rot-emqx,1.15,203.6
1790611400,rot-alertmanager,0.10,20.8
1790611400,rot-plant-simulator,0.37,40.1
1790611400,rot-cadvisor,0.21,46.0
1790611403,rot-ai-web-1,0.00,11.9
1790611403,rot-ai-knowledge-1,0.76,149.9
1790611403,rot-ai-alarm-worker-1,0.08,35.7
1790611403,rot-ai-work-db-1,0.90,47.5
1790611403,rot-ai-graph-1,194.12,900.2
1790611403,rot-edgex-app-mqtt-export,0.44,26.6
1790611403,rot-edgex-device-modbus,0.58,22.7
1790611403,rot-edgex-core-command,0.00,11.6
1790611403,rot-edgex-ui,0.00,6.5
1790611403,rot-edgex-core-data,0.31,26.3
1790611403,rot-edgex-core-metadata,0.00,11.1
1790611403,rot-edgex-common-config,0.00,0.8
1790611403,rot-edgex-core-keeper,0.13,17.9
1790611403,rot-flink-taskmanager,6.35,1488.9
1790611403,rot-telegraf-sink,1.45,103.1
1790611403,rot-alert-republisher,0.30,56.1
1790611403,rot-kafka-exporter,0.05,19.6
1790611403,rot-telegraf-bridge,0.35,149.4
1790611403,rot-fuxa,0.23,80.0
1790611403,rot-grafana,0.06,115.8
1790611403,rot-edgex-postgres,0.17,56.4
1790611403,rot-edgex-mqtt-broker,0.10,1.9
1790611403,rot-flink-jobmanager,1.66,828.7
1790611403,rot-kafka,41.96,477.7
1790611403,rot-influxdb,0.47,108.6
1790611403,rot-prometheus,0.27,123.4
1790611403,rot-emqx,121.61,204.5
1790611403,rot-alertmanager,0.13,20.3
1790611403,rot-plant-simulator,0.68,39.4
1790611403,rot-cadvisor,0.25,45.5
1790611406,rot-ai-web-1,0.00,12.0
1790611406,rot-ai-knowledge-1,0.19,150.0
1790611406,rot-ai-alarm-worker-1,0.07,36.1
1790611406,rot-ai-work-db-1,0.00,48.0
1790611406,rot-ai-graph-1,1.10,708.2
1790611406,rot-edgex-app-mqtt-export,0.40,27.7
1790611406,rot-edgex-device-modbus,0.93,22.8
1790611406,rot-edgex-core-command,0.00,11.7
1790611406,rot-edgex-ui,0.00,6.5
1790611406,rot-edgex-core-data,0.42,26.8
1790611406,rot-edgex-core-metadata,0.12,11.4
1790611406,rot-edgex-common-config,0.00,0.8
1790611406,rot-edgex-core-keeper,0.25,19.1
1790611406,rot-flink-taskmanager,16.74,1489.9
1790611406,rot-telegraf-sink,0.97,103.4
1790611406,rot-alert-republisher,0.34,56.3
1790611406,rot-kafka-exporter,0.03,19.8
1790611406,rot-telegraf-bridge,0.40,149.7
1790611406,rot-fuxa,0.29,80.0
1790611406,rot-grafana,0.08,115.8
1790611406,rot-edgex-postgres,0.33,58.0
1790611406,rot-edgex-mqtt-broker,0.11,1.7
1790611406,rot-flink-jobmanager,11.55,831.6
1790611406,rot-kafka,3.95,474.7
1790611406,rot-influxdb,0.30,108.7
1790611406,rot-prometheus,0.15,123.4
1790611406,rot-emqx,1.22,203.9
1790611406,rot-alertmanager,0.10,20.6
1790611406,rot-plant-simulator,1.02,40.4
1790611406,rot-cadvisor,0.06,46.3
1790611409,rot-ai-web-1,0.00,12.0
1790611409,rot-ai-knowledge-1,0.52,150.0
1790611409,rot-ai-alarm-worker-1,0.07,36.0
1790611409,rot-ai-work-db-1,4.17,48.8
1790611409,rot-ai-graph-1,0.65,708.5
1790611409,rot-edgex-app-mqtt-export,0.10,27.4
1790611409,rot-edgex-device-modbus,0.26,22.8
1790611409,rot-edgex-core-command,0.04,11.7
1790611409,rot-edgex-ui,0.00,6.5
1790611409,rot-edgex-core-data,0.11,26.8
1790611409,rot-edgex-core-metadata,0.03,11.2
1790611409,rot-edgex-common-config,0.00,0.8
1790611409,rot-edgex-core-keeper,0.00,18.2
1790611409,rot-flink-taskmanager,4.17,1489.9
1790611409,rot-telegraf-sink,1.13,103.5
1790611409,rot-alert-republisher,0.15,56.3
1790611409,rot-kafka-exporter,0.03,18.9
1790611409,rot-telegraf-bridge,0.24,150.2
1790611409,rot-fuxa,0.15,80.2
1790611409,rot-grafana,0.05,121.0
1790611409,rot-edgex-postgres,0.11,57.8
1790611409,rot-edgex-mqtt-broker,0.05,2.1
1790611409,rot-flink-jobmanager,0.84,823.4
1790611409,rot-kafka,4.33,475.1
1790611409,rot-influxdb,0.04,108.7
1790611409,rot-prometheus,0.00,122.9
1790611409,rot-emqx,1.40,203.9
1790611409,rot-alertmanager,0.09,20.6
1790611409,rot-plant-simulator,0.40,39.9
1790611409,rot-cadvisor,0.07,46.1
1790611413,rot-ai-web-1,0.00,12.2
1790611413,rot-ai-knowledge-1,0.85,151.4
1790611413,rot-ai-alarm-worker-1,0.07,36.0
1790611413,rot-ai-work-db-1,0.43,49.8
1790611413,rot-ai-graph-1,0.68,708.1
1790611413,rot-edgex-app-mqtt-export,0.27,27.0
1790611413,rot-edgex-device-modbus,0.61,22.8
1790611413,rot-edgex-core-command,0.00,11.7
1790611413,rot-edgex-ui,0.00,6.5
1790611413,rot-edgex-core-data,0.20,26.9
1790611413,rot-edgex-core-metadata,0.00,11.2
1790611413,rot-edgex-common-config,0.01,0.8
1790611413,rot-edgex-core-keeper,0.13,18.7
1790611413,rot-flink-taskmanager,4.10,1490.9
1790611413,rot-telegraf-sink,0.99,103.4
1790611413,rot-alert-republisher,0.27,56.3
1790611413,rot-kafka-exporter,0.03,18.9
1790611413,rot-telegraf-bridge,0.25,149.9
1790611413,rot-fuxa,0.17,80.1
1790611413,rot-grafana,0.07,121.0
1790611413,rot-edgex-postgres,0.15,57.8
1790611413,rot-edgex-mqtt-broker,0.06,1.6
1790611413,rot-flink-jobmanager,3.52,827.3
1790611413,rot-kafka,3.24,475.6
1790611413,rot-influxdb,0.36,108.7
1790611413,rot-prometheus,0.00,122.9
1790611413,rot-emqx,1.71,203.9
1790611413,rot-alertmanager,0.06,20.6
1790611413,rot-plant-simulator,0.45,40.5
1790611413,rot-cadvisor,0.14,48.1
1790611416,rot-ai-web-1,0.00,11.9
1790611416,rot-ai-knowledge-1,0.26,149.7
1790611416,rot-ai-alarm-worker-1,0.16,35.6
1790611416,rot-ai-work-db-1,0.00,46.1
1790611416,rot-ai-graph-1,168.18,909.0
1790611416,rot-edgex-app-mqtt-export,0.51,25.7
1790611416,rot-edgex-device-modbus,0.62,21.5
1790611416,rot-edgex-core-command,0.00,11.5
1790611416,rot-edgex-ui,0.00,6.4
1790611416,rot-edgex-core-data,0.22,25.7
1790611416,rot-edgex-core-metadata,0.28,11.5
1790611416,rot-edgex-common-config,0.00,0.8
1790611416,rot-edgex-core-keeper,0.53,17.4
1790611416,rot-flink-taskmanager,23.28,1487.9
1790611416,rot-telegraf-sink,1.53,100.0
1790611416,rot-alert-republisher,0.32,54.8
1790611416,rot-kafka-exporter,0.05,18.5
1790611416,rot-telegraf-bridge,0.68,142.0
1790611416,rot-fuxa,0.26,79.8
1790611416,rot-grafana,0.11,116.2
1790611416,rot-edgex-postgres,0.24,56.0
1790611416,rot-edgex-mqtt-broker,0.09,1.9
1790611416,rot-flink-jobmanager,8.89,829.7
1790611416,rot-kafka,112.40,508.9
1790611416,rot-influxdb,0.47,105.5
1790611416,rot-prometheus,0.41,119.4
1790611416,rot-emqx,2.17,201.3
1790611416,rot-alertmanager,1.75,25.8
1790611416,rot-plant-simulator,0.71,38.5
1790611416,rot-cadvisor,8.75,47.6
1790611419,rot-ai-web-1,0.00,11.8
1790611419,rot-ai-knowledge-1,0.59,149.6
1790611419,rot-ai-alarm-worker-1,0.10,38.0
1790611419,rot-ai-work-db-1,4.75,51.3
1790611419,rot-ai-graph-1,1.77,702.6
1790611419,rot-edgex-app-mqtt-export,0.14,25.8
1790611419,rot-edgex-device-modbus,0.20,21.4
1790611419,rot-edgex-core-command,0.04,11.3
1790611419,rot-edgex-ui,0.00,6.4
1790611419,rot-edgex-core-data,0.28,26.1
1790611419,rot-edgex-core-metadata,0.02,10.9
1790611419,rot-edgex-common-config,0.00,0.8
1790611419,rot-edgex-core-keeper,0.00,17.4
1790611419,rot-flink-taskmanager,3.56,1487.9
1790611419,rot-telegraf-sink,0.91,98.4
1790611419,rot-alert-republisher,0.16,107.6
1790611419,rot-kafka-exporter,0.15,20.1
1790611419,rot-telegraf-bridge,0.32,138.7
1790611419,rot-fuxa,0.14,78.9
1790611419,rot-grafana,0.05,114.1
1790611419,rot-edgex-postgres,0.20,55.4
1790611419,rot-edgex-mqtt-broker,0.06,1.8
1790611419,rot-flink-jobmanager,0.88,829.1
1790611419,rot-kafka,3.11,474.3
1790611419,rot-influxdb,0.21,103.4
1790611419,rot-prometheus,0.00,118.2
1790611419,rot-emqx,1.36,200.6
1790611419,rot-alertmanager,0.07,25.4
1790611419,rot-plant-simulator,0.27,38.4
1790611419,rot-cadvisor,0.09,47.1
1790611422,rot-ai-web-1,0.00,11.9
1790611422,rot-ai-knowledge-1,0.15,150.6
1790611422,rot-ai-alarm-worker-1,0.11,38.3
1790611422,rot-ai-work-db-1,0.01,50.2
1790611422,rot-ai-graph-1,0.69,702.7
1790611422,rot-edgex-app-mqtt-export,0.33,26.8
1790611422,rot-edgex-device-modbus,0.33,21.4
1790611422,rot-edgex-core-command,0.03,11.2
1790611422,rot-edgex-ui,0.00,6.4
1790611422,rot-edgex-core-data,0.18,25.8
1790611422,rot-edgex-core-metadata,0.00,10.9
1790611422,rot-edgex-common-config,0.00,0.8
1790611422,rot-edgex-core-keeper,0.09,17.4
1790611422,rot-flink-taskmanager,3.66,1488.9
1790611422,rot-telegraf-sink,0.90,98.7
1790611422,rot-alert-republisher,0.31,108.8
1790611422,rot-kafka-exporter,0.03,20.1
1790611422,rot-telegraf-bridge,0.27,139.2
1790611422,rot-fuxa,0.28,79.2
1790611422,rot-grafana,0.06,114.1
1790611422,rot-edgex-postgres,0.16,58.3
1790611422,rot-edgex-mqtt-broker,0.04,1.8
1790611422,rot-flink-jobmanager,7.74,826.4
1790611422,rot-kafka,21.67,488.6
1790611422,rot-influxdb,0.38,103.7
1790611422,rot-prometheus,0.09,118.2
1790611422,rot-emqx,1.57,200.9
1790611422,rot-alertmanager,0.09,25.4
1790611422,rot-plant-simulator,0.52,39.8
1790611422,rot-cadvisor,0.36,47.7
1790611426,rot-ai-web-1,0.00,11.9
1790611426,rot-ai-knowledge-1,0.64,150.6
1790611426,rot-ai-alarm-worker-1,0.09,38.3
1790611426,rot-ai-work-db-1,0.65,50.3
1790611426,rot-ai-graph-1,1.10,703.2
1790611426,rot-edgex-app-mqtt-export,0.17,25.8
1790611426,rot-edgex-device-modbus,0.58,21.4
1790611426,rot-edgex-core-command,0.00,11.2
1790611426,rot-edgex-ui,0.00,6.4
1790611426,rot-edgex-core-data,0.30,25.6
1790611426,rot-edgex-core-metadata,0.00,10.9
1790611426,rot-edgex-common-config,0.00,0.8
1790611426,rot-edgex-core-keeper,0.03,17.4
1790611426,rot-flink-taskmanager,24.22,1504.3
1790611426,rot-telegraf-sink,1.61,98.7
1790611426,rot-alert-republisher,0.35,108.3
1790611426,rot-kafka-exporter,0.09,20.1
1790611426,rot-telegraf-bridge,0.45,139.4
1790611426,rot-fuxa,0.28,79.3
1790611426,rot-grafana,0.15,114.1
1790611426,rot-edgex-postgres,2.63,57.6
1790611426,rot-edgex-mqtt-broker,0.07,1.6
1790611426,rot-flink-jobmanager,4.52,830.2
1790611426,rot-kafka,6.80,489.6
1790611426,rot-influxdb,2.73,109.8
1790611426,rot-prometheus,0.25,118.5
1790611426,rot-emqx,19.58,203.3
1790611426,rot-alertmanager,0.13,25.4
1790611426,rot-plant-simulator,0.60,39.3
1790611426,rot-cadvisor,0.42,46.5
1790611429,rot-ai-web-1,0.00,11.8
1790611429,rot-ai-knowledge-1,0.68,148.3
1790611429,rot-ai-alarm-worker-1,0.11,37.8
1790611429,rot-ai-work-db-1,1.31,48.3
1790611429,rot-ai-graph-1,161.70,790.1
1790611429,rot-edgex-app-mqtt-export,0.21,24.4
1790611429,rot-edgex-device-modbus,0.52,19.9
1790611429,rot-edgex-core-command,0.02,10.8
1790611429,rot-edgex-ui,0.00,6.4
1790611429,rot-edgex-core-data,0.24,23.0
1790611429,rot-edgex-core-metadata,0.05,10.8
1790611429,rot-edgex-common-config,0.01,0.8
1790611429,rot-edgex-core-keeper,0.00,20.1
1790611429,rot-flink-taskmanager,5.85,1501.2
1790611429,rot-telegraf-sink,1.50,90.1
1790611429,rot-alert-republisher,0.37,96.1
1790611429,rot-kafka-exporter,0.06,19.4
1790611429,rot-telegraf-bridge,0.32,124.3
1790611429,rot-fuxa,0.19,79.0
1790611429,rot-grafana,7.03,145.0
1790611429,rot-edgex-postgres,0.81,55.1
1790611429,rot-edgex-mqtt-broker,0.09,1.8
1790611429,rot-flink-jobmanager,1.30,828.2
1790611429,rot-kafka,194.53,536.9
1790611429,rot-influxdb,0.57,102.9
1790611429,rot-prometheus,0.94,111.9
1790611429,rot-emqx,1.56,198.4
1790611429,rot-alertmanager,0.13,23.4
1790611429,rot-plant-simulator,0.58,37.0
1790611429,rot-cadvisor,0.28,44.4
1790611432,rot-ai-web-1,0.00,11.8
1790611432,rot-ai-knowledge-1,0.16,151.2
1790611432,rot-ai-alarm-worker-1,0.05,38.1
1790611432,rot-ai-work-db-1,0.00,50.5
1790611432,rot-ai-graph-1,0.62,701.3
1790611432,rot-edgex-app-mqtt-export,0.20,24.4
1790611432,rot-edgex-device-modbus,0.35,19.7
1790611432,rot-edgex-core-command,1.30,20.1
1790611432,rot-edgex-ui,0.00,6.3
1790611432,rot-edgex-core-data,0.23,23.3
1790611432,rot-edgex-core-metadata,0.00,19.4
1790611432,rot-edgex-common-config,0.00,0.8
1790611432,rot-edgex-core-keeper,0.17,20.1
1790611432,rot-flink-taskmanager,5.86,1502.2
1790611432,rot-telegraf-sink,0.73,89.3
1790611432,rot-alert-republisher,0.20,96.4
1790611432,rot-kafka-exporter,0.04,19.4
1790611432,rot-telegraf-bridge,0.28,123.8
1790611432,rot-fuxa,0.20,78.2
1790611432,rot-grafana,0.05,151.8
1790611432,rot-edgex-postgres,0.07,58.2
1790611432,rot-edgex-mqtt-broker,0.06,1.6
1790611432,rot-flink-jobmanager,5.58,833.7
1790611432,rot-kafka,3.17,477.3
1790611432,rot-influxdb,0.04,102.7
1790611432,rot-prometheus,0.11,111.9
1790611432,rot-emqx,1.76,198.4
1790611432,rot-alertmanager,0.09,23.4
1790611432,rot-plant-simulator,0.38,39.5
1790611432,rot-cadvisor,0.32,45.2
1790611435,rot-ai-web-1,0.00,11.8
1790611435,rot-ai-knowledge-1,0.64,151.4
1790611435,rot-ai-alarm-worker-1,0.21,38.1
1790611435,rot-ai-work-db-1,4.13,50.5
1790611435,rot-ai-graph-1,1.27,701.5
1790611435,rot-edgex-app-mqtt-export,0.24,24.6
1790611435,rot-edgex-device-modbus,0.65,19.7
1790611435,rot-edgex-core-command,0.00,19.8
1790611435,rot-edgex-ui,0.00,6.3
1790611435,rot-edgex-core-data,0.27,23.3
1790611435,rot-edgex-core-metadata,0.00,19.4
1790611435,rot-edgex-common-config,0.00,0.8
1790611435,rot-edgex-core-keeper,0.05,20.1
1790611435,rot-flink-taskmanager,10.44,1503.2
1790611435,rot-telegraf-sink,1.52,89.2
1790611435,rot-alert-republisher,0.44,113.6
1790611435,rot-kafka-exporter,0.04,19.4
1790611435,rot-telegraf-bridge,0.34,123.8
1790611435,rot-fuxa,0.49,79.1
1790611435,rot-grafana,0.09,151.8
1790611435,rot-edgex-postgres,4.86,58.0
1790611435,rot-edgex-mqtt-broker,0.13,1.8
1790611435,rot-flink-jobmanager,2.69,832.8
1790611435,rot-kafka,7.46,482.0
1790611435,rot-influxdb,7.67,108.5
1790611435,rot-prometheus,0.09,111.9
1790611435,rot-emqx,81.24,238.9
1790611435,rot-alertmanager,0.28,23.4
1790611435,rot-plant-simulator,1.04,40.3
1790611435,rot-cadvisor,0.10,45.0
1790611439,rot-ai-web-1,0.00,11.8
1790611439,rot-ai-knowledge-1,0.16,151.2
1790611439,rot-ai-alarm-worker-1,0.07,38.1
1790611439,rot-ai-work-db-1,0.00,50.5
1790611439,rot-ai-graph-1,0.68,701.6
1790611439,rot-edgex-app-mqtt-export,0.08,26.1
1790611439,rot-edgex-device-modbus,0.28,19.7
1790611439,rot-edgex-core-command,0.00,19.8
1790611439,rot-edgex-ui,0.00,6.3
1790611439,rot-edgex-core-data,0.13,23.2
1790611439,rot-edgex-core-metadata,0.04,19.4
1790611439,rot-edgex-common-config,0.00,0.8
1790611439,rot-edgex-core-keeper,0.00,23.1
1790611439,rot-flink-taskmanager,3.94,1499.1
1790611439,rot-telegraf-sink,0.92,90.4
1790611439,rot-alert-republisher,0.19,113.4
1790611439,rot-kafka-exporter,0.10,19.9
1790611439,rot-telegraf-bridge,0.30,129.5
1790611439,rot-fuxa,0.11,78.6
1790611439,rot-grafana,0.06,152.1
1790611439,rot-edgex-postgres,0.07,58.2
1790611439,rot-edgex-mqtt-broker,0.05,2.1
1790611439,rot-flink-jobmanager,0.83,838.6
1790611439,rot-kafka,3.17,482.4
1790611439,rot-influxdb,0.22,108.2
1790611439,rot-prometheus,0.66,116.0
1790611439,rot-emqx,1.44,202.2
1790611439,rot-alertmanager,0.08,23.4
1790611439,rot-plant-simulator,0.35,39.8
1790611439,rot-cadvisor,0.30,45.4
1790611442,rot-ai-web-1,0.00,11.7
1790611442,rot-ai-knowledge-1,0.22,149.9
1790611442,rot-ai-alarm-worker-1,0.11,36.3
1790611442,rot-ai-work-db-1,0.00,45.0
1790611442,rot-ai-graph-1,160.80,819.3
1790611442,rot-edgex-app-mqtt-export,0.31,23.7
1790611442,rot-edgex-device-modbus,0.76,17.4
1790611442,rot-edgex-core-command,0.04,17.7
1790611442,rot-edgex-ui,0.00,6.3
1790611442,rot-edgex-core-data,0.30,21.1
1790611442,rot-edgex-core-metadata,0.04,17.2
1790611442,rot-edgex-common-config,0.00,0.8
1790611442,rot-edgex-core-keeper,0.15,20.1
1790611442,rot-flink-taskmanager,9.06,1493.0
1790611442,rot-telegraf-sink,2.31,90.9
1790611442,rot-alert-republisher,0.43,88.8
1790611442,rot-kafka-exporter,0.05,17.8
1790611442,rot-telegraf-bridge,0.54,116.6
1790611442,rot-fuxa,0.30,74.5
1790611442,rot-grafana,0.13,124.7
1790611442,rot-edgex-postgres,0.12,53.9
1790611442,rot-edgex-mqtt-broker,0.09,1.5
1790611442,rot-flink-jobmanager,12.63,844.8
1790611442,rot-kafka,198.93,562.6
1790611442,rot-influxdb,0.07,96.3
1790611442,rot-prometheus,0.51,108.5
1790611442,rot-emqx,1.47,197.0
1790611442,rot-alertmanager,0.16,20.9
1790611442,rot-plant-simulator,0.66,36.7
1790611442,rot-cadvisor,1.61,43.5
1790611445,rot-ai-web-1,0.00,11.6
1790611445,rot-ai-knowledge-1,0.44,149.7
1790611445,rot-ai-alarm-worker-1,0.05,36.5
1790611445,rot-ai-work-db-1,4.59,51.5
1790611445,rot-ai-graph-1,0.73,693.9
1790611445,rot-edgex-app-mqtt-export,0.14,23.6
1790611445,rot-edgex-device-modbus,0.87,17.6
1790611445,rot-edgex-core-command,0.00,17.4
1790611445,rot-edgex-ui,0.00,6.3
1790611445,rot-edgex-core-data,0.13,23.4
1790611445,rot-edgex-core-metadata,0.00,17.2
1790611445,rot-edgex-common-config,0.00,0.8
1790611445,rot-edgex-core-keeper,0.03,20.1
1790611445,rot-flink-taskmanager,3.66,1495.0
1790611445,rot-telegraf-sink,1.05,136.2
1790611445,rot-alert-republisher,0.20,89.0
1790611445,rot-kafka-exporter,0.04,17.8
1790611445,rot-telegraf-bridge,0.23,116.8
1790611445,rot-fuxa,0.26,77.3
1790611445,rot-grafana,0.04,124.7
1790611445,rot-edgex-postgres,0.09,53.7
1790611445,rot-edgex-mqtt-broker,0.06,1.8
1790611445,rot-flink-jobmanager,0.81,844.2
1790611445,rot-kafka,4.18,493.7
1790611445,rot-influxdb,3.37,102.2
1790611445,rot-prometheus,0.14,109.3
1790611445,rot-emqx,1.34,196.7
1790611445,rot-alertmanager,0.34,28.1
1790611445,rot-plant-simulator,0.38,36.9
1790611445,rot-cadvisor,0.16,43.5
1790611449,rot-ai-web-1,0.00,11.6
1790611449,rot-ai-knowledge-1,0.16,149.7
1790611449,rot-ai-alarm-worker-1,0.12,36.5
1790611449,rot-ai-work-db-1,0.47,50.9
1790611449,rot-ai-graph-1,0.82,694.1
1790611449,rot-edgex-app-mqtt-export,0.16,23.4
1790611449,rot-edgex-device-modbus,0.41,20.5
1790611449,rot-edgex-core-command,0.00,17.4
1790611449,rot-edgex-ui,0.00,6.3
1790611449,rot-edgex-core-data,0.25,24.1
1790611449,rot-edgex-core-metadata,0.03,17.3
1790611449,rot-edgex-common-config,0.00,0.8
1790611449,rot-edgex-core-keeper,0.03,22.1
1790611449,rot-flink-taskmanager,5.59,1484.8
1790611449,rot-telegraf-sink,1.33,136.4
1790611449,rot-alert-republisher,0.49,88.5
1790611449,rot-kafka-exporter,0.05,19.1
1790611449,rot-telegraf-bridge,0.37,117.3
1790611449,rot-fuxa,0.20,77.7
1790611449,rot-grafana,0.47,129.5
1790611449,rot-edgex-postgres,1.27,55.9
1790611449,rot-edgex-mqtt-broker,0.06,1.8
1790611449,rot-flink-jobmanager,1.09,847.6
1790611449,rot-kafka,5.11,501.3
1790611449,rot-influxdb,0.28,103.5
1790611449,rot-prometheus,0.60,111.2
1790611449,rot-emqx,10.33,201.6
1790611449,rot-alertmanager,0.11,28.1
1790611449,rot-plant-simulator,0.50,37.4
1790611449,rot-cadvisor,0.14,43.7
1790611452,rot-ai-web-1,0.00,11.9
1790611452,rot-ai-knowledge-1,0.69,151.7
1790611452,rot-ai-alarm-worker-1,0.08,36.5
1790611452,rot-ai-work-db-1,0.53,50.7
1790611452,rot-ai-graph-1,0.74,693.7
1790611452,rot-edgex-app-mqtt-export,0.09,23.4
1790611452,rot-edgex-device-modbus,0.20,20.7
1790611452,rot-edgex-core-command,0.03,17.6
1790611452,rot-edgex-ui,0.00,6.3
1790611452,rot-edgex-core-data,0.14,23.6
1790611452,rot-edgex-core-metadata,0.11,17.4
1790611452,rot-edgex-common-config,0.00,0.8
1790611452,rot-edgex-core-keeper,0.09,22.2
1790611452,rot-flink-taskmanager,6.65,1484.8
1790611452,rot-telegraf-sink,0.87,136.3
1790611452,rot-alert-republisher,0.16,88.4
1790611452,rot-kafka-exporter,0.06,19.0
1790611452,rot-telegraf-bridge,0.29,116.7
1790611452,rot-fuxa,0.13,77.8
1790611452,rot-grafana,0.04,128.7
1790611452,rot-edgex-postgres,0.17,55.6
1790611452,rot-edgex-mqtt-broker,0.06,1.8
1790611452,rot-flink-jobmanager,10.52,853.5
1790611452,rot-kafka,3.84,501.1
1790611452,rot-influxdb,0.04,103.0
1790611452,rot-prometheus,0.31,111.2
1790611452,rot-emqx,1.39,201.3
1790611452,rot-alertmanager,0.09,28.0
1790611452,rot-plant-simulator,7.66,38.1
1790611452,rot-cadvisor,2.35,45.1
1790611455,rot-ai-web-1,0.00,11.7
1790611455,rot-ai-knowledge-1,1.01,148.8
1790611455,rot-ai-alarm-worker-1,0.09,34.8
1790611455,rot-ai-work-db-1,6.12,49.7
1790611455,rot-ai-graph-1,92.47,703.6
1790611455,rot-edgex-app-mqtt-export,0.25,20.7
1790611455,rot-edgex-device-modbus,0.58,18.1
1790611455,rot-edgex-core-command,0.02,15.0
1790611455,rot-edgex-ui,0.00,6.2
1790611455,rot-edgex-core-data,0.26,20.3
1790611455,rot-edgex-core-metadata,0.00,15.0
1790611455,rot-edgex-common-config,0.01,0.8
1790611455,rot-edgex-core-keeper,0.00,19.2
1790611455,rot-flink-taskmanager,5.49,1480.7
1790611455,rot-telegraf-sink,1.83,113.1
1790611455,rot-alert-republisher,0.49,78.0
1790611455,rot-kafka-exporter,0.11,17.4
1790611455,rot-telegraf-bridge,0.38,103.8
1790611455,rot-fuxa,0.25,73.8
1790611455,rot-grafana,2.04,118.1
1790611455,rot-edgex-postgres,0.15,52.7
1790611455,rot-edgex-mqtt-broker,0.09,1.5
1790611455,rot-flink-jobmanager,1.23,851.5
1790611455,rot-kafka,117.62,565.1
1790611455,rot-influxdb,0.72,94.0
1790611455,rot-prometheus,0.11,102.9
1790611455,rot-emqx,1.86,194.5
1790611455,rot-alertmanager,0.14,24.8
1790611455,rot-plant-simulator,0.60,34.6
1790611455,rot-cadvisor,0.62,41.2
1790611458,rot-ai-web-1,0.00,11.7
1790611458,rot-ai-knowledge-1,0.12,147.8
1790611458,rot-ai-alarm-worker-1,0.08,35.2
1790611458,rot-ai-work-db-1,0.01,48.9
1790611458,rot-ai-graph-1,0.63,704.0
1790611458,rot-edgex-app-mqtt-export,0.31,28.5
1790611458,rot-edgex-device-modbus,0.47,23.0
1790611458,rot-edgex-core-command,0.00,14.9
1790611458,rot-edgex-ui,0.00,6.2
1790611458,rot-edgex-core-data,1.20,21.4
1790611458,rot-edgex-core-metadata,0.00,14.9
1790611458,rot-edgex-common-config,0.00,0.8
1790611458,rot-edgex-core-keeper,0.01,19.1
1790611458,rot-flink-taskmanager,4.71,1481.7
1790611458,rot-telegraf-sink,0.88,113.2
1790611458,rot-alert-republisher,0.22,77.7
1790611458,rot-kafka-exporter,0.03,15.5
1790611458,rot-telegraf-bridge,0.17,119.8
1790611458,rot-fuxa,0.12,73.1
1790611458,rot-grafana,0.56,127.5
1790611458,rot-edgex-postgres,0.18,54.6
1790611458,rot-edgex-mqtt-broker,0.06,1.7
1790611458,rot-flink-jobmanager,1.03,844.4
1790611458,rot-kafka,2.96,492.4
1790611458,rot-influxdb,0.02,97.8
1790611458,rot-prometheus,0.53,105.3
1790611458,rot-emqx,87.65,199.7
1790611458,rot-alertmanager,0.07,24.7
1790611458,rot-plant-simulator,0.59,34.4
1790611458,rot-cadvisor,0.27,44.2
1790611461,rot-ai-web-1,0.00,11.8
1790611461,rot-ai-knowledge-1,3.60,148.5
1790611461,rot-ai-alarm-worker-1,0.10,34.7
1790611461,rot-ai-work-db-1,0.53,48.8
1790611461,rot-ai-graph-1,0.88,703.6
1790611461,rot-edgex-app-mqtt-export,0.14,27.5
1790611461,rot-edgex-device-modbus,0.39,22.8
1790611461,rot-edgex-core-command,0.02,15.2
1790611461,rot-edgex-ui,0.00,6.2
1790611461,rot-edgex-core-data,0.24,20.8
1790611461,rot-edgex-core-metadata,0.04,14.9
1790611461,rot-edgex-common-config,0.00,0.8
1790611461,rot-edgex-core-keeper,0.08,19.4
1790611461,rot-flink-taskmanager,7.93,1480.7
1790611461,rot-telegraf-sink,1.31,113.0
1790611461,rot-alert-republisher,0.33,78.0
1790611461,rot-kafka-exporter,0.04,15.4
1790611461,rot-telegraf-bridge,0.61,124.6
1790611461,rot-fuxa,0.10,72.5
1790611461,rot-grafana,0.11,155.0
1790611461,rot-edgex-postgres,3.93,53.9
1790611461,rot-edgex-mqtt-broker,0.07,2.0
1790611461,rot-flink-jobmanager,3.20,846.2
1790611461,rot-kafka,15.09,493.2
1790611461,rot-influxdb,0.05,97.8
1790611461,rot-prometheus,0.23,105.5
1790611461,rot-emqx,1.72,198.5
1790611461,rot-alertmanager,0.08,24.7
1790611461,rot-plant-simulator,7.70,39.2
1790611461,rot-cadvisor,1.96,45.1
1790611465,rot-ai-web-1,0.00,11.8
1790611465,rot-ai-knowledge-1,0.16,148.5
1790611465,rot-ai-alarm-worker-1,0.08,35.2
1790611465,rot-ai-work-db-1,0.00,48.8
1790611465,rot-ai-graph-1,24.78,750.1
1790611465,rot-edgex-app-mqtt-export,0.09,28.0
1790611465,rot-edgex-device-modbus,0.32,22.8
1790611465,rot-edgex-core-command,0.01,14.9
1790611465,rot-edgex-ui,0.00,6.2
1790611465,rot-edgex-core-data,0.11,20.6
1790611465,rot-edgex-core-metadata,0.00,14.9
1790611465,rot-edgex-common-config,0.00,0.8
1790611465,rot-edgex-core-keeper,0.00,19.1
1790611465,rot-flink-taskmanager,3.36,1481.7
1790611465,rot-telegraf-sink,0.92,113.7
1790611465,rot-alert-republisher,0.23,77.5
1790611465,rot-kafka-exporter,0.03,15.4
1790611465,rot-telegraf-bridge,0.20,125.0
1790611465,rot-fuxa,0.14,72.6
1790611465,rot-grafana,0.06,155.0
1790611465,rot-edgex-postgres,0.11,54.2
1790611465,rot-edgex-mqtt-broker,0.05,2.0
1790611465,rot-flink-jobmanager,0.75,849.6
1790611465,rot-kafka,2.68,492.9
1790611465,rot-influxdb,0.27,97.8
1790611465,rot-prometheus,0.06,105.0
1790611465,rot-emqx,0.86,199.0
1790611465,rot-alertmanager,0.10,24.7
1790611465,rot-plant-simulator,0.38,38.5
1790611465,rot-cadvisor,0.24,44.5
1790611468,rot-ai-web-1,0.00,11.8
1790611468,rot-ai-knowledge-1,0.36,147.7
1790611468,rot-ai-alarm-worker-1,0.11,33.9
1790611468,rot-ai-work-db-1,0.96,48.3
1790611468,rot-ai-graph-1,144.28,708.6
1790611468,rot-edgex-app-mqtt-export,0.24,26.9
1790611468,rot-edgex-device-modbus,0.42,22.7
1790611468,rot-edgex-core-command,0.00,14.9
1790611468,rot-edgex-ui,0.00,6.3
1790611468,rot-edgex-core-data,0.21,20.0
1790611468,rot-edgex-core-metadata,0.00,15.0
1790611468,rot-edgex-common-config,0.00,0.8
1790611468,rot-edgex-core-keeper,0.00,18.7
1790611468,rot-flink-taskmanager,5.17,1482.8
1790611468,rot-telegraf-sink,1.93,118.9
1790611468,rot-alert-republisher,0.74,79.8
1790611468,rot-kafka-exporter,0.06,18.5
1790611468,rot-telegraf-bridge,0.31,123.5
1790611468,rot-fuxa,0.23,72.2
1790611468,rot-grafana,0.21,148.6
1790611468,rot-edgex-postgres,0.93,53.3
1790611468,rot-edgex-mqtt-broker,0.07,1.5
1790611468,rot-flink-jobmanager,1.46,865.5
1790611468,rot-kafka,7.59,494.0
1790611468,rot-influxdb,0.59,100.4
1790611468,rot-prometheus,0.24,106.0
1790611468,rot-emqx,0.57,197.3
1790611468,rot-alertmanager,0.12,24.1
1790611468,rot-plant-simulator,0.72,36.7
1790611468,rot-cadvisor,0.33,43.6
1790611472,rot-ai-web-1,0.00,11.8
1790611472,rot-ai-knowledge-1,0.20,149.2
1790611472,rot-ai-alarm-worker-1,0.09,34.5
1790611472,rot-ai-work-db-1,0.00,49.5
1790611472,rot-ai-graph-1,1.01,707.1
1790611472,rot-edgex-app-mqtt-export,0.38,27.0
1790611472,rot-edgex-device-modbus,0.52,22.7
1790611472,rot-edgex-core-command,0.05,15.1
1790611472,rot-edgex-ui,0.00,6.3
1790611472,rot-edgex-core-data,0.28,20.2
1790611472,rot-edgex-core-metadata,0.00,15.0
1790611472,rot-edgex-common-config,0.00,0.8
1790611472,rot-edgex-core-keeper,0.17,18.6
1790611472,rot-flink-taskmanager,5.78,1482.8
1790611472,rot-telegraf-sink,1.22,125.4
1790611472,rot-alert-republisher,0.75,89.0
1790611472,rot-kafka-exporter,0.05,18.5
1790611472,rot-telegraf-bridge,0.41,123.5
1790611472,rot-fuxa,0.23,75.4
1790611472,rot-grafana,0.08,148.6
1790611472,rot-edgex-postgres,0.20,55.2
1790611472,rot-edgex-mqtt-broker,0.07,1.5
1790611472,rot-flink-jobmanager,39.60,875.1
1790611472,rot-kafka,4.62,493.1
1790611472,rot-influxdb,0.46,101.1
1790611472,rot-prometheus,0.11,112.4
1790611472,rot-emqx,0.51,200.7
1790611472,rot-alertmanager,0.11,24.1
1790611472,rot-plant-simulator,0.49,38.9
1790611472,rot-cadvisor,0.22,45.4
1790611476,rot-ai-web-1,0.00,11.8
1790611476,rot-ai-knowledge-1,0.91,149.2
1790611476,rot-ai-alarm-worker-1,0.10,34.5
1790611476,rot-ai-work-db-1,7.20,49.7
1790611476,rot-ai-graph-1,1.27,707.1
1790611476,rot-edgex-app-mqtt-export,0.19,26.8
1790611476,rot-edgex-device-modbus,0.67,22.7
1790611476,rot-edgex-core-command,0.00,14.9
1790611476,rot-edgex-ui,0.00,6.3
1790611476,rot-edgex-core-data,0.27,20.0
1790611476,rot-edgex-core-metadata,0.00,15.0
1790611476,rot-edgex-common-config,0.00,0.8
1790611476,rot-edgex-core-keeper,0.02,18.6
1790611476,rot-flink-taskmanager,20.58,1484.8
1790611476,rot-telegraf-sink,1.59,125.6
1790611476,rot-alert-republisher,0.40,88.7
1790611476,rot-kafka-exporter,0.05,18.5
1790611476,rot-telegraf-bridge,0.49,124.1
1790611476,rot-fuxa,0.41,74.3
1790611476,rot-grafana,0.06,148.6
1790611476,rot-edgex-postgres,0.12,54.1
1790611476,rot-edgex-mqtt-broker,0.10,1.5
1790611476,rot-flink-jobmanager,7.65,878.6
1790611476,rot-kafka,6.11,493.4
1790611476,rot-influxdb,3.96,100.9
1790611476,rot-prometheus,1.01,115.2
1790611476,rot-emqx,1.36,200.5
1790611476,rot-alertmanager,0.12,24.5
1790611476,rot-plant-simulator,0.80,39.3
1790611476,rot-cadvisor,8.31,51.6
1790611479,rot-ai-web-1,0.00,11.8
1790611479,rot-ai-knowledge-1,0.22,149.1
1790611479,rot-ai-alarm-worker-1,0.09,34.9
1790611479,rot-ai-work-db-1,0.01,49.6
1790611479,rot-ai-graph-1,156.19,816.7
1790611479,rot-edgex-app-mqtt-export,0.21,26.9
1790611479,rot-edgex-device-modbus,0.53,22.7
1790611479,rot-edgex-core-command,0.00,14.9
1790611479,rot-edgex-ui,0.00,6.3
1790611479,rot-edgex-core-data,0.45,20.0
1790611479,rot-edgex-core-metadata,0.03,15.0
1790611479,rot-edgex-common-config,0.01,0.8
1790611479,rot-edgex-core-keeper,0.00,18.6
1790611479,rot-flink-taskmanager,6.52,1484.8
1790611479,rot-telegraf-sink,2.07,124.7
1790611479,rot-alert-republisher,0.63,93.5
1790611479,rot-kafka-exporter,0.06,18.3
1790611479,rot-telegraf-bridge,0.35,124.1
1790611479,rot-fuxa,0.30,86.5
1790611479,rot-grafana,0.07,148.5
1790611479,rot-edgex-postgres,0.21,54.1
1790611479,rot-edgex-mqtt-broker,0.09,1.5
1790611479,rot-flink-jobmanager,1.46,876.7
1790611479,rot-kafka,99.00,526.2
1790611479,rot-influxdb,1.62,109.3
1790611479,rot-prometheus,0.88,114.9
1790611479,rot-emqx,2.27,200.6
1790611479,rot-alertmanager,0.27,29.5
1790611479,rot-plant-simulator,0.71,39.3
1790611479,rot-cadvisor,0.47,49.4
1790611482,rot-ai-web-1,0.00,11.8
1790611482,rot-ai-knowledge-1,0.15,149.7
1790611482,rot-ai-alarm-worker-1,0.07,33.3
1790611482,rot-ai-work-db-1,0.00,49.0
1790611482,rot-ai-graph-1,0.69,704.6
1790611482,rot-edgex-app-mqtt-export,0.37,24.0
1790611482,rot-edgex-device-modbus,0.44,19.6
1790611482,rot-edgex-core-command,0.06,12.8
1790611482,rot-edgex-ui,0.00,6.3
1790611482,rot-edgex-core-data,0.32,17.5
1790611482,rot-edgex-core-metadata,0.00,12.8
1790611482,rot-edgex-common-config,0.00,0.8
1790611482,rot-edgex-core-keeper,0.33,18.7
1790611482,rot-flink-taskmanager,6.09,1481.7
1790611482,rot-telegraf-sink,0.90,105.2
1790611482,rot-alert-republisher,0.32,69.7
1790611482,rot-kafka-exporter,0.06,16.2
1790611482,rot-telegraf-bridge,0.34,104.2
1790611482,rot-fuxa,0.18,82.8
1790611482,rot-grafana,0.06,115.8
1790611482,rot-edgex-postgres,0.12,55.4
1790611482,rot-edgex-mqtt-broker,0.09,1.5
1790611482,rot-flink-jobmanager,1.89,876.9
1790611482,rot-kafka,7.73,483.4
1790611482,rot-influxdb,0.03,93.4
1790611482,rot-prometheus,0.09,103.3
1790611482,rot-emqx,1.30,198.1
1790611482,rot-alertmanager,0.06,24.2
1790611482,rot-plant-simulator,10.14,39.6
1790611482,rot-cadvisor,0.19,46.6
1790611486,rot-ai-web-1,0.00,11.8
1790611486,rot-ai-knowledge-1,0.70,149.9
1790611486,rot-ai-alarm-worker-1,0.17,33.3
1790611486,rot-ai-work-db-1,6.02,50.2
1790611486,rot-ai-graph-1,0.93,704.8
1790611486,rot-edgex-app-mqtt-export,0.17,23.5
1790611486,rot-edgex-device-modbus,0.41,19.6
1790611486,rot-edgex-core-command,0.00,12.6
1790611486,rot-edgex-ui,0.00,6.3
1790611486,rot-edgex-core-data,0.19,17.3
1790611486,rot-edgex-core-metadata,0.00,12.8
1790611486,rot-edgex-common-config,0.00,0.8
1790611486,rot-edgex-core-keeper,0.02,18.4
1790611486,rot-flink-taskmanager,10.66,1482.8
1790611486,rot-telegraf-sink,1.12,104.7
1790611486,rot-alert-republisher,0.36,77.2
1790611486,rot-kafka-exporter,0.05,16.4
1790611486,rot-telegraf-bridge,0.34,103.9
1790611486,rot-fuxa,0.32,83.5
1790611486,rot-grafana,0.07,115.8
1790611486,rot-edgex-postgres,0.12,55.6
1790611486,rot-edgex-mqtt-broker,0.06,1.7
1790611486,rot-flink-jobmanager,4.25,882.6
1790611486,rot-kafka,4.88,491.7
1790611486,rot-influxdb,3.55,103.1
1790611486,rot-prometheus,0.09,103.0
1790611486,rot-emqx,1.48,198.1
1790611486,rot-alertmanager,0.11,24.2
1790611486,rot-plant-simulator,0.45,39.3
1790611486,rot-cadvisor,0.31,46.9
1790611489,rot-ai-web-1,0.00,11.8
1790611489,rot-ai-knowledge-1,0.18,149.4
1790611489,rot-ai-alarm-worker-1,0.09,33.3
1790611489,rot-ai-work-db-1,0.54,49.5
1790611489,rot-ai-graph-1,0.75,704.6
1790611489,rot-edgex-app-mqtt-export,0.13,23.5
1790611489,rot-edgex-device-modbus,0.40,19.6
1790611489,rot-edgex-core-command,0.00,12.6
1790611489,rot-edgex-ui,0.00,6.3
1790611489,rot-edgex-core-data,0.19,17.8
1790611489,rot-edgex-core-metadata,0.10,12.8
1790611489,rot-edgex-common-config,0.00,0.8
1790611489,rot-edgex-core-keeper,0.03,22.9
1790611489,rot-flink-taskmanager,4.50,1483.8
1790611489,rot-telegraf-sink,1.17,105.2
1790611489,rot-alert-republisher,0.25,77.7
1790611489,rot-kafka-exporter,0.07,19.9
1790611489,rot-telegraf-bridge,0.24,104.2
1790611489,rot-fuxa,0.16,83.4
1790611489,rot-grafana,2.59,137.1
1790611489,rot-edgex-postgres,0.53,56.0
1790611489,rot-edgex-mqtt-broker,0.09,1.7
1790611489,rot-flink-jobmanager,1.02,883.0
1790611489,rot-kafka,3.91,500.2
1790611489,rot-influxdb,0.38,103.0
1790611489,rot-prometheus,0.90,103.3
1790611489,rot-emqx,1.17,198.1
1790611489,rot-alertmanager,0.09,24.2
1790611489,rot-plant-simulator,0.48,39.3
1790611489,rot-cadvisor,0.15,46.6
1790611492,rot-ai-web-1,0.00,11.9
1790611492,rot-ai-knowledge-1,1.17,149.9
1790611492,rot-ai-alarm-worker-1,0.11,33.3
1790611492,rot-ai-work-db-1,1.10,49.5
1790611492,rot-ai-graph-1,161.40,816.7
1790611492,rot-edgex-app-mqtt-export,0.26,24.0
1790611492,rot-edgex-device-modbus,0.45,19.3
1790611492,rot-edgex-core-command,0.27,15.6
1790611492,rot-edgex-ui,0.00,6.3
1790611492,rot-edgex-core-data,0.31,17.3
1790611492,rot-edgex-core-metadata,0.02,12.8
1790611492,rot-edgex-common-config,0.00,0.8
1790611492,rot-edgex-core-keeper,0.09,22.9
1790611492,rot-flink-taskmanager,9.26,1482.8
1790611492,rot-telegraf-sink,1.84,105.4
1790611492,rot-alert-republisher,0.64,77.7
1790611492,rot-kafka-exporter,0.07,19.8
1790611492,rot-telegraf-bridge,0.51,110.7
1790611492,rot-fuxa,0.31,83.0
1790611492,rot-grafana,0.12,136.3
1790611492,rot-edgex-postgres,4.83,55.7
1790611492,rot-edgex-mqtt-broker,0.09,1.7
1790611492,rot-flink-jobmanager,6.69,885.8
1790611492,rot-kafka,188.54,547.8
1790611492,rot-influxdb,0.08,102.5
1790611492,rot-prometheus,0.66,103.3
1790611492,rot-emqx,107.75,221.5
1790611492,rot-alertmanager,0.13,24.2
1790611492,rot-plant-simulator,14.92,39.4
1790611492,rot-cadvisor,3.12,47.0
1790611495,rot-ai-web-1,0.00,11.9
1790611495,rot-ai-knowledge-1,0.16,149.5
1790611495,rot-ai-alarm-worker-1,0.06,33.5
1790611495,rot-ai-work-db-1,0.00,49.0
1790611495,rot-ai-graph-1,1.21,712.3
1790611495,rot-edgex-app-mqtt-export,0.23,23.4
1790611495,rot-edgex-device-modbus,0.43,19.2
1790611495,rot-edgex-core-command,0.00,15.3
1790611495,rot-edgex-ui,0.00,6.2
1790611495,rot-edgex-core-data,0.43,19.6
1790611495,rot-edgex-core-metadata,0.00,12.7
1790611495,rot-edgex-common-config,0.00,0.8
1790611495,rot-edgex-core-keeper,0.02,22.4
1790611495,rot-flink-taskmanager,4.20,1483.8
1790611495,rot-telegraf-sink,1.21,110.6
1790611495,rot-alert-republisher,0.16,76.5
1790611495,rot-kafka-exporter,0.04,19.7
1790611495,rot-telegraf-bridge,0.24,109.8
1790611495,rot-fuxa,0.21,82.0
1790611495,rot-grafana,0.07,134.1
1790611495,rot-edgex-postgres,0.11,55.5
1790611495,rot-edgex-mqtt-broker,0.06,1.5
1790611495,rot-flink-jobmanager,0.92,886.3
1790611495,rot-kafka,3.68,499.2
1790611495,rot-influxdb,0.40,101.5
1790611495,rot-prometheus,0.08,102.8
1790611495,rot-emqx,0.46,200.0
1790611495,rot-alertmanager,0.14,23.9
1790611495,rot-plant-simulator,0.58,38.6
1790611495,rot-cadvisor,0.20,46.5
1790611498,rot-ai-web-1,0.00,11.9
1790611498,rot-ai-knowledge-1,0.13,149.5
1790611498,rot-ai-alarm-worker-1,0.07,33.2
1790611498,rot-ai-work-db-1,0.00,49.5
1790611498,rot-ai-graph-1,0.73,711.9
1790611498,rot-edgex-app-mqtt-export,0.10,25.6
1790611498,rot-edgex-device-modbus,0.25,19.4
1790611498,rot-edgex-core-command,0.00,15.3
1790611498,rot-edgex-ui,0.00,6.2
1790611498,rot-edgex-core-data,0.12,19.9
1790611498,rot-edgex-core-metadata,0.00,12.7
1790611498,rot-edgex-common-config,0.00,0.8
1790611498,rot-edgex-core-keeper,0.02,22.4
1790611498,rot-flink-taskmanager,4.49,1482.8
1790611498,rot-telegraf-sink,1.26,110.2
1790611498,rot-alert-republisher,0.22,77.0
1790611498,rot-kafka-exporter,0.03,19.3
1790611498,rot-telegraf-bridge,0.21,125.2
1790611498,rot-fuxa,0.28,82.4
1790611498,rot-grafana,0.16,134.1
1790611498,rot-edgex-postgres,0.05,55.7
1790611498,rot-edgex-mqtt-broker,0.04,2.2
1790611498,rot-flink-jobmanager,0.82,890.2
1790611498,rot-kafka,3.97,503.4
1790611498,rot-influxdb,0.23,101.7
1790611498,rot-prometheus,0.50,103.5
1790611498,rot-emqx,0.60,199.5
1790611498,rot-alertmanager,0.10,23.9
1790611498,rot-plant-simulator,0.44,39.1
1790611498,rot-cadvisor,0.05,46.2
1790611502,rot-ai-web-1,0.00,12.2
1790611502,rot-ai-knowledge-1,3.14,151.2
1790611502,rot-ai-alarm-worker-1,0.09,33.2
1790611502,rot-ai-work-db-1,4.91,49.6
1790611502,rot-ai-graph-1,0.73,712.0
1790611502,rot-edgex-app-mqtt-export,0.18,25.4
1790611502,rot-edgex-device-modbus,0.40,19.2
1790611502,rot-edgex-core-command,0.03,15.3
1790611502,rot-edgex-ui,0.00,6.2
1790611502,rot-edgex-core-data,0.23,20.3
1790611502,rot-edgex-core-metadata,0.06,12.7
1790611502,rot-edgex-common-config,0.00,0.8
1790611502,rot-edgex-core-keeper,0.08,22.4
1790611502,rot-flink-taskmanager,5.38,1482.8
1790611502,rot-telegraf-sink,1.23,110.1
1790611502,rot-alert-republisher,0.28,77.0
1790611502,rot-kafka-exporter,0.02,19.3
1790611502,rot-telegraf-bridge,0.49,125.0
1790611502,rot-fuxa,0.15,82.9
1790611502,rot-grafana,0.09,134.1
1790611502,rot-edgex-postgres,2.39,55.8
1790611502,rot-edgex-mqtt-broker,0.33,1.7
1790611502,rot-flink-jobmanager,2.66,893.5
1790611502,rot-kafka,4.23,502.5
1790611502,rot-influxdb,0.03,101.2
1790611502,rot-prometheus,3.12,116.1
1790611502,rot-emqx,0.54,199.5
1790611502,rot-alertmanager,0.08,23.9
1790611502,rot-plant-simulator,9.99,40.5
1790611502,rot-cadvisor,1.29,47.6
1790611505,rot-ai-web-1,0.00,11.8
1790611505,rot-ai-knowledge-1,0.20,149.1
1790611505,rot-ai-alarm-worker-1,0.09,32.9
1790611505,rot-ai-work-db-1,0.00,47.4
1790611505,rot-ai-graph-1,177.28,813.4
1790611505,rot-edgex-app-mqtt-export,0.29,23.8
1790611505,rot-edgex-device-modbus,3.26,26.7
1790611505,rot-edgex-core-command,0.05,14.4
1790611505,rot-edgex-ui,0.00,6.2
1790611505,rot-edgex-core-data,0.35,18.5
1790611505,rot-edgex-core-metadata,0.00,12.2
1790611505,rot-edgex-common-config,0.00,0.8
1790611505,rot-edgex-core-keeper,0.00,21.0
1790611505,rot-flink-taskmanager,6.90,1481.7
1790611505,rot-telegraf-sink,1.50,102.9
1790611505,rot-alert-republisher,0.26,69.9
1790611505,rot-kafka-exporter,0.05,18.6
1790611505,rot-telegraf-bridge,0.66,144.8
1790611505,rot-fuxa,0.27,86.7
1790611505,rot-grafana,0.08,123.0
1790611505,rot-edgex-postgres,0.14,53.8
1790611505,rot-edgex-mqtt-broker,0.10,1.9
1790611505,rot-flink-jobmanager,1.37,891.4
1790611505,rot-kafka,212.48,557.9
1790611505,rot-influxdb,0.59,95.9
1790611505,rot-prometheus,0.04,108.3
1790611505,rot-emqx,13.37,198.4
1790611505,rot-alertmanager,0.22,22.7
1790611505,rot-plant-simulator,0.75,37.2
1790611505,rot-cadvisor,0.34,45.4
1790611508,rot-ai-web-1,0.00,11.8
1790611508,rot-ai-knowledge-1,0.68,148.7
1790611508,rot-ai-alarm-worker-1,0.07,32.6
1790611508,rot-ai-work-db-1,1.10,49.9
1790611508,rot-ai-graph-1,0.75,707.7
1790611508,rot-edgex-app-mqtt-export,0.24,26.3
1790611508,rot-edgex-device-modbus,0.50,26.7
1790611508,rot-edgex-core-command,0.00,14.3
1790611508,rot-edgex-ui,0.00,6.2
1790611508,rot-edgex-core-data,0.43,23.6
1790611508,rot-edgex-core-metadata,0.00,12.1
1790611508,rot-edgex-common-config,0.00,0.8
1790611508,rot-edgex-core-keeper,0.30,21.1
1790611508,rot-flink-taskmanager,4.15,1482.8
1790611508,rot-telegraf-sink,1.20,107.0
1790611508,rot-alert-republisher,0.29,69.2
1790611508,rot-kafka-exporter,0.06,19.1
1790611508,rot-telegraf-bridge,0.33,143.4
1790611508,rot-fuxa,0.13,86.2
1790611508,rot-grafana,0.16,122.4
1790611508,rot-edgex-postgres,0.21,55.5
1790611508,rot-edgex-mqtt-broker,0.06,1.7
1790611508,rot-flink-jobmanager,1.19,896.1
1790611508,rot-kafka,3.37,494.8
1790611508,rot-influxdb,0.05,99.6
1790611508,rot-prometheus,0.14,113.0
1790611508,rot-emqx,0.81,198.8
1790611508,rot-alertmanager,0.08,22.6
1790611508,rot-plant-simulator,0.35,36.7
1790611508,rot-cadvisor,0.28,45.5
1790611511,rot-ai-web-1,2.26,11.9
1790611511,rot-ai-knowledge-1,3.73,151.3
1790611511,rot-ai-alarm-worker-1,0.10,32.6
1790611511,rot-ai-work-db-1,7.08,50.3
1790611511,rot-ai-graph-1,0.89,708.3
1790611511,rot-edgex-app-mqtt-export,0.28,26.8
1790611511,rot-edgex-device-modbus,1.47,26.7
1790611511,rot-edgex-core-command,0.00,14.3
1790611511,rot-edgex-ui,0.00,6.2
1790611511,rot-edgex-core-data,0.37,23.6
1790611511,rot-edgex-core-metadata,0.06,12.1
1790611511,rot-edgex-common-config,0.00,0.8
1790611511,rot-edgex-core-keeper,0.04,20.8
1790611511,rot-flink-taskmanager,7.34,1482.8
1790611511,rot-telegraf-sink,1.46,111.1
1790611511,rot-alert-republisher,0.25,69.0
1790611511,rot-kafka-exporter,0.04,18.8
1790611511,rot-telegraf-bridge,0.43,143.2
1790611511,rot-fuxa,0.21,86.4
1790611511,rot-grafana,0.10,122.4
1790611511,rot-edgex-postgres,0.18,55.5
1790611511,rot-edgex-mqtt-broker,0.15,1.9
1790611511,rot-flink-jobmanager,3.28,898.1
1790611511,rot-kafka,5.08,493.8
1790611511,rot-influxdb,0.54,107.4
1790611511,rot-prometheus,0.21,113.0
1790611511,rot-emqx,0.52,198.8
1790611511,rot-alertmanager,0.12,22.6
1790611511,rot-plant-simulator,0.80,37.3
1790611511,rot-cadvisor,1.37,45.8
1790611514,rot-ai-web-1,0.00,11.9
1790611514,rot-ai-knowledge-1,0.17,150.8
1790611514,rot-ai-alarm-worker-1,0.07,32.6
1790611514,rot-ai-work-db-1,0.00,49.5
1790611514,rot-ai-graph-1,0.78,708.1
1790611514,rot-edgex-app-mqtt-export,0.40,27.1
1790611514,rot-edgex-device-modbus,0.32,26.7
1790611514,rot-edgex-core-command,0.05,14.3
1790611514,rot-edgex-ui,0.00,6.2
1790611514,rot-edgex-core-data,0.19,23.6
1790611514,rot-edgex-core-metadata,0.03,12.1
1790611514,rot-edgex-common-config,0.00,0.8
1790611514,rot-edgex-core-keeper,0.00,20.8
1790611514,rot-flink-taskmanager,3.60,1493.0
1790611514,rot-telegraf-sink,1.19,111.2
1790611514,rot-alert-republisher,0.25,69.0
1790611514,rot-kafka-exporter,0.08,18.8
1790611514,rot-telegraf-bridge,0.24,143.1
1790611514,rot-fuxa,0.78,86.8
1790611514,rot-grafana,0.06,122.4
1790611514,rot-edgex-postgres,0.08,56.0
1790611514,rot-edgex-mqtt-broker,0.06,1.4
1790611514,rot-flink-jobmanager,0.92,898.8
1790611514,rot-kafka,3.45,495.3
1790611514,rot-influxdb,0.32,107.9
1790611514,rot-prometheus,0.00,112.8
1790611514,rot-emqx,72.88,237.3
1790611514,rot-alertmanager,0.08,22.6
1790611514,rot-plant-simulator,0.49,39.2
1790611514,rot-cadvisor,0.20,46.0
1790611518,rot-ai-web-1,0.00,11.9
1790611518,rot-ai-knowledge-1,1.46,150.5
1790611518,rot-ai-alarm-worker-1,0.18,32.6
1790611518,rot-ai-work-db-1,1.16,49.1
1790611518,rot-ai-graph-1,175.77,795.0
1790611518,rot-edgex-app-mqtt-export,0.59,26.4
1790611518,rot-edgex-device-modbus,0.68,26.0
1790611518,rot-edgex-core-command,0.00,14.0
1790611518,rot-edgex-ui,0.00,6.2
1790611518,rot-edgex-core-data,0.26,22.8
1790611518,rot-edgex-core-metadata,0.00,11.8
1790611518,rot-edgex-common-config,0.00,0.8
1790611518,rot-edgex-core-keeper,0.63,21.2
1790611518,rot-flink-taskmanager,9.39,1489.9
1790611518,rot-telegraf-sink,1.65,110.5
1790611518,rot-alert-republisher,0.55,68.8
1790611518,rot-kafka-exporter,9.37,18.8
1790611518,rot-telegraf-bridge,0.80,142.4
1790611518,rot-fuxa,0.56,86.2
1790611518,rot-grafana,0.22,121.5
1790611518,rot-edgex-postgres,0.34,55.7
1790611518,rot-edgex-mqtt-broker,0.09,1.7
1790611518,rot-flink-jobmanager,3.66,902.1
1790611518,rot-kafka,213.33,567.7
1790611518,rot-influxdb,0.22,106.8
1790611518,rot-prometheus,0.43,113.0
1790611518,rot-emqx,1.68,200.0
1790611518,rot-alertmanager,0.36,22.1
1790611518,rot-plant-simulator,0.77,38.6
1790611518,rot-cadvisor,0.61,45.5
1790611521,rot-ai-web-1,1.88,12.6
1790611521,rot-ai-knowledge-1,2.65,151.0
1790611521,rot-ai-alarm-worker-1,0.07,32.6
1790611521,rot-ai-work-db-1,4.26,50.6
1790611521,rot-ai-graph-1,0.67,710.7
1790611521,rot-edgex-app-mqtt-export,0.16,26.2
1790611521,rot-edgex-device-modbus,0.39,26.6
1790611521,rot-edgex-core-command,0.00,14.2
1790611521,rot-edgex-ui,0.00,6.2
1790611521,rot-edgex-core-data,0.15,23.2
1790611521,rot-edgex-core-metadata,0.08,12.6
1790611521,rot-edgex-common-config,0.00,0.8
1790611521,rot-edgex-core-keeper,0.05,20.9
1790611521,rot-flink-taskmanager,8.00,1492.0
1790611521,rot-telegraf-sink,1.02,115.2
1790611521,rot-alert-republisher,0.18,70.8
1790611521,rot-kafka-exporter,0.04,19.1
1790611521,rot-telegraf-bridge,0.32,141.6
1790611521,rot-fuxa,0.14,86.0
1790611521,rot-grafana,0.06,121.6
1790611521,rot-edgex-postgres,0.13,55.1
1790611521,rot-edgex-mqtt-broker,0.07,2.0
1790611521,rot-flink-jobmanager,1.27,902.2
1790611521,rot-kafka,3.32,500.4
1790611521,rot-influxdb,0.25,107.4
1790611521,rot-prometheus,0.20,113.0
1790611521,rot-emqx,1.64,200.1
1790611521,rot-alertmanager,0.09,22.5
1790611521,rot-plant-simulator,0.39,38.8
1790611521,rot-cadvisor,1.05,49.9
1790611524,rot-ai-web-1,0.00,11.9
1790611524,rot-ai-knowledge-1,0.91,149.4
1790611524,rot-ai-alarm-worker-1,0.09,33.1
1790611524,rot-ai-work-db-1,0.97,49.3
1790611524,rot-ai-graph-1,0.87,710.7
1790611524,rot-edgex-app-mqtt-export,0.14,26.2
1790611524,rot-edgex-device-modbus,0.42,27.1
1790611524,rot-edgex-core-command,0.04,14.2
1790611524,rot-edgex-ui,0.00,6.2
1790611524,rot-edgex-core-data,0.53,24.2
1790611524,rot-edgex-core-metadata,0.02,12.1
1790611524,rot-edgex-common-config,0.00,0.8
1790611524,rot-edgex-core-keeper,0.00,20.6
1790611524,rot-flink-taskmanager,5.96,1486.8
1790611524,rot-telegraf-sink,1.09,115.9
1790611524,rot-alert-republisher,0.23,71.1
1790611524,rot-kafka-exporter,0.05,19.1
1790611524,rot-telegraf-bridge,0.34,141.9
1790611524,rot-fuxa,0.22,86.2
1790611524,rot-grafana,0.04,121.6
1790611524,rot-edgex-postgres,0.11,55.7
1790611524,rot-edgex-mqtt-broker,0.11,2.0
1790611524,rot-flink-jobmanager,1.03,898.8
1790611524,rot-kafka,3.39,497.3
1790611524,rot-influxdb,0.05,107.4
1790611524,rot-prometheus,0.00,112.8
1790611524,rot-emqx,1.83,200.3
1790611524,rot-alertmanager,0.11,22.5
1790611524,rot-plant-simulator,0.49,38.7
1790611524,rot-cadvisor,0.31,51.4
1790611528,rot-ai-web-1,0.00,11.9
1790611528,rot-ai-knowledge-1,0.58,149.4
1790611528,rot-ai-alarm-worker-1,0.07,32.8
1790611528,rot-ai-work-db-1,0.46,49.6
1790611528,rot-ai-graph-1,0.71,710.6
1790611528,rot-edgex-app-mqtt-export,0.27,27.0
1790611528,rot-edgex-device-modbus,0.32,28.1
1790611528,rot-edgex-core-command,0.08,14.2
1790611528,rot-edgex-ui,0.00,6.2
1790611528,rot-edgex-core-data,0.12,23.4
1790611528,rot-edgex-core-metadata,0.00,18.1
1790611528,rot-edgex-common-config,0.00,0.8
1790611528,rot-edgex-core-keeper,0.54,21.4
1790611528,rot-flink-taskmanager,7.11,1487.9
1790611528,rot-telegraf-sink,1.52,122.7
1790611528,rot-alert-republisher,0.38,71.3
1790611528,rot-kafka-exporter,7.26,22.2
1790611528,rot-telegraf-bridge,0.31,141.6
1790611528,rot-fuxa,0.40,86.4
1790611528,rot-grafana,0.07,121.6
1790611528,rot-edgex-postgres,3.38,56.5
1790611528,rot-edgex-mqtt-broker,0.04,2.0
1790611528,rot-flink-jobmanager,1.18,902.7
1790611528,rot-kafka,19.34,502.5
1790611528,rot-influxdb,0.12,110.6
1790611528,rot-prometheus,0.26,113.0
1790611528,rot-emqx,1.64,200.5
1790611528,rot-alertmanager,0.08,22.5
1790611528,rot-plant-simulator,0.49,39.4
1790611528,rot-cadvisor,0.05,51.4
1790611531,rot-ai-web-1,2.08,12.7
1790611531,rot-ai-knowledge-1,0.20,146.5
1790611531,rot-ai-alarm-worker-1,0.12,31.9
1790611531,rot-ai-work-db-1,0.00,43.4
1790611531,rot-ai-graph-1,167.22,841.9
1790611531,rot-edgex-app-mqtt-export,0.17,23.2
1790611531,rot-edgex-device-modbus,0.57,23.6
1790611531,rot-edgex-core-command,0.00,12.6
1790611531,rot-edgex-ui,0.00,6.2
1790611531,rot-edgex-core-data,0.28,21.1
1790611531,rot-edgex-core-metadata,0.00,15.7
1790611531,rot-edgex-common-config,0.01,0.8
1790611531,rot-edgex-core-keeper,0.03,18.3
1790611531,rot-flink-taskmanager,6.63,1499.1
1790611531,rot-telegraf-sink,1.43,105.4
1790611531,rot-alert-republisher,0.35,59.9
1790611531,rot-kafka-exporter,0.08,19.9
1790611531,rot-telegraf-bridge,0.52,127.5
1790611531,rot-fuxa,0.18,83.0
1790611531,rot-grafana,0.14,105.8
1790611531,rot-edgex-postgres,0.11,52.2
1790611531,rot-edgex-mqtt-broker,0.08,1.5
1790611531,rot-flink-jobmanager,2.36,884.6
1790611531,rot-kafka,113.67,499.9
1790611531,rot-influxdb,0.39,100.1
1790611531,rot-prometheus,0.03,106.2
1790611531,rot-emqx,0.97,193.8
1790611531,rot-alertmanager,0.11,20.4
1790611531,rot-plant-simulator,0.60,35.1
1790611531,rot-cadvisor,0.18,46.2
1790611534,rot-ai-web-1,0.00,11.7
1790611534,rot-ai-knowledge-1,0.60,150.5
1790611534,rot-ai-alarm-worker-1,0.09,31.9
1790611534,rot-ai-work-db-1,0.62,50.2
1790611534,rot-ai-graph-1,0.86,715.2
1790611534,rot-edgex-app-mqtt-export,0.75,28.3
1790611534,rot-edgex-device-modbus,0.52,23.4
1790611534,rot-edgex-core-command,0.02,12.6
1790611534,rot-edgex-ui,0.00,6.2
1790611534,rot-edgex-core-data,0.35,20.9
1790611534,rot-edgex-core-metadata,0.02,15.7
1790611534,rot-edgex-common-config,0.00,0.8
1790611534,rot-edgex-core-keeper,0.00,18.3
1790611534,rot-flink-taskmanager,4.45,1503.2
1790611534,rot-telegraf-sink,0.96,105.0
1790611534,rot-alert-republisher,0.32,59.4
1790611534,rot-kafka-exporter,0.05,19.9
1790611534,rot-telegraf-bridge,0.36,127.3
1790611534,rot-fuxa,0.35,82.5
1790611534,rot-grafana,0.07,105.8
1790611534,rot-edgex-postgres,0.17,55.2
1790611534,rot-edgex-mqtt-broker,0.06,1.4
1790611534,rot-flink-jobmanager,1.87,894.2
1790611534,rot-kafka,3.42,503.2
1790611534,rot-influxdb,0.06,100.1
1790611534,rot-prometheus,0.00,106.4
1790611534,rot-emqx,0.69,194.1
1790611534,rot-alertmanager,0.11,20.4
1790611534,rot-plant-simulator,0.59,38.6
1790611534,rot-cadvisor,0.18,46.2
1790611537,rot-ai-web-1,0.00,11.7
1790611537,rot-ai-knowledge-1,0.18,150.3
1790611537,rot-ai-alarm-worker-1,0.09,32.2
1790611537,rot-ai-work-db-1,6.47,50.3
1790611537,rot-ai-graph-1,1.00,715.0
1790611537,rot-edgex-app-mqtt-export,0.42,31.6
1790611537,rot-edgex-device-modbus,0.52,23.8
1790611537,rot-edgex-core-command,0.11,12.9
1790611537,rot-edgex-ui,0.00,6.2
1790611537,rot-edgex-core-data,0.37,22.3
1790611537,rot-edgex-core-metadata,0.00,15.7
1790611537,rot-edgex-common-config,0.00,0.8
1790611537,rot-edgex-core-keeper,0.96,18.8
1790611537,rot-flink-taskmanager,13.82,1499.1
1790611537,rot-telegraf-sink,1.46,116.0
1790611537,rot-alert-republisher,0.42,59.7
1790611537,rot-kafka-exporter,6.56,19.4
1790611537,rot-telegraf-bridge,0.40,127.1
1790611537,rot-fuxa,0.21,82.2
1790611537,rot-grafana,0.08,105.8
1790611537,rot-edgex-postgres,3.56,55.8
1790611537,rot-edgex-mqtt-broker,0.09,1.4
1790611537,rot-flink-jobmanager,1.24,895.0
1790611537,rot-kafka,10.85,506.5
1790611537,rot-influxdb,0.75,107.7
1790611537,rot-prometheus,1.52,106.8
1790611537,rot-emqx,120.09,199.4
1790611537,rot-alertmanager,0.11,29.0
1790611537,rot-plant-simulator,0.54,37.9
1790611537,rot-cadvisor,0.16,48.3
1790611540,rot-ai-web-1,0.00,11.7
1790611540,rot-ai-knowledge-1,0.94,150.0
1790611540,rot-ai-alarm-worker-1,0.07,32.0
1790611540,rot-ai-work-db-1,1.03,50.3
1790611540,rot-ai-graph-1,0.92,715.9
1790611540,rot-edgex-app-mqtt-export,0.12,31.6
1790611540,rot-edgex-device-modbus,0.26,22.8
1790611540,rot-edgex-core-command,0.00,12.6
1790611540,rot-edgex-ui,0.00,6.2
1790611540,rot-edgex-core-data,0.08,22.3
1790611540,rot-edgex-core-metadata,0.00,15.7
1790611540,rot-edgex-common-config,0.00,0.8
1790611540,rot-edgex-core-keeper,0.03,18.3
1790611540,rot-flink-taskmanager,6.28,1499.1
1790611540,rot-telegraf-sink,1.33,116.5
1790611540,rot-alert-republisher,0.24,59.7
1790611540,rot-kafka-exporter,0.05,18.7
1790611540,rot-telegraf-bridge,0.34,127.3
1790611540,rot-fuxa,0.34,82.9
1790611540,rot-grafana,0.07,105.8
1790611540,rot-edgex-postgres,0.06,55.5
1790611540,rot-edgex-mqtt-broker,0.05,1.7
1790611540,rot-flink-jobmanager,1.84,895.9
1790611540,rot-kafka,4.32,505.9
1790611540,rot-influxdb,0.29,108.0
1790611540,rot-prometheus,0.08,106.1
1790611540,rot-emqx,0.45,198.9
1790611540,rot-alertmanager,0.09,29.0
1790611540,rot-plant-simulator,0.46,38.6
1790611540,rot-cadvisor,0.27,48.5
1790611544,rot-ai-web-1,0.00,11.8
1790611544,rot-ai-knowledge-1,0.55,148.8
1790611544,rot-ai-alarm-worker-1,0.12,32.1
1790611544,rot-ai-work-db-1,0.61,49.5
1790611544,rot-ai-graph-1,206.82,888.5
1790611544,rot-edgex-app-mqtt-export,0.23,29.0
1790611544,rot-edgex-device-modbus,0.48,21.6
1790611544,rot-edgex-core-command,0.00,11.9
1790611544,rot-edgex-ui,1.45,7.3
1790611544,rot-edgex-core-data,0.26,20.9
1790611544,rot-edgex-core-metadata,0.04,15.7
1790611544,rot-edgex-common-config,0.00,0.8
1790611544,rot-edgex-core-keeper,0.02,17.3
1790611544,rot-flink-taskmanager,6.28,1498.1
1790611544,rot-telegraf-sink,1.27,107.6
1790611544,rot-alert-republisher,0.28,59.1
1790611544,rot-kafka-exporter,0.07,17.3
1790611544,rot-telegraf-bridge,0.30,119.3
1790611544,rot-fuxa,0.18,79.6
1790611544,rot-grafana,0.10,98.2
1790611544,rot-edgex-postgres,0.15,54.2
1790611544,rot-edgex-mqtt-broker,0.08,1.4
1790611544,rot-flink-jobmanager,10.41,895.1
1790611544,rot-kafka,6.94,498.2
1790611544,rot-influxdb,0.07,100.8
1790611544,rot-prometheus,0.29,102.5
1790611544,rot-emqx,2.78,194.9
1790611544,rot-alertmanager,0.13,27.2
1790611544,rot-plant-simulator,0.49,36.0
1790611544,rot-cadvisor,0.13,47.4
1790611547,rot-ai-web-1,0.00,11.7
1790611547,rot-ai-knowledge-1,0.17,147.4
1790611547,rot-ai-alarm-worker-1,0.08,32.4
1790611547,rot-ai-work-db-1,5.41,49.4
1790611547,rot-ai-graph-1,1.00,713.8
1790611547,rot-edgex-app-mqtt-export,0.21,28.8
1790611547,rot-edgex-device-modbus,0.46,21.8
1790611547,rot-edgex-core-command,0.18,12.1
1790611547,rot-edgex-ui,0.00,7.3
1790611547,rot-edgex-core-data,0.54,21.0
1790611547,rot-edgex-core-metadata,0.02,15.3
1790611547,rot-edgex-common-config,0.00,0.8
1790611547,rot-edgex-core-keeper,1.75,22.9
1790611547,rot-flink-taskmanager,14.12,1498.1
1790611547,rot-telegraf-sink,1.43,105.8
1790611547,rot-alert-republisher,0.43,63.1
1790611547,rot-kafka-exporter,6.97,20.1
1790611547,rot-telegraf-bridge,0.28,118.1
1790611547,rot-fuxa,0.20,79.0
1790611547,rot-grafana,0.07,96.6
1790611547,rot-edgex-postgres,2.99,56.5
1790611547,rot-edgex-mqtt-broker,0.08,1.7
1790611547,rot-flink-jobmanager,1.34,895.8
1790611547,rot-kafka,9.25,495.1
1790611547,rot-influxdb,4.26,104.2
1790611547,rot-prometheus,2.05,102.3
1790611547,rot-emqx,0.49,194.2
1790611547,rot-alertmanager,0.14,26.8
1790611547,rot-plant-simulator,0.62,35.3
1790611547,rot-cadvisor,0.22,46.8
1790611550,rot-ai-web-1,0.00,11.7
1790611550,rot-ai-knowledge-1,0.59,147.3
1790611550,rot-ai-alarm-worker-1,0.06,32.4
1790611550,rot-ai-work-db-1,0.47,49.5
1790611550,rot-ai-graph-1,0.70,714.1
1790611550,rot-edgex-app-mqtt-export,0.25,29.0
1790611550,rot-edgex-device-modbus,0.39,21.8
1790611550,rot-edgex-core-command,0.00,11.8
1790611550,rot-edgex-ui,0.00,7.3
1790611550,rot-edgex-core-data,0.49,21.7
1790611550,rot-edgex-core-metadata,0.00,15.3
1790611550,rot-edgex-common-config,0.00,0.8
1790611550,rot-edgex-core-keeper,0.01,21.9
1790611550,rot-flink-taskmanager,3.76,1498.1
1790611550,rot-telegraf-sink,0.81,112.5
1790611550,rot-alert-republisher,0.26,63.1
1790611550,rot-kafka-exporter,0.06,18.3
1790611550,rot-telegraf-bridge,0.24,119.0
1790611550,rot-fuxa,0.35,78.3
1790611550,rot-grafana,0.05,123.5
1790611550,rot-edgex-postgres,0.24,58.0
1790611550,rot-edgex-mqtt-broker,0.05,1.4
1790611550,rot-flink-jobmanager,1.78,895.5
1790611550,rot-kafka,3.35,497.3
1790611550,rot-influxdb,0.04,104.4
1790611550,rot-prometheus,0.03,107.9
1790611550,rot-emqx,0.67,195.8
1790611550,rot-alertmanager,0.11,26.8
1790611550,rot-plant-simulator,0.87,35.8
1790611550,rot-cadvisor,0.26,47.3
1790611553,rot-ai-web-1,0.00,11.9
1790611553,rot-ai-knowledge-1,0.19,147.5
1790611553,rot-ai-alarm-worker-1,0.08,31.8
1790611553,rot-ai-work-db-1,0.00,47.4
1790611553,rot-ai-graph-1,0.99,709.9
1790611553,rot-edgex-app-mqtt-export,0.33,28.2
1790611553,rot-edgex-device-modbus,0.57,21.9
1790611553,rot-edgex-core-command,0.00,11.7
1790611553,rot-edgex-ui,0.00,7.0
1790611553,rot-edgex-core-data,0.30,21.4
1790611553,rot-edgex-core-metadata,0.00,19.9
1790611553,rot-edgex-common-config,0.00,0.7
1790611553,rot-edgex-core-keeper,0.02,21.8
1790611553,rot-flink-taskmanager,5.83,1497.1
1790611553,rot-telegraf-sink,1.30,109.2
1790611553,rot-alert-republisher,0.98,101.3
1790611553,rot-kafka-exporter,0.06,18.1
1790611553,rot-telegraf-bridge,0.51,121.5
1790611553,rot-fuxa,0.33,77.7
1790611553,rot-grafana,0.06,131.4
1790611553,rot-edgex-postgres,0.13,57.3
1790611553,rot-edgex-mqtt-broker,0.08,1.7
1790611553,rot-flink-jobmanager,5.90,894.8
1790611553,rot-kafka,97.85,528.8
1790611553,rot-influxdb,0.07,101.8
1790611553,rot-prometheus,0.28,106.4
1790611553,rot-emqx,2.53,194.2
1790611553,rot-alertmanager,0.15,26.1
1790611553,rot-plant-simulator,0.88,37.1
1790611553,rot-cadvisor,0.33,47.7
1790611557,rot-ai-web-1,0.00,11.8
1790611557,rot-ai-knowledge-1,0.20,147.3
1790611557,rot-ai-alarm-worker-1,0.08,32.0
1790611557,rot-ai-work-db-1,5.11,51.6
1790611557,rot-ai-graph-1,212.19,908.6
1790611557,rot-edgex-app-mqtt-export,0.24,28.6
1790611557,rot-edgex-device-modbus,0.47,21.4
1790611557,rot-edgex-core-command,0.10,20.6
1790611557,rot-edgex-ui,0.00,7.3
1790611557,rot-edgex-core-data,0.37,21.5
1790611557,rot-edgex-core-metadata,0.43,20.5
1790611557,rot-edgex-common-config,0.00,0.7
1790611557,rot-edgex-core-keeper,1.23,22.5
1790611557,rot-flink-taskmanager,13.48,1496.1
1790611557,rot-telegraf-sink,1.60,107.4
1790611557,rot-alert-republisher,0.34,99.0
1790611557,rot-kafka-exporter,6.10,23.4
1790611557,rot-telegraf-bridge,0.27,128.6
1790611557,rot-fuxa,0.18,77.7
1790611557,rot-grafana,0.07,129.3
1790611557,rot-edgex-postgres,0.38,56.8
1790611557,rot-edgex-mqtt-broker,0.08,1.4
1790611557,rot-flink-jobmanager,1.39,895.2
1790611557,rot-kafka,9.52,493.8
1790611557,rot-influxdb,4.54,111.8
1790611557,rot-prometheus,1.73,107.2
1790611557,rot-emqx,1.02,193.6
1790611557,rot-alertmanager,0.16,25.7
1790611557,rot-plant-simulator,0.54,36.2
1790611557,rot-cadvisor,0.49,47.8
1790611560,rot-ai-web-1,0.00,11.7
1790611560,rot-ai-knowledge-1,0.52,146.4
1790611560,rot-ai-alarm-worker-1,0.07,32.0
1790611560,rot-ai-work-db-1,0.49,47.9
1790611560,rot-ai-graph-1,0.70,717.3
1790611560,rot-edgex-app-mqtt-export,0.27,27.5
1790611560,rot-edgex-device-modbus,0.49,20.1
1790611560,rot-edgex-core-command,0.00,19.7
1790611560,rot-edgex-ui,0.00,7.2
1790611560,rot-edgex-core-data,0.31,20.3
1790611560,rot-edgex-core-metadata,0.00,19.3
1790611560,rot-edgex-common-config,0.00,0.7
1790611560,rot-edgex-core-keeper,0.00,21.0
1790611560,rot-flink-taskmanager,3.65,1495.0
1790611560,rot-telegraf-sink,0.83,100.5
1790611560,rot-alert-republisher,0.24,90.3
1790611560,rot-kafka-exporter,0.04,20.2
1790611560,rot-telegraf-bridge,0.24,121.8
1790611560,rot-fuxa,0.13,77.8
1790611560,rot-grafana,0.04,119.8
1790611560,rot-edgex-postgres,0.14,55.4
1790611560,rot-edgex-mqtt-broker,0.09,1.6
1790611560,rot-flink-jobmanager,1.33,893.7
1790611560,rot-kafka,2.88,489.6
1790611560,rot-influxdb,0.04,108.6
1790611560,rot-prometheus,0.03,105.4
1790611560,rot-emqx,1.34,196.7
1790611560,rot-alertmanager,0.09,24.4
1790611560,rot-plant-simulator,0.45,36.0
1790611560,rot-cadvisor,0.37,48.6
1790611563,rot-ai-web-1,0.00,11.9
1790611563,rot-ai-knowledge-1,0.14,147.9
1790611563,rot-ai-alarm-worker-1,0.10,32.1
1790611563,rot-ai-work-db-1,0.00,48.4
1790611563,rot-ai-graph-1,0.69,717.5
1790611563,rot-edgex-app-mqtt-export,0.21,27.8
1790611563,rot-edgex-device-modbus,0.26,20.1
1790611563,rot-edgex-core-command,0.00,19.4
1790611563,rot-edgex-ui,0.00,7.2
1790611563,rot-edgex-core-data,0.09,24.8
1790611563,rot-edgex-core-metadata,0.00,19.3
1790611563,rot-edgex-common-config,0.00,0.7
1790611563,rot-edgex-core-keeper,0.01,21.2
1790611563,rot-flink-taskmanager,3.91,1495.0
1790611563,rot-telegraf-sink,0.97,101.0
1790611563,rot-alert-republisher,0.21,90.1
1790611563,rot-kafka-exporter,0.07,20.2
1790611563,rot-telegraf-bridge,0.29,122.0
1790611563,rot-fuxa,0.15,78.0
1790611563,rot-grafana,0.04,119.8
1790611563,rot-edgex-postgres,0.12,55.8
1790611563,rot-edgex-mqtt-broker,0.05,1.4
1790611563,rot-flink-jobmanager,6.05,896.1
1790611563,rot-kafka,2.87,488.2
1790611563,rot-influxdb,0.34,108.6
1790611563,rot-prometheus,0.19,106.1
1790611563,rot-emqx,2.93,197.4
1790611563,rot-alertmanager,0.10,24.4
1790611563,rot-plant-simulator,8.42,37.1
1790611563,rot-cadvisor,0.27,48.1
1790611566,rot-ai-web-1,0.00,11.9
1790611566,rot-ai-knowledge-1,0.96,148.1
1790611566,rot-ai-alarm-worker-1,0.13,31.9
1790611566,rot-ai-work-db-1,1.25,48.4
1790611566,rot-ai-graph-1,1.05,717.2
1790611566,rot-edgex-app-mqtt-export,0.18,28.4
1790611566,rot-edgex-device-modbus,0.40,19.9
1790611566,rot-edgex-core-command,0.13,19.9
1790611566,rot-edgex-ui,0.00,7.2
1790611566,rot-edgex-core-data,0.29,25.1
1790611566,rot-edgex-core-metadata,0.10,19.3
1790611566,rot-edgex-common-config,0.00,0.7
1790611566,rot-edgex-core-keeper,0.79,22.7
1790611566,rot-flink-taskmanager,24.05,1495.0
1790611566,rot-telegraf-sink,1.59,144.3
1790611566,rot-alert-republisher,0.33,90.2
1790611566,rot-kafka-exporter,0.06,20.2
1790611566,rot-telegraf-bridge,0.29,121.4
1790611566,rot-fuxa,0.45,79.9
1790611566,rot-grafana,0.09,119.7
1790611566,rot-edgex-postgres,0.26,56.0
1790611566,rot-edgex-mqtt-broker,0.06,1.4
1790611566,rot-flink-jobmanager,7.84,896.2
1790611566,rot-kafka,191.60,553.2
1790611566,rot-influxdb,4.34,110.1
1790611566,rot-prometheus,1.22,105.7
1790611566,rot-emqx,1.40,196.6
1790611566,rot-alertmanager,0.10,24.4
1790611566,rot-plant-simulator,0.85,37.1
1790611566,rot-cadvisor,1.88,48.5
1790611570,rot-ai-web-1,0.00,11.8
1790611570,rot-ai-knowledge-1,0.63,146.8
1790611570,rot-ai-alarm-worker-1,0.14,32.1
1790611570,rot-ai-work-db-1,0.74,48.1
1790611570,rot-ai-graph-1,159.47,913.9
1790611570,rot-edgex-app-mqtt-export,0.23,26.5
1790611570,rot-edgex-device-modbus,0.55,18.9
1790611570,rot-edgex-core-command,0.02,18.2
1790611570,rot-edgex-ui,0.00,7.2
1790611570,rot-edgex-core-data,0.29,23.9
1790611570,rot-edgex-core-metadata,0.00,18.5
1790611570,rot-edgex-common-config,0.00,0.7
1790611570,rot-edgex-core-keeper,0.00,19.9
1790611570,rot-flink-taskmanager,5.11,1494.0
1790611570,rot-telegraf-sink,1.26,134.3
1790611570,rot-alert-republisher,0.31,85.4
1790611570,rot-kafka-exporter,0.09,19.2
1790611570,rot-telegraf-bridge,0.37,129.7
1790611570,rot-fuxa,0.21,79.5
1790611570,rot-grafana,0.09,112.4
1790611570,rot-edgex-postgres,0.12,55.7
1790611570,rot-edgex-mqtt-broker,0.07,1.6
1790611570,rot-flink-jobmanager,1.23,894.3
1790611570,rot-kafka,3.98,484.9
1790611570,rot-influxdb,0.05,104.5
1790611570,rot-prometheus,0.04,102.2
1790611570,rot-emqx,107.32,232.4
1790611570,rot-alertmanager,0.14,23.2
1790611570,rot-plant-simulator,0.63,34.8
1790611570,rot-cadvisor,0.43,47.1
1790611573,rot-ai-web-1,0.00,11.7
1790611573,rot-ai-knowledge-1,0.14,149.4
1790611573,rot-ai-alarm-worker-1,0.08,32.0
1790611573,rot-ai-work-db-1,2.96,50.0
1790611573,rot-ai-graph-1,0.75,713.7
1790611573,rot-edgex-app-mqtt-export,0.27,24.8
1790611573,rot-edgex-device-modbus,0.46,25.1
1790611573,rot-edgex-core-command,0.00,19.5
1790611573,rot-edgex-ui,0.00,7.0
1790611573,rot-edgex-core-data,0.14,21.9
1790611573,rot-edgex-core-metadata,0.00,19.5
1790611573,rot-edgex-common-config,0.00,0.7
1790611573,rot-edgex-core-keeper,0.10,19.0
1790611573,rot-flink-taskmanager,3.73,1502.2
1790611573,rot-telegraf-sink,0.97,124.2
1790611573,rot-alert-republisher,0.22,79.7
1790611573,rot-kafka-exporter,0.04,18.6
1790611573,rot-telegraf-bridge,0.44,121.3
1790611573,rot-fuxa,0.18,78.3
1790611573,rot-grafana,0.08,104.8
1790611573,rot-edgex-postgres,2.44,55.8
1790611573,rot-edgex-mqtt-broker,0.06,1.9
1790611573,rot-flink-jobmanager,4.95,896.8
1790611573,rot-kafka,3.70,487.2
1790611573,rot-influxdb,0.40,99.0
1790611573,rot-prometheus,0.26,99.8
1790611573,rot-emqx,2.94,199.0
1790611573,rot-alertmanager,0.08,22.5
1790611573,rot-plant-simulator,7.31,38.1
1790611573,rot-cadvisor,0.24,46.0
1790611576,rot-ai-web-1,0.00,11.7
1790611576,rot-ai-knowledge-1,0.66,149.8
1790611576,rot-ai-alarm-worker-1,0.12,32.0
1790611576,rot-ai-work-db-1,0.62,50.0
1790611576,rot-ai-graph-1,1.17,714.6
1790611576,rot-edgex-app-mqtt-export,0.31,25.7
1790611576,rot-edgex-device-modbus,0.83,24.9
1790611576,rot-edgex-core-command,0.00,19.5
1790611576,rot-edgex-ui,0.00,7.0
1790611576,rot-edgex-core-data,0.41,22.1
1790611576,rot-edgex-core-metadata,0.07,19.5
1790611576,rot-edgex-common-config,0.00,0.7
1790611576,rot-edgex-core-keeper,0.18,19.0
1790611576,rot-flink-taskmanager,26.35,1503.2
1790611576,rot-telegraf-sink,1.31,124.0
1790611576,rot-alert-republisher,0.29,79.2
1790611576,rot-kafka-exporter,0.07,18.6
1790611576,rot-telegraf-bridge,0.36,121.3
1790611576,rot-fuxa,1.28,80.2
1790611576,rot-grafana,0.10,104.8
1790611576,rot-edgex-postgres,0.29,56.9
1790611576,rot-edgex-mqtt-broker,0.20,1.9
1790611576,rot-flink-jobmanager,14.21,896.5
1790611576,rot-kafka,6.57,492.1
1790611576,rot-influxdb,2.67,105.4
1790611576,rot-prometheus,0.21,99.3
1790611576,rot-emqx,0.93,198.5
1790611576,rot-alertmanager,0.12,22.5
1790611576,rot-plant-simulator,0.76,37.4
1790611576,rot-cadvisor,0.38,46.3
1790611579,rot-ai-web-1,0.00,11.7
1790611579,rot-ai-knowledge-1,0.21,149.3
1790611579,rot-ai-alarm-worker-1,0.06,32.0
1790611579,rot-ai-work-db-1,0.00,50.0
1790611579,rot-ai-graph-1,0.82,714.4
1790611579,rot-edgex-app-mqtt-export,0.14,26.1
1790611579,rot-edgex-device-modbus,0.21,24.9
1790611579,rot-edgex-core-command,0.01,19.5
1790611579,rot-edgex-ui,0.00,7.0
1790611579,rot-edgex-core-data,0.11,22.4
1790611579,rot-edgex-core-metadata,0.03,19.5
1790611579,rot-edgex-common-config,0.00,0.7
1790611579,rot-edgex-core-keeper,0.00,18.8
1790611579,rot-flink-taskmanager,4.65,1503.2
1790611579,rot-telegraf-sink,1.26,124.5
1790611579,rot-alert-republisher,0.21,90.5
1790611579,rot-kafka-exporter,0.04,18.6
1790611579,rot-telegraf-bridge,0.32,121.3
1790611579,rot-fuxa,0.41,80.7
1790611579,rot-grafana,1.83,116.3
1790611579,rot-edgex-postgres,0.11,56.7
1790611579,rot-edgex-mqtt-broker,0.05,1.6
1790611579,rot-flink-jobmanager,1.05,896.2
1790611579,rot-kafka,74.32,486.4
1790611579,rot-influxdb,0.07,104.9
1790611579,rot-prometheus,0.00,109.9
1790611579,rot-emqx,0.32,199.0
1790611579,rot-alertmanager,0.13,22.5
1790611579,rot-plant-simulator,0.38,37.7
1790611579,rot-cadvisor,0.51,50.3
1790611583,rot-ai-web-1,0.00,11.6
1790611583,rot-ai-knowledge-1,1.07,147.6
1790611583,rot-ai-alarm-worker-1,0.09,32.1
1790611583,rot-ai-work-db-1,10.59,49.7
1790611583,rot-ai-graph-1,176.74,898.8
1790611583,rot-edgex-app-mqtt-export,0.40,24.3
1790611583,rot-edgex-device-modbus,0.60,22.9
1790611583,rot-edgex-core-command,0.00,18.2
1790611583,rot-edgex-ui,0.00,6.5
1790611583,rot-edgex-core-data,0.20,23.3
1790611583,rot-edgex-core-metadata,0.00,18.4
1790611583,rot-edgex-common-config,0.00,0.7
1790611583,rot-edgex-core-keeper,0.13,17.3
1790611583,rot-flink-taskmanager,7.71,1502.2
1790611583,rot-telegraf-sink,1.45,126.5
1790611583,rot-alert-republisher,0.73,83.6
1790611583,rot-kafka-exporter,0.08,17.4
1790611583,rot-telegraf-bridge,0.47,114.9
1790611583,rot-fuxa,0.25,78.4
1790611583,rot-grafana,0.07,108.7
1790611583,rot-edgex-postgres,5.06,55.5
1790611583,rot-edgex-mqtt-broker,0.10,1.6
1790611583,rot-flink-jobmanager,2.20,895.5
1790611583,rot-kafka,5.50,483.1
1790611583,rot-influxdb,0.57,99.9
1790611583,rot-prometheus,0.26,106.8
1790611583,rot-emqx,0.64,199.8
1790611583,rot-alertmanager,0.12,21.6
1790611583,rot-plant-simulator,13.55,38.4
1790611583,rot-cadvisor,0.15,48.2
1790611586,rot-ai-web-1,0.00,11.5
1790611586,rot-ai-knowledge-1,0.73,146.8
1790611586,rot-ai-alarm-worker-1,0.06,32.0
1790611586,rot-ai-work-db-1,0.59,47.9
1790611586,rot-ai-graph-1,1.16,706.2
1790611586,rot-edgex-app-mqtt-export,0.13,23.1
1790611586,rot-edgex-device-modbus,0.41,24.0
1790611586,rot-edgex-core-command,0.00,17.4
1790611586,rot-edgex-ui,0.00,6.8
1790611586,rot-edgex-core-data,0.17,22.8
1790611586,rot-edgex-core-metadata,0.07,18.7
1790611586,rot-edgex-common-config,0.00,0.7
1790611586,rot-edgex-core-keeper,0.14,17.6
1790611586,rot-flink-taskmanager,27.16,1499.1
1790611586,rot-telegraf-sink,1.01,121.3
1790611586,rot-alert-republisher,0.32,76.4
1790611586,rot-kafka-exporter,0.06,16.8
1790611586,rot-telegraf-bridge,0.38,109.4
1790611586,rot-fuxa,0.24,76.2
1790611586,rot-grafana,0.05,103.3
1790611586,rot-edgex-postgres,0.14,54.5
1790611586,rot-edgex-mqtt-broker,0.07,1.6
1790611586,rot-flink-jobmanager,15.10,898.8
1790611586,rot-kafka,4.32,479.6
1790611586,rot-influxdb,0.83,101.3
1790611586,rot-prometheus,0.20,103.8
1790611586,rot-emqx,0.40,196.9
1790611586,rot-alertmanager,0.12,20.8
1790611586,rot-plant-simulator,0.56,36.3
1790611586,rot-cadvisor,0.32,46.4
1790611589,rot-ai-web-1,0.00,11.5
1790611589,rot-ai-knowledge-1,0.18,146.6
1790611589,rot-ai-alarm-worker-1,0.07,31.8
1790611589,rot-ai-work-db-1,0.00,51.1
1790611589,rot-ai-graph-1,0.82,705.6
1790611589,rot-edgex-app-mqtt-export,0.12,23.1
1790611589,rot-edgex-device-modbus,0.41,24.3
1790611589,rot-edgex-core-command,0.02,17.4
1790611589,rot-edgex-ui,0.00,6.8
1790611589,rot-edgex-core-data,0.22,23.6
1790611589,rot-edgex-core-metadata,0.03,18.0
1790611589,rot-edgex-common-config,0.00,0.7
1790611589,rot-edgex-core-keeper,0.00,17.1
1790611589,rot-flink-taskmanager,4.53,1501.2
1790611589,rot-telegraf-sink,1.30,121.3
1790611589,rot-alert-republisher,0.22,81.1
1790611589,rot-kafka-exporter,0.05,19.4
1790611589,rot-telegraf-bridge,0.43,113.1
1790611589,rot-fuxa,0.23,76.8
1790611589,rot-grafana,0.06,103.3
1790611589,rot-edgex-postgres,0.56,54.9
1790611589,rot-edgex-mqtt-broker,0.05,1.6
1790611589,rot-flink-jobmanager,1.06,897.9
1790611589,rot-kafka,4.07,479.9
1790611589,rot-influxdb,0.47,102.4
1790611589,rot-prometheus,0.70,110.9
1790611589,rot-emqx,0.38,197.1
1790611589,rot-alertmanager,0.14,20.8
1790611589,rot-plant-simulator,0.45,36.3
1790611589,rot-cadvisor,0.28,46.6
1790611592,rot-ai-web-1,0.00,11.9
1790611592,rot-ai-knowledge-1,5.03,149.2
1790611592,rot-ai-alarm-worker-1,0.07,31.6
1790611592,rot-ai-work-db-1,6.62,51.4
1790611592,rot-ai-graph-1,0.89,705.6
1790611592,rot-edgex-app-mqtt-export,1.09,30.5
1790611592,rot-edgex-device-modbus,0.46,24.3
1790611592,rot-edgex-core-command,0.03,17.4
1790611592,rot-edgex-ui,0.00,6.8
1790611592,rot-edgex-core-data,0.26,23.7
1790611592,rot-edgex-core-metadata,0.00,18.2
1790611592,rot-edgex-common-config,0.00,0.7
1790611592,rot-edgex-core-keeper,0.12,17.8
1790611592,rot-flink-taskmanager,6.72,1496.1
1790611592,rot-telegraf-sink,1.21,121.8
1790611592,rot-alert-republisher,0.35,80.8
1790611592,rot-kafka-exporter,0.04,19.4
1790611592,rot-telegraf-bridge,0.34,112.6
1790611592,rot-fuxa,0.20,76.0
1790611592,rot-grafana,0.07,103.3
1790611592,rot-edgex-postgres,1.36,58.0
1790611592,rot-edgex-mqtt-broker,0.07,1.4
1790611592,rot-flink-jobmanager,2.98,899.0
1790611592,rot-kafka,4.60,480.2
1790611592,rot-influxdb,0.46,102.9
1790611592,rot-prometheus,0.15,110.8
1790611592,rot-emqx,85.51,234.3
1790611592,rot-alertmanager,0.10,20.8
1790611592,rot-plant-simulator,0.53,37.0
1790611592,rot-cadvisor,0.77,47.7
1790611596,rot-ai-web-1,0.00,11.7
1790611596,rot-ai-knowledge-1,0.20,149.2
1790611596,rot-ai-alarm-worker-1,0.12,31.6
1790611596,rot-ai-work-db-1,0.00,50.8
1790611596,rot-ai-graph-1,117.68,714.6
1790611596,rot-edgex-app-mqtt-export,0.22,30.2
1790611596,rot-edgex-device-modbus,0.66,24.0
1790611596,rot-edgex-core-command,0.00,17.4
1790611596,rot-edgex-ui,0.00,6.8
1790611596,rot-edgex-core-data,0.23,23.7
1790611596,rot-edgex-core-metadata,0.00,18.0
1790611596,rot-edgex-common-config,0.00,0.7
1790611596,rot-edgex-core-keeper,0.05,17.1
1790611596,rot-flink-taskmanager,32.30,1508.4
1790611596,rot-telegraf-sink,1.56,121.5
1790611596,rot-alert-republisher,0.40,80.2
1790611596,rot-kafka-exporter,0.05,19.4
1790611596,rot-telegraf-bridge,0.66,112.7
1790611596,rot-fuxa,0.24,76.4
1790611596,rot-grafana,0.08,103.3
1790611596,rot-edgex-postgres,0.16,54.7
1790611596,rot-edgex-mqtt-broker,0.11,1.4
1790611596,rot-flink-jobmanager,10.26,901.0
1790611596,rot-kafka,6.55,480.2
1790611596,rot-influxdb,0.47,102.8
1790611596,rot-prometheus,0.67,111.3
1790611596,rot-emqx,1.15,200.9
1790611596,rot-alertmanager,0.13,37.1
1790611596,rot-plant-simulator,0.68,37.9
1790611596,rot-cadvisor,9.09,53.5
1790611599,rot-ai-web-1,0.00,11.7
1790611599,rot-ai-knowledge-1,0.50,149.2
1790611599,rot-ai-alarm-worker-1,0.06,31.9
1790611599,rot-ai-work-db-1,0.00,51.3
1790611599,rot-ai-graph-1,0.75,714.7
1790611599,rot-edgex-app-mqtt-export,0.13,30.0
1790611599,rot-edgex-device-modbus,0.27,24.3
1790611599,rot-edgex-core-command,0.00,17.4
1790611599,rot-edgex-ui,0.00,6.8
1790611599,rot-edgex-core-data,0.16,23.9
1790611599,rot-edgex-core-metadata,0.02,18.0
1790611599,rot-edgex-common-config,0.01,0.7
1790611599,rot-edgex-core-keeper,0.00,23.2
1790611599,rot-flink-taskmanager,3.55,1525.8
1790611599,rot-telegraf-sink,0.84,122.2
1790611599,rot-alert-republisher,0.39,88.5
1790611599,rot-kafka-exporter,0.05,20.4
1790611599,rot-telegraf-bridge,0.32,113.2
1790611599,rot-fuxa,0.18,76.1
1790611599,rot-grafana,0.06,103.3
1790611599,rot-edgex-postgres,0.23,55.4
1790611599,rot-edgex-mqtt-broker,0.04,1.4
1790611599,rot-flink-jobmanager,0.83,900.6
1790611599,rot-kafka,3.07,481.3
1790611599,rot-influxdb,0.35,105.0
1790611599,rot-prometheus,0.51,110.8
1790611599,rot-emqx,1.28,200.9
1790611599,rot-alertmanager,0.09,37.1
1790611599,rot-plant-simulator,0.47,38.4
1790611599,rot-cadvisor,0.29,53.6
1790611602,rot-ai-web-1,0.00,11.7
1790611602,rot-ai-knowledge-1,3.13,149.7
1790611602,rot-ai-alarm-worker-1,0.07,32.2
1790611602,rot-ai-work-db-1,0.45,51.3
1790611602,rot-ai-graph-1,0.83,715.3
1790611602,rot-edgex-app-mqtt-export,0.26,30.2
1790611602,rot-edgex-device-modbus,0.38,24.2
1790611602,rot-edgex-core-command,0.04,17.4
1790611602,rot-edgex-ui,0.00,6.8
1790611602,rot-edgex-core-data,0.21,24.2
1790611602,rot-edgex-core-metadata,0.00,18.2
1790611602,rot-edgex-common-config,0.00,0.7
1790611602,rot-edgex-core-keeper,0.13,23.4
1790611602,rot-flink-taskmanager,8.41,1525.8
1790611602,rot-telegraf-sink,0.87,121.0
1790611602,rot-alert-republisher,0.33,87.9
1790611602,rot-kafka-exporter,0.05,20.4
1790611602,rot-telegraf-bridge,0.33,119.1
1790611602,rot-fuxa,0.16,76.2
1790611602,rot-grafana,0.08,103.3
1790611602,rot-edgex-postgres,0.18,55.3
1790611602,rot-edgex-mqtt-broker,0.05,1.6
1790611602,rot-flink-jobmanager,7.46,918.8
1790611602,rot-kafka,165.00,546.1
1790611602,rot-influxdb,0.09,105.0
1790611602,rot-prometheus,0.13,110.8
1790611602,rot-emqx,0.97,200.9
1790611602,rot-alertmanager,0.11,37.1
1790611602,rot-plant-simulator,0.44,37.7
1790611602,rot-cadvisor,0.31,53.8
1790611605,rot-ai-web-1,0.00,11.7
1790611605,rot-ai-knowledge-1,0.13,148.0
1790611605,rot-ai-alarm-worker-1,0.07,32.1
1790611605,rot-ai-work-db-1,0.00,48.7
1790611605,rot-ai-graph-1,0.86,708.2
1790611605,rot-edgex-app-mqtt-export,0.23,28.1
1790611605,rot-edgex-device-modbus,0.46,23.1
1790611605,rot-edgex-core-command,0.00,16.4
1790611605,rot-edgex-ui,0.00,6.7
1790611605,rot-edgex-core-data,0.55,23.8
1790611605,rot-edgex-core-metadata,0.00,17.0
1790611605,rot-edgex-common-config,0.00,0.7
1790611605,rot-edgex-core-keeper,0.06,22.8
1790611605,rot-flink-taskmanager,8.14,1525.8
1790611605,rot-telegraf-sink,1.06,115.0
1790611605,rot-alert-republisher,0.28,83.5
1790611605,rot-kafka-exporter,0.05,19.9
1790611605,rot-telegraf-bridge,0.33,115.5
1790611605,rot-fuxa,0.22,73.9
1790611605,rot-grafana,0.08,98.9
1790611605,rot-edgex-postgres,0.19,54.5
1790611605,rot-edgex-mqtt-broker,0.07,1.6
1790611605,rot-flink-jobmanager,3.02,917.6
1790611605,rot-kafka,3.39,481.2
1790611605,rot-influxdb,0.32,100.3
1790611605,rot-prometheus,0.08,110.6
1790611605,rot-emqx,3.01,199.9
1790611605,rot-alertmanager,0.11,34.7
1790611605,rot-plant-simulator,0.49,36.8
1790611605,rot-cadvisor,0.24,52.0
1790611609,rot-ai-web-1,0.00,11.6
1790611609,rot-ai-knowledge-1,0.75,146.9
1790611609,rot-ai-alarm-worker-1,0.20,31.5
1790611609,rot-ai-work-db-1,8.88,49.6
1790611609,rot-ai-graph-1,10.26,713.4
1790611609,rot-edgex-app-mqtt-export,0.29,26.7
1790611609,rot-edgex-device-modbus,0.79,25.6
1790611609,rot-edgex-core-command,0.00,15.6
1790611609,rot-edgex-ui,0.00,6.6
1790611609,rot-edgex-core-data,0.33,22.3
1790611609,rot-edgex-core-metadata,0.02,16.5
1790611609,rot-edgex-common-config,0.00,0.7
1790611609,rot-edgex-core-keeper,0.09,21.7
1790611609,rot-flink-taskmanager,6.64,1521.7
1790611609,rot-telegraf-sink,2.08,109.5
1790611609,rot-alert-republisher,0.44,82.8
1790611609,rot-kafka-exporter,0.10,19.1
1790611609,rot-telegraf-bridge,0.52,111.0
1790611609,rot-fuxa,0.14,72.8
1790611609,rot-grafana,7.48,156.8
1790611609,rot-edgex-postgres,3.89,57.9
1790611609,rot-edgex-mqtt-broker,0.10,1.6
1790611609,rot-flink-jobmanager,1.36,912.1
1790611609,rot-kafka,6.43,474.4
1790611609,rot-influxdb,0.81,106.4
1790611609,rot-prometheus,0.72,109.0
1790611609,rot-emqx,2.44,189.5
1790611609,rot-alertmanager,0.16,33.0
1790611609,rot-plant-simulator,0.40,35.4
1790611609,rot-cadvisor,0.55,51.5
1790611612,rot-ai-web-1,1.84,11.9
1790611612,rot-ai-knowledge-1,2.71,148.7
1790611612,rot-ai-alarm-worker-1,0.09,31.6
1790611612,rot-ai-work-db-1,0.63,49.9
1790611612,rot-ai-graph-1,0.83,713.9
1790611612,rot-edgex-app-mqtt-export,0.14,26.6
1790611612,rot-edgex-device-modbus,0.43,25.4
1790611612,rot-edgex-core-command,0.07,15.9
1790611612,rot-edgex-ui,0.00,6.6
1790611612,rot-edgex-core-data,0.24,22.3
1790611612,rot-edgex-core-metadata,0.03,16.2
1790611612,rot-edgex-common-config,0.00,0.7
1790611612,rot-edgex-core-keeper,0.08,21.7
1790611612,rot-flink-taskmanager,6.86,1521.7
1790611612,rot-telegraf-sink,1.12,109.3
1790611612,rot-alert-republisher,0.44,83.0
1790611612,rot-kafka-exporter,0.05,19.1
1790611612,rot-telegraf-bridge,0.20,110.5
1790611612,rot-fuxa,0.17,73.2
1790611612,rot-grafana,0.06,156.2
1790611612,rot-edgex-postgres,0.12,57.7
1790611612,rot-edgex-mqtt-broker,0.06,1.4
1790611612,rot-flink-jobmanager,5.00,913.0
1790611612,rot-kafka,10.15,475.4
1790611612,rot-influxdb,0.04,105.7
1790611612,rot-prometheus,0.46,108.7
1790611612,rot-emqx,0.73,189.7
1790611612,rot-alertmanager,0.11,33.0
1790611612,rot-plant-simulator,0.49,37.0
1790611612,rot-cadvisor,1.16,52.1
1790611615,rot-ai-web-1,0.00,11.5
1790611615,rot-ai-knowledge-1,0.15,145.9
1790611615,rot-ai-alarm-worker-1,0.10,31.4
1790611615,rot-ai-work-db-1,0.00,45.7
1790611615,rot-ai-graph-1,0.75,706.0
1790611615,rot-edgex-app-mqtt-export,0.39,25.1
1790611615,rot-edgex-device-modbus,0.70,25.2
1790611615,rot-edgex-core-command,0.00,14.5
1790611615,rot-edgex-ui,0.00,6.5
1790611615,rot-edgex-core-data,0.23,20.9
1790611615,rot-edgex-core-metadata,0.00,15.1
1790611615,rot-edgex-common-config,0.00,0.7
1790611615,rot-edgex-core-keeper,0.05,20.4
1790611615,rot-flink-taskmanager,4.07,1520.6
1790611615,rot-telegraf-sink,1.21,101.2
1790611615,rot-alert-republisher,0.22,75.1
1790611615,rot-kafka-exporter,0.03,18.5
1790611615,rot-telegraf-bridge,0.27,103.8
1790611615,rot-fuxa,1.10,80.7
1790611615,rot-grafana,0.09,140.3
1790611615,rot-edgex-postgres,0.12,55.4
1790611615,rot-edgex-mqtt-broker,0.08,1.6
1790611615,rot-flink-jobmanager,0.85,910.7
1790611615,rot-kafka,19.38,472.8
1790611615,rot-influxdb,0.51,99.3
1790611615,rot-prometheus,0.06,104.0
1790611615,rot-emqx,97.16,191.0
1790611615,rot-alertmanager,0.11,30.9
1790611615,rot-plant-simulator,0.53,35.7
1790611615,rot-cadvisor,0.18,49.8
1790611618,rot-ai-web-1,0.00,11.5
1790611618,rot-ai-knowledge-1,0.81,146.1
1790611618,rot-ai-alarm-worker-1,0.09,31.6
1790611618,rot-ai-work-db-1,8.70,48.5
1790611618,rot-ai-graph-1,136.42,831.6
1790611618,rot-edgex-app-mqtt-export,0.15,24.2
1790611618,rot-edgex-device-modbus,0.46,24.9
1790611618,rot-edgex-core-command,0.00,14.2
1790611618,rot-edgex-ui,0.00,6.4
1790611618,rot-edgex-core-data,0.26,21.2
1790611618,rot-edgex-core-metadata,0.41,19.7
1790611618,rot-edgex-common-config,0.00,0.7
1790611618,rot-edgex-core-keeper,0.02,19.6
1790611618,rot-flink-taskmanager,5.83,1519.6
1790611618,rot-telegraf-sink,1.38,97.5
1790611618,rot-alert-republisher,0.44,74.6
1790611618,rot-kafka-exporter,0.06,19.4
1790611618,rot-telegraf-bridge,0.32,101.1
1790611618,rot-fuxa,0.43,81.0
1790611618,rot-grafana,0.19,134.8
1790611618,rot-edgex-postgres,4.97,58.1
1790611618,rot-edgex-mqtt-broker,0.10,1.8
1790611618,rot-flink-jobmanager,1.23,921.3
1790611618,rot-kafka,5.08,471.0
1790611618,rot-influxdb,0.54,101.3
1790611618,rot-prometheus,0.98,103.2
1790611618,rot-emqx,1.12,188.7
1790611618,rot-alertmanager,0.13,29.9
1790611618,rot-plant-simulator,0.55,36.0
1790611618,rot-cadvisor,0.08,49.3
1790611622,rot-ai-web-1,1.78,12.1
1790611622,rot-ai-knowledge-1,0.14,144.9
1790611622,rot-ai-alarm-worker-1,0.06,31.3
1790611622,rot-ai-work-db-1,0.00,47.6
1790611622,rot-ai-graph-1,0.74,717.6
1790611622,rot-edgex-app-mqtt-export,0.11,23.8
1790611622,rot-edgex-device-modbus,0.41,23.6
1790611622,rot-edgex-core-command,0.15,14.8
1790611622,rot-edgex-ui,0.00,6.4
1790611622,rot-edgex-core-data,0.18,20.6
1790611622,rot-edgex-core-metadata,0.05,19.1
1790611622,rot-edgex-common-config,0.00,0.7
1790611622,rot-edgex-core-keeper,0.08,19.7
1790611622,rot-flink-taskmanager,23.69,1514.5
1790611622,rot-telegraf-sink,1.12,97.2
1790611622,rot-alert-republisher,0.16,71.0
1790611622,rot-kafka-exporter,0.06,19.3
1790611622,rot-telegraf-bridge,0.37,100.6
1790611622,rot-fuxa,0.11,79.6
1790611622,rot-grafana,0.08,134.2
1790611622,rot-edgex-postgres,0.07,56.5
1790611622,rot-edgex-mqtt-broker,0.05,1.4
1790611622,rot-flink-jobmanager,4.73,917.9
1790611622,rot-kafka,9.05,475.5
1790611622,rot-influxdb,0.03,99.2
1790611622,rot-prometheus,0.33,102.8
1790611622,rot-emqx,0.33,188.4
1790611622,rot-alertmanager,0.07,29.7
1790611622,rot-plant-simulator,0.30,34.9
1790611622,rot-cadvisor,0.82,48.2
1790611625,rot-ai-web-1,0.00,11.7
1790611625,rot-ai-knowledge-1,0.72,149.0
1790611625,rot-ai-alarm-worker-1,0.29,31.8
1790611625,rot-ai-work-db-1,0.69,48.1
1790611625,rot-ai-graph-1,6.07,718.3
1790611625,rot-edgex-app-mqtt-export,0.20,23.8
1790611625,rot-edgex-device-modbus,0.53,23.6
1790611625,rot-edgex-core-command,0.02,14.4
1790611625,rot-edgex-ui,0.00,6.4
1790611625,rot-edgex-core-data,0.31,20.5
1790611625,rot-edgex-core-metadata,0.00,19.1
1790611625,rot-edgex-common-config,0.00,0.7
1790611625,rot-edgex-core-keeper,0.00,19.2
1790611625,rot-flink-taskmanager,4.39,1506.3
1790611625,rot-telegraf-sink,1.16,97.5
1790611625,rot-alert-republisher,0.23,70.7
1790611625,rot-kafka-exporter,0.04,19.3
1790611625,rot-telegraf-bridge,0.41,173.6
1790611625,rot-fuxa,0.20,80.2
1790611625,rot-grafana,0.05,134.2
1790611625,rot-edgex-postgres,0.13,56.3
1790611625,rot-edgex-mqtt-broker,0.05,1.6
1790611625,rot-flink-jobmanager,1.13,917.0
1790611625,rot-kafka,27.34,490.1
1790611625,rot-influxdb,0.52,99.6
1790611625,rot-prometheus,0.19,126.0
1790611625,rot-emqx,0.61,188.4
1790611625,rot-alertmanager,0.23,29.7
1790611625,rot-plant-simulator,0.58,37.5
1790611625,rot-cadvisor,0.11,48.5
1790611628,rot-ai-web-1,0.00,11.7
1790611628,rot-ai-knowledge-1,0.69,148.4
1790611628,rot-ai-alarm-worker-1,0.09,31.9
1790611628,rot-ai-work-db-1,5.81,48.9
1790611628,rot-ai-graph-1,0.99,715.7
1790611628,rot-edgex-app-mqtt-export,0.32,27.3
1790611628,rot-edgex-device-modbus,0.56,23.2
1790611628,rot-edgex-core-command,0.00,14.2
1790611628,rot-edgex-ui,0.00,6.4
1790611628,rot-edgex-core-data,0.56,20.3
1790611628,rot-edgex-core-metadata,0.00,18.8
1790611628,rot-edgex-common-config,0.00,0.7
1790611628,rot-edgex-core-keeper,0.25,19.2
1790611628,rot-flink-taskmanager,5.23,1506.3
1790611628,rot-telegraf-sink,1.12,97.8
1790611628,rot-alert-republisher,0.85,69.3
1790611628,rot-kafka-exporter,0.07,18.5
1790611628,rot-telegraf-bridge,0.32,173.1
1790611628,rot-fuxa,0.46,80.1
1790611628,rot-grafana,0.19,131.4
1790611628,rot-edgex-postgres,2.93,56.7
1790611628,rot-edgex-mqtt-broker,0.08,1.4
1790611628,rot-flink-jobmanager,1.62,916.6
1790611628,rot-kafka,3.69,471.8
1790611628,rot-influxdb,0.07,101.4
1790611628,rot-prometheus,0.90,125.7
1790611628,rot-emqx,0.87,190.1
1790611628,rot-alertmanager,0.14,29.3
1790611628,rot-plant-simulator,0.61,37.5
1790611628,rot-cadvisor,0.25,48.5
1790611631,rot-ai-web-1,3.12,12.0
1790611631,rot-ai-knowledge-1,0.20,141.8
1790611631,rot-ai-alarm-worker-1,0.08,31.8
1790611631,rot-ai-work-db-1,0.01,38.9
1790611631,rot-ai-graph-1,204.94,883.3
1790611631,rot-edgex-app-mqtt-export,0.20,22.4
1790611631,rot-edgex-device-modbus,0.51,18.5
1790611631,rot-edgex-core-command,0.06,11.6
1790611631,rot-edgex-ui,0.00,6.2
1790611631,rot-edgex-core-data,0.24,17.1
1790611631,rot-edgex-core-metadata,0.10,14.5
1790611631,rot-edgex-common-config,0.00,0.6
1790611631,rot-edgex-core-keeper,0.12,16.4
1790611631,rot-flink-taskmanager,9.35,1504.3
1790611631,rot-telegraf-sink,1.72,83.4
1790611631,rot-alert-republisher,0.30,51.0
1790611631,rot-kafka-exporter,0.04,15.3
1790611631,rot-telegraf-bridge,0.59,144.2
1790611631,rot-fuxa,0.22,74.8
1790611631,rot-grafana,0.09,99.3
1790611631,rot-edgex-postgres,0.12,51.0
1790611631,rot-edgex-mqtt-broker,0.09,1.4
1790611631,rot-flink-jobmanager,4.18,915.6
1790611631,rot-kafka,11.42,462.3
1790611631,rot-influxdb,0.48,88.7
1790611631,rot-prometheus,0.37,107.6
1790611631,rot-emqx,0.54,180.3
1790611631,rot-alertmanager,0.12,22.7
1790611631,rot-plant-simulator,0.68,31.3
1790611631,rot-cadvisor,3.41,44.0
1790611635,rot-ai-web-1,0.00,11.7
1790611635,rot-ai-knowledge-1,0.51,149.1
1790611635,rot-ai-alarm-worker-1,0.06,31.7
1790611635,rot-ai-work-db-1,0.44,47.7
1790611635,rot-ai-graph-1,0.67,709.3
1790611635,rot-edgex-app-mqtt-export,0.22,21.9
1790611635,rot-edgex-device-modbus,0.41,19.9
1790611635,rot-edgex-core-command,0.02,11.5
1790611635,rot-edgex-ui,0.00,6.2
1790611635,rot-edgex-core-data,0.17,17.8
1790611635,rot-edgex-core-metadata,0.00,14.1
1790611635,rot-edgex-common-config,0.01,0.6
1790611635,rot-edgex-core-keeper,0.00,15.7
1790611635,rot-flink-taskmanager,3.90,1502.2
1790611635,rot-telegraf-sink,1.13,82.1
1790611635,rot-alert-republisher,0.20,49.9
1790611635,rot-kafka-exporter,0.27,18.3
1790611635,rot-telegraf-bridge,0.34,142.0
1790611635,rot-fuxa,0.19,73.6
1790611635,rot-grafana,0.04,96.2
1790611635,rot-edgex-postgres,0.12,58.6
1790611635,rot-edgex-mqtt-broker,0.05,1.6
1790611635,rot-flink-jobmanager,0.86,917.4
1790611635,rot-kafka,4.08,463.1
1790611635,rot-influxdb,0.52,92.1
1790611635,rot-prometheus,0.00,107.3
1790611635,rot-emqx,0.64,180.0
1790611635,rot-alertmanager,0.11,22.5
1790611635,rot-plant-simulator,0.48,35.8
1790611635,rot-cadvisor,0.21,43.8
1790611638,rot-ai-web-1,0.00,11.7
1790611638,rot-ai-knowledge-1,0.30,148.9
1790611638,rot-ai-alarm-worker-1,0.13,31.7
1790611638,rot-ai-work-db-1,0.00,47.6
1790611638,rot-ai-graph-1,1.03,709.2
1790611638,rot-edgex-app-mqtt-export,0.85,24.7
1790611638,rot-edgex-device-modbus,0.65,19.9
1790611638,rot-edgex-core-command,0.00,11.5
1790611638,rot-edgex-ui,0.00,6.2
1790611638,rot-edgex-core-data,0.15,20.9
1790611638,rot-edgex-core-metadata,0.00,14.1
1790611638,rot-edgex-common-config,0.00,0.6
1790611638,rot-edgex-core-keeper,0.63,22.2
1790611638,rot-flink-taskmanager,6.95,1504.3
1790611638,rot-telegraf-sink,1.87,88.8
1790611638,rot-alert-republisher,1.06,62.4
1790611638,rot-kafka-exporter,0.07,19.2
1790611638,rot-telegraf-bridge,0.41,142.9
1790611638,rot-fuxa,0.28,73.5
1790611638,rot-grafana,0.24,96.6
1790611638,rot-edgex-postgres,0.29,58.5
1790611638,rot-edgex-mqtt-broker,0.09,1.4
1790611638,rot-flink-jobmanager,2.19,917.6
1790611638,rot-kafka,141.30,516.8
1790611638,rot-influxdb,0.21,105.0
1790611638,rot-prometheus,0.30,112.9
1790611638,rot-emqx,113.68,193.5
1790611638,rot-alertmanager,0.14,22.5
1790611638,rot-plant-simulator,0.79,35.4
1790611638,rot-cadvisor,0.32,44.3
1790611641,rot-ai-web-1,1.87,12.9
1790611641,rot-ai-knowledge-1,0.15,148.2
1790611641,rot-ai-alarm-worker-1,0.05,31.4
1790611641,rot-ai-work-db-1,0.01,50.4
1790611641,rot-ai-graph-1,2.30,706.4
1790611641,rot-edgex-app-mqtt-export,0.11,25.0
1790611641,rot-edgex-device-modbus,0.40,22.6
1790611641,rot-edgex-core-command,0.00,11.5
1790611641,rot-edgex-ui,0.00,6.1
1790611641,rot-edgex-core-data,0.18,20.7
1790611641,rot-edgex-core-metadata,0.03,13.9
1790611641,rot-edgex-common-config,0.00,0.6
1790611641,rot-edgex-core-keeper,0.02,22.4
1790611641,rot-flink-taskmanager,9.13,1511.4
1790611641,rot-telegraf-sink,1.03,86.1
1790611641,rot-alert-republisher,0.19,60.2
1790611641,rot-kafka-exporter,0.07,19.0
1790611641,rot-telegraf-bridge,0.23,140.2
1790611641,rot-fuxa,0.19,72.9
1790611641,rot-grafana,0.06,126.8
1790611641,rot-edgex-postgres,0.18,58.2
1790611641,rot-edgex-mqtt-broker,0.06,1.8
1790611641,rot-flink-jobmanager,2.88,918.0
1790611641,rot-kafka,9.10,474.1
1790611641,rot-influxdb,0.40,102.7
1790611641,rot-prometheus,0.21,115.4
1790611641,rot-emqx,3.01,191.7
1790611641,rot-alertmanager,0.09,22.0
1790611641,rot-plant-simulator,0.42,34.4
1790611641,rot-cadvisor,0.99,50.3
1790611644,rot-ai-web-1,0.00,11.6
1790611644,rot-ai-knowledge-1,1.00,147.1
1790611644,rot-ai-alarm-worker-1,0.70,33.1
1790611644,rot-ai-work-db-1,9.09,48.0
1790611644,rot-ai-graph-1,203.84,895.2
1790611644,rot-edgex-app-mqtt-export,0.18,25.7
1790611644,rot-edgex-device-modbus,0.41,19.7
1790611644,rot-edgex-core-command,0.02,10.7
1790611644,rot-edgex-ui,0.00,6.1
1790611644,rot-edgex-core-data,0.28,21.5
1790611644,rot-edgex-core-metadata,0.11,13.5
1790611644,rot-edgex-common-config,0.00,0.6
1790611644,rot-edgex-core-keeper,0.00,19.3
1790611644,rot-flink-taskmanager,5.62,1505.3
1790611644,rot-telegraf-sink,1.47,77.5
1790611644,rot-alert-republisher,0.34,54.1
1790611644,rot-kafka-exporter,0.06,17.5
1790611644,rot-telegraf-bridge,0.42,124.7
1790611644,rot-fuxa,0.23,69.9
1790611644,rot-grafana,0.12,108.3
1790611644,rot-edgex-postgres,0.11,54.5
1790611644,rot-edgex-mqtt-broker,0.07,1.3
1790611644,rot-flink-jobmanager,6.74,916.5
1790611644,rot-kafka,4.55,468.2
1790611644,rot-influxdb,0.37,92.6
1790611644,rot-prometheus,0.00,105.9
1790611644,rot-emqx,1.55,185.5
1790611644,rot-alertmanager,0.13,20.2
1790611644,rot-plant-simulator,13.97,37.4
1790611644,rot-cadvisor,0.69,45.4
1790611648,rot-ai-web-1,0.00,11.6
1790611648,rot-ai-knowledge-1,0.37,147.0
1790611648,rot-ai-alarm-worker-1,0.11,32.8
1790611648,rot-ai-work-db-1,0.02,48.2
1790611648,rot-ai-graph-1,0.86,712.4
1790611648,rot-edgex-app-mqtt-export,0.38,25.5
1790611648,rot-edgex-device-modbus,0.52,25.5
1790611648,rot-edgex-core-command,0.00,10.7
1790611648,rot-edgex-ui,0.00,6.1
1790611648,rot-edgex-core-data,0.21,21.2
1790611648,rot-edgex-core-metadata,0.00,13.6
1790611648,rot-edgex-common-config,0.00,0.6
1790611648,rot-edgex-core-keeper,0.61,22.4
1790611648,rot-flink-taskmanager,6.60,1509.4
1790611648,rot-telegraf-sink,2.10,89.6
1790611648,rot-alert-republisher,0.35,53.9
1790611648,rot-kafka-exporter,9.62,20.8
1790611648,rot-telegraf-bridge,0.31,132.3
1790611648,rot-fuxa,0.10,69.5
1790611648,rot-grafana,0.23,108.6
1790611648,rot-edgex-postgres,0.27,54.2
1790611648,rot-edgex-mqtt-broker,0.05,1.3
1790611648,rot-flink-jobmanager,2.13,916.4
1790611648,rot-kafka,15.26,473.4
1790611648,rot-influxdb,0.24,102.0
1790611648,rot-prometheus,0.36,109.8
1790611648,rot-emqx,1.74,185.6
1790611648,rot-alertmanager,0.14,20.2
1790611648,rot-plant-simulator,0.40,36.6
1790611648,rot-cadvisor,0.20,45.2
1790611651,rot-ai-web-1,0.00,11.6
1790611651,rot-ai-knowledge-1,0.73,147.2
1790611651,rot-ai-alarm-worker-1,0.09,32.6
1790611651,rot-ai-work-db-1,0.79,49.3
1790611651,rot-ai-graph-1,0.83,712.8
1790611651,rot-edgex-app-mqtt-export,0.17,25.7
1790611651,rot-edgex-device-modbus,0.44,25.8
1790611651,rot-edgex-core-command,0.00,10.7
1790611651,rot-edgex-ui,0.00,6.1
1790611651,rot-edgex-core-data,0.17,27.5
1790611651,rot-edgex-core-metadata,0.05,13.8
1790611651,rot-edgex-common-config,0.00,0.6
1790611651,rot-edgex-core-keeper,0.06,22.2
1790611651,rot-flink-taskmanager,4.79,1509.4
1790611651,rot-telegraf-sink,1.35,89.4
1790611651,rot-alert-republisher,0.34,53.9
1790611651,rot-kafka-exporter,0.05,20.5
1790611651,rot-telegraf-bridge,0.24,132.1
1790611651,rot-fuxa,0.16,69.7
1790611651,rot-grafana,0.09,108.3
1790611651,rot-edgex-postgres,0.12,56.9
1790611651,rot-edgex-mqtt-broker,0.07,1.3
1790611651,rot-flink-jobmanager,2.29,916.7
1790611651,rot-kafka,158.28,531.7
1790611651,rot-influxdb,0.44,102.7
1790611651,rot-prometheus,0.04,114.2
1790611651,rot-emqx,0.63,191.2
1790611651,rot-alertmanager,0.10,20.2
1790611651,rot-plant-simulator,0.49,36.6
1790611651,rot-cadvisor,1.30,45.5
1790611654,rot-ai-web-1,0.00,11.8
1790611654,rot-ai-knowledge-1,0.92,148.3
1790611654,rot-ai-alarm-worker-1,0.11,32.6
1790611654,rot-ai-work-db-1,8.96,50.3
1790611654,rot-ai-graph-1,1.12,710.6
1790611654,rot-edgex-app-mqtt-export,0.17,25.1
1790611654,rot-edgex-device-modbus,0.84,25.9
1790611654,rot-edgex-core-command,0.01,10.6
1790611654,rot-edgex-ui,0.00,6.1
1790611654,rot-edgex-core-data,0.29,26.9
1790611654,rot-edgex-core-metadata,0.11,15.2
1790611654,rot-edgex-common-config,0.00,0.6
1790611654,rot-edgex-core-keeper,0.00,21.6
1790611654,rot-flink-taskmanager,4.90,1509.4
1790611654,rot-telegraf-sink,1.40,87.8
1790611654,rot-alert-republisher,0.32,59.8
1790611654,rot-kafka-exporter,0.09,20.4
1790611654,rot-telegraf-bridge,0.40,141.5
1790611654,rot-fuxa,0.21,69.6
1790611654,rot-grafana,0.12,107.3
1790611654,rot-edgex-postgres,5.09,56.3
1790611654,rot-edgex-mqtt-broker,0.13,1.8
1790611654,rot-flink-jobmanager,6.99,916.6
1790611654,rot-kafka,4.72,471.8
1790611654,rot-influxdb,0.04,100.8
1790611654,rot-prometheus,0.00,112.9
1790611654,rot-emqx,0.52,190.6
1790611654,rot-alertmanager,0.11,20.0
1790611654,rot-plant-simulator,10.50,37.2
1790611654,rot-cadvisor,0.12,45.0
1790611658,rot-ai-web-1,0.00,11.6
1790611658,rot-ai-knowledge-1,0.21,144.9
1790611658,rot-ai-alarm-worker-1,0.08,31.9
1790611658,rot-ai-work-db-1,0.00,47.1
1790611658,rot-ai-graph-1,144.22,715.0
1790611658,rot-edgex-app-mqtt-export,0.38,23.1
1790611658,rot-edgex-device-modbus,0.60,24.2
1790611658,rot-edgex-core-command,0.08,9.9
1790611658,rot-edgex-ui,0.00,6.0
1790611658,rot-edgex-core-data,0.28,24.9
1790611658,rot-edgex-core-metadata,0.00,13.5
1790611658,rot-edgex-common-config,0.00,0.6
1790611658,rot-edgex-core-keeper,0.86,21.3
1790611658,rot-flink-taskmanager,5.12,1503.2
1790611658,rot-telegraf-sink,1.43,80.8
1790611658,rot-alert-republisher,0.39,52.5
1790611658,rot-kafka-exporter,8.11,21.0
1790611658,rot-telegraf-bridge,0.39,128.1
1790611658,rot-fuxa,0.24,67.8
1790611658,rot-grafana,0.06,95.8
1790611658,rot-edgex-postgres,0.34,54.1
1790611658,rot-edgex-mqtt-broker,0.06,1.3
1790611658,rot-flink-jobmanager,1.62,916.0
1790611658,rot-kafka,13.64,471.9
1790611658,rot-influxdb,6.03,104.2
1790611658,rot-prometheus,0.42,110.1
1790611658,rot-emqx,0.45,186.2
1790611658,rot-alertmanager,0.10,33.3
1790611658,rot-plant-simulator,0.57,34.6
1790611658,rot-cadvisor,0.38,44.9
1790611661,rot-ai-web-1,0.00,11.6
1790611661,rot-ai-knowledge-1,0.75,145.2
1790611661,rot-ai-alarm-worker-1,0.08,32.3
1790611661,rot-ai-work-db-1,0.73,49.3
1790611661,rot-ai-graph-1,0.89,714.0
1790611661,rot-edgex-app-mqtt-export,0.22,22.6
1790611661,rot-edgex-device-modbus,0.46,23.8
1790611661,rot-edgex-core-command,0.00,10.1
1790611661,rot-edgex-ui,0.00,6.0
1790611661,rot-edgex-core-data,0.26,25.2
1790611661,rot-edgex-core-metadata,0.00,13.7
1790611661,rot-edgex-common-config,0.00,0.6
1790611661,rot-edgex-core-keeper,0.07,20.6
1790611661,rot-flink-taskmanager,6.40,1502.2
1790611661,rot-telegraf-sink,1.72,81.8
1790611661,rot-alert-republisher,0.26,52.5
1790611661,rot-kafka-exporter,0.09,20.8
1790611661,rot-telegraf-bridge,0.56,128.6
1790611661,rot-fuxa,0.18,70.2
1790611661,rot-grafana,0.10,95.8
1790611661,rot-edgex-postgres,0.18,55.6
1790611661,rot-edgex-mqtt-broker,0.08,1.6
1790611661,rot-flink-jobmanager,3.03,916.4
1790611661,rot-kafka,14.11,475.7
1790611661,rot-influxdb,0.72,111.5
1790611661,rot-prometheus,0.04,109.9
1790611661,rot-emqx,0.52,191.2
1790611661,rot-alertmanager,0.11,33.3
1790611661,rot-plant-simulator,0.58,34.4
1790611661,rot-cadvisor,0.36,45.6
1790611664,rot-ai-web-1,0.00,11.8
1790611664,rot-ai-knowledge-1,0.20,148.9
1790611664,rot-ai-alarm-worker-1,0.12,32.6
1790611664,rot-ai-work-db-1,7.23,50.2
1790611664,rot-ai-graph-1,15.39,721.3
1790611664,rot-edgex-app-mqtt-export,0.22,22.6
1790611664,rot-edgex-device-modbus,0.69,23.8
1790611664,rot-edgex-core-command,0.00,10.1
1790611664,rot-edgex-ui,0.00,19.2
1790611664,rot-edgex-core-data,0.28,25.6
1790611664,rot-edgex-core-metadata,0.02,13.7
1790611664,rot-edgex-common-config,0.00,0.6
1790611664,rot-edgex-core-keeper,0.00,20.6
1790611664,rot-flink-taskmanager,7.36,1505.3
1790611664,rot-telegraf-sink,1.89,81.3
1790611664,rot-alert-republisher,0.26,52.0
1790611664,rot-kafka-exporter,0.06,20.8
1790611664,rot-telegraf-bridge,0.39,135.5
1790611664,rot-fuxa,0.23,70.2
1790611664,rot-grafana,0.08,95.8
1790611664,rot-edgex-postgres,3.76,55.7
1790611664,rot-edgex-mqtt-broker,0.09,1.3
1790611664,rot-flink-jobmanager,8.02,899.8
1790611664,rot-kafka,74.71,475.9
1790611664,rot-influxdb,0.06,111.2
1790611664,rot-prometheus,0.00,109.9
1790611664,rot-emqx,0.98,190.7
1790611664,rot-alertmanager,0.24,33.3
1790611664,rot-plant-simulator,7.89,42.1
1790611664,rot-cadvisor,0.35,46.7
1790611667,rot-ai-web-1,0.00,11.8
1790611667,rot-ai-knowledge-1,0.71,149.0
1790611667,rot-ai-alarm-worker-1,1.37,41.1
1790611667,rot-ai-work-db-1,2.62,50.4
1790611667,rot-ai-graph-1,0.88,721.6
1790611667,rot-edgex-app-mqtt-export,0.28,22.9
1790611667,rot-edgex-device-modbus,0.49,23.6
1790611667,rot-edgex-core-command,0.11,15.6
1790611667,rot-edgex-ui,0.00,19.1
1790611667,rot-edgex-core-data,0.45,21.6
1790611667,rot-edgex-core-metadata,0.00,13.3
1790611667,rot-edgex-common-config,0.00,0.6
1790611667,rot-edgex-core-keeper,2.22,28.7
1790611667,rot-flink-taskmanager,13.08,1510.4
1790611667,rot-telegraf-sink,2.02,93.7
1790611667,rot-alert-republisher,0.34,88.8
1790611667,rot-kafka-exporter,0.08,16.7
1790611667,rot-telegraf-bridge,0.36,114.6
1790611667,rot-fuxa,0.24,71.5
1790611667,rot-grafana,4.86,94.9
1790611667,rot-edgex-postgres,0.42,55.7
1790611667,rot-edgex-mqtt-broker,0.09,1.6
1790611667,rot-flink-jobmanager,1.09,899.0
1790611667,rot-kafka,4.06,462.6
1790611667,rot-influxdb,0.07,98.0
1790611667,rot-prometheus,1.57,110.1
1790611667,rot-emqx,1.06,190.9
1790611667,rot-alertmanager,0.13,27.2
1790611667,rot-plant-simulator,0.89,32.2
1790611667,rot-cadvisor,0.38,47.0
1790611672,rot-ai-web-1,1.51,11.9
1790611672,rot-ai-knowledge-1,2.47,149.3
1790611672,rot-ai-alarm-worker-1,0.12,38.4
1790611672,rot-ai-work-db-1,0.01,49.5
1790611672,rot-ai-graph-1,0.61,732.2
1790611672,rot-edgex-app-mqtt-export,0.22,29.5
1790611672,rot-edgex-device-modbus,0.19,19.9
1790611672,rot-edgex-core-command,0.04,14.1
1790611672,rot-edgex-ui,0.00,14.8
1790611672,rot-edgex-core-data,0.12,23.5
1790611672,rot-edgex-core-metadata,0.00,11.8
1790611672,rot-edgex-common-config,0.00,0.6
1790611672,rot-edgex-core-keeper,0.15,22.5
1790611672,rot-flink-taskmanager,5.48,1527.8
1790611672,rot-telegraf-sink,0.71,92.7
1790611672,rot-alert-republisher,0.31,95.8
1790611672,rot-kafka-exporter,0.03,16.7
1790611672,rot-telegraf-bridge,0.22,114.6
1790611672,rot-fuxa,0.14,68.3
1790611672,rot-grafana,0.06,114.5
1790611672,rot-edgex-postgres,0.08,56.4
1790611672,rot-edgex-mqtt-broker,0.04,1.6
1790611672,rot-flink-jobmanager,3.57,898.0
1790611672,rot-kafka,3.27,486.9
1790611672,rot-influxdb,0.09,104.9
1790611672,rot-prometheus,0.08,107.8
1790611672,rot-emqx,1.13,186.6
1790611672,rot-alertmanager,0.05,27.1
1790611672,rot-plant-simulator,0.27,32.1
1790611672,rot-cadvisor,0.32,46.5
1790611675,rot-ai-web-1,0.00,11.7
1790611675,rot-ai-knowledge-1,0.24,146.6
1790611675,rot-ai-alarm-worker-1,2.82,39.7
1790611675,rot-ai-work-db-1,3.00,49.0
1790611675,rot-ai-graph-1,1.52,729.8
1790611675,rot-edgex-app-mqtt-export,0.23,28.6
1790611675,rot-edgex-device-modbus,0.59,19.9
1790611675,rot-edgex-core-command,0.00,13.0
1790611675,rot-edgex-ui,0.00,14.5
1790611675,rot-edgex-core-data,0.23,23.1
1790611675,rot-edgex-core-metadata,0.12,24.4
1790611675,rot-edgex-common-config,0.00,0.6
1790611675,rot-edgex-core-keeper,0.31,22.8
1790611675,rot-flink-taskmanager,61.20,1530.9
1790611675,rot-telegraf-sink,3.50,91.9
1790611675,rot-alert-republisher,1.08,109.0
1790611675,rot-kafka-exporter,0.08,16.8
1790611675,rot-telegraf-bridge,0.53,114.3
1790611675,rot-fuxa,0.28,67.8
1790611675,rot-grafana,0.22,113.9
1790611675,rot-edgex-postgres,0.21,55.9
1790611675,rot-edgex-mqtt-broker,0.07,1.3
1790611675,rot-flink-jobmanager,11.11,897.4
1790611675,rot-kafka,166.42,578.5
1790611675,rot-influxdb,0.81,105.1
1790611675,rot-prometheus,0.29,106.6
1790611675,rot-emqx,1.50,185.8
1790611675,rot-alertmanager,0.17,26.7
1790611675,rot-plant-simulator,0.68,35.4
1790611675,rot-cadvisor,0.07,45.8
1790611679,rot-ai-web-1,0.00,11.7
1790611679,rot-ai-knowledge-1,0.51,147.4
1790611679,rot-ai-alarm-worker-1,0.06,38.7
1790611679,rot-ai-work-db-1,0.48,49.0
1790611679,rot-ai-graph-1,0.65,730.4
1790611679,rot-edgex-app-mqtt-export,0.08,28.6
1790611679,rot-edgex-device-modbus,0.22,19.9
1790611679,rot-edgex-core-command,0.03,23.6
1790611679,rot-edgex-ui,0.00,14.5
1790611679,rot-edgex-core-data,0.13,23.6
1790611679,rot-edgex-core-metadata,0.05,24.2
1790611679,rot-edgex-common-config,0.00,0.6
1790611679,rot-edgex-core-keeper,0.00,22.1
1790611679,rot-flink-taskmanager,4.03,1523.7
1790611679,rot-telegraf-sink,0.81,91.8
1790611679,rot-alert-republisher,0.20,109.3
1790611679,rot-kafka-exporter,0.03,22.9
1790611679,rot-telegraf-bridge,0.34,115.1
1790611679,rot-fuxa,0.10,68.0
1790611679,rot-grafana,0.06,114.5
1790611679,rot-edgex-postgres,2.27,57.2
1790611679,rot-edgex-mqtt-broker,0.06,1.3
1790611679,rot-flink-jobmanager,0.74,897.1
1790611679,rot-kafka,2.68,492.6
1790611679,rot-influxdb,0.26,114.5
1790611679,rot-prometheus,0.88,110.1
1790611679,rot-emqx,1.11,185.3
1790611679,rot-alertmanager,0.10,26.7
1790611679,rot-plant-simulator,0.30,35.7
1790611679,rot-cadvisor,0.22,47.8
1790611682,rot-ai-web-1,0.00,11.7
1790611682,rot-ai-knowledge-1,5.45,148.3
1790611682,rot-ai-alarm-worker-1,0.09,35.5
1790611682,rot-ai-work-db-1,1.05,43.7
1790611682,rot-ai-graph-1,111.88,713.3
1790611682,rot-edgex-app-mqtt-export,0.36,22.9
1790611682,rot-edgex-device-modbus,0.57,18.9
1790611682,rot-edgex-core-command,0.00,17.5
1790611682,rot-edgex-ui,0.00,10.8
1790611682,rot-edgex-core-data,0.25,18.2
1790611682,rot-edgex-core-metadata,0.00,18.0
1790611682,rot-edgex-common-config,0.00,0.6
1790611682,rot-edgex-core-keeper,0.08,18.3
1790611682,rot-flink-taskmanager,6.75,1514.5
1790611682,rot-telegraf-sink,1.96,75.3
1790611682,rot-alert-republisher,0.40,74.6
1790611682,rot-kafka-exporter,0.07,18.6
1790611682,rot-telegraf-bridge,0.55,99.1
1790611682,rot-fuxa,0.35,71.6
1790611682,rot-grafana,0.11,87.6
1790611682,rot-edgex-postgres,0.36,52.7
1790611682,rot-edgex-mqtt-broker,0.06,1.3
1790611682,rot-flink-jobmanager,1.76,895.2
1790611682,rot-kafka,6.45,475.0
1790611682,rot-influxdb,0.69,93.0
1790611682,rot-prometheus,0.00,98.3
1790611682,rot-emqx,94.61,188.8
1790611682,rot-alertmanager,0.11,21.1
1790611682,rot-plant-simulator,0.58,31.4
1790611682,rot-cadvisor,3.13,44.0
1790611686,rot-ai-web-1,0.00,11.5
1790611686,rot-ai-knowledge-1,0.75,148.8
1790611686,rot-ai-alarm-worker-1,0.14,35.5
1790611686,rot-ai-work-db-1,0.00,48.7
1790611686,rot-ai-graph-1,0.87,713.1
1790611686,rot-edgex-app-mqtt-export,0.24,23.1
1790611686,rot-edgex-device-modbus,0.46,21.2
1790611686,rot-edgex-core-command,0.00,17.5
1790611686,rot-edgex-ui,0.00,10.8
1790611686,rot-edgex-core-data,0.19,18.3
1790611686,rot-edgex-core-metadata,0.16,18.5
1790611686,rot-edgex-common-config,0.00,0.6
1790611686,rot-edgex-core-keeper,0.45,19.6
1790611686,rot-flink-taskmanager,19.46,1516.5
1790611686,rot-telegraf-sink,1.79,145.4
1790611686,rot-alert-republisher,0.54,74.8
1790611686,rot-kafka-exporter,0.04,18.6
1790611686,rot-telegraf-bridge,0.31,98.8
1790611686,rot-fuxa,0.19,87.0
1790611686,rot-grafana,0.10,87.6
1790611686,rot-edgex-postgres,0.26,58.5
1790611686,rot-edgex-mqtt-broker,0.04,1.6
1790611686,rot-flink-jobmanager,6.04,895.8
1790611686,rot-kafka,30.90,502.1
1790611686,rot-influxdb,0.28,97.1
1790611686,rot-prometheus,2.26,105.7
1790611686,rot-emqx,1.77,188.2
1790611686,rot-alertmanager,0.09,25.9
1790611686,rot-plant-simulator,0.47,35.6
1790611686,rot-cadvisor,1.18,44.5
1790611690,rot-ai-web-1,0.00,11.5
1790611690,rot-ai-knowledge-1,0.17,147.8
1790611690,rot-ai-alarm-worker-1,0.11,35.5
1790611690,rot-ai-work-db-1,6.18,49.6
1790611690,rot-ai-graph-1,0.80,712.6
1790611690,rot-edgex-app-mqtt-export,0.17,22.4
1790611690,rot-edgex-device-modbus,0.42,20.8
1790611690,rot-edgex-core-command,0.04,17.2
1790611690,rot-edgex-ui,0.00,10.5
1790611690,rot-edgex-core-data,0.21,17.9
1790611690,rot-edgex-core-metadata,0.00,18.5
1790611690,rot-edgex-common-config,0.00,0.6
1790611690,rot-edgex-core-keeper,0.00,17.8
1790611690,rot-flink-taskmanager,4.39,1516.5
1790611690,rot-telegraf-sink,1.28,144.5
1790611690,rot-alert-republisher,0.40,75.5
1790611690,rot-kafka-exporter,0.07,17.9
1790611690,rot-telegraf-bridge,0.34,101.7
1790611690,rot-fuxa,0.41,87.5
1790611690,rot-grafana,0.10,87.6
1790611690,rot-edgex-postgres,3.31,58.2
1790611690,rot-edgex-mqtt-broker,0.07,1.6
1790611690,rot-flink-jobmanager,1.01,894.7
1790611690,rot-kafka,7.60,503.2
1790611690,rot-influxdb,0.06,105.4
1790611690,rot-prometheus,0.00,104.7
1790611690,rot-emqx,1.63,188.5
1790611690,rot-alertmanager,0.11,28.3
1790611690,rot-plant-simulator,0.60,35.0
1790611690,rot-cadvisor,0.31,43.7
1790611693,rot-ai-web-1,0.00,11.7
1790611693,rot-ai-knowledge-1,3.47,148.3
1790611693,rot-ai-alarm-worker-1,0.14,34.8
1790611693,rot-ai-work-db-1,0.70,49.0
1790611693,rot-ai-graph-1,122.70,845.2
1790611693,rot-edgex-app-mqtt-export,0.19,28.9
1790611693,rot-edgex-device-modbus,0.76,21.4
1790611693,rot-edgex-core-command,0.00,18.6
1790611693,rot-edgex-ui,0.00,10.7
1790611693,rot-edgex-core-data,0.38,23.2
1790611693,rot-edgex-core-metadata,0.00,18.8
1790611693,rot-edgex-common-config,0.00,0.6
1790611693,rot-edgex-core-keeper,0.02,18.6
1790611693,rot-flink-taskmanager,5.31,1518.6
1790611693,rot-telegraf-sink,1.64,145.3
1790611693,rot-alert-republisher,0.28,79.7
1790611693,rot-kafka-exporter,0.23,18.7
1790611693,rot-telegraf-bridge,0.31,101.5
1790611693,rot-fuxa,0.16,89.5
1790611693,rot-grafana,0.11,87.6
1790611693,rot-edgex-postgres,0.13,58.1
1790611693,rot-edgex-mqtt-broker,0.06,1.3
1790611693,rot-flink-jobmanager,1.76,896.5
1790611693,rot-kafka,5.30,503.2
1790611693,rot-influxdb,0.49,105.5
1790611693,rot-prometheus,0.23,105.1
1790611693,rot-emqx,87.07,222.7
1790611693,rot-alertmanager,0.12,28.6
1790611693,rot-plant-simulator,0.84,34.7
1790611693,rot-cadvisor,0.19,46.9
1790611697,rot-ai-web-1,0.00,11.5
1790611697,rot-ai-knowledge-1,0.73,145.2
1790611697,rot-ai-alarm-worker-1,0.07,34.3
1790611697,rot-ai-work-db-1,0.77,48.3
1790611697,rot-ai-graph-1,1.42,723.0
1790611697,rot-edgex-app-mqtt-export,0.29,26.2
1790611697,rot-edgex-device-modbus,0.53,23.4
1790611697,rot-edgex-core-command,0.10,16.3
1790611697,rot-edgex-ui,0.00,9.7
1790611697,rot-edgex-core-data,4.38,25.1
1790611697,rot-edgex-core-metadata,0.00,20.9
1790611697,rot-edgex-common-config,0.00,0.6
1790611697,rot-edgex-core-keeper,1.02,20.0
1790611697,rot-flink-taskmanager,15.15,1516.5
1790611697,rot-telegraf-sink,1.01,131.0
1790611697,rot-alert-republisher,0.27,68.2
1790611697,rot-kafka-exporter,2.76,21.4
1790611697,rot-telegraf-bridge,0.59,116.4
1790611697,rot-fuxa,0.18,87.1
1790611697,rot-grafana,0.05,80.0
1790611697,rot-edgex-postgres,0.38,57.9
1790611697,rot-edgex-mqtt-broker,0.07,1.6
1790611697,rot-flink-jobmanager,1.01,895.9
1790611697,rot-kafka,5.19,491.0
1790611697,rot-influxdb,2.91,101.7
1790611697,rot-prometheus,2.02,109.5
1790611697,rot-emqx,1.06,184.2
1790611697,rot-alertmanager,0.10,25.6
1790611697,rot-plant-simulator,0.55,35.6
1790611697,rot-cadvisor,0.04,45.1
1790611700,rot-ai-web-1,0.00,11.5
1790611700,rot-ai-knowledge-1,0.88,145.1
1790611700,rot-ai-alarm-worker-1,0.11,34.5
1790611700,rot-ai-work-db-1,0.69,48.6
1790611700,rot-ai-graph-1,0.78,722.8
1790611700,rot-edgex-app-mqtt-export,0.14,28.2
1790611700,rot-edgex-device-modbus,0.42,23.4
1790611700,rot-edgex-core-command,0.00,16.2
1790611700,rot-edgex-ui,0.00,9.7
1790611700,rot-edgex-core-data,0.11,24.9
1790611700,rot-edgex-core-metadata,0.00,20.8
1790611700,rot-edgex-common-config,0.01,0.6
1790611700,rot-edgex-core-keeper,0.02,19.6
1790611700,rot-flink-taskmanager,4.18,1518.6
1790611700,rot-telegraf-sink,1.44,137.5
1790611700,rot-alert-republisher,0.25,67.2
1790611700,rot-kafka-exporter,0.05,19.8
1790611700,rot-telegraf-bridge,0.55,117.6
1790611700,rot-fuxa,0.18,86.1
1790611700,rot-grafana,0.07,118.1
1790611700,rot-edgex-postgres,0.16,57.9
1790611700,rot-edgex-mqtt-broker,0.05,1.6
1790611700,rot-flink-jobmanager,1.44,896.3
1790611700,rot-kafka,6.41,498.4
1790611700,rot-influxdb,0.52,101.0
1790611700,rot-prometheus,0.02,117.9
1790611700,rot-emqx,1.85,183.9
1790611700,rot-alertmanager,0.12,25.5
1790611700,rot-plant-simulator,0.47,36.4
1790611700,rot-cadvisor,0.31,47.1
1790611704,rot-ai-web-1,0.00,11.7
1790611704,rot-ai-knowledge-1,0.17,143.6
1790611704,rot-ai-alarm-worker-1,0.09,34.1
1790611704,rot-ai-work-db-1,0.00,42.5
1790611704,rot-ai-graph-1,1.33,712.0
1790611704,rot-edgex-app-mqtt-export,0.37,25.4
1790611704,rot-edgex-device-modbus,0.40,21.2
1790611704,rot-edgex-core-command,0.02,14.2
1790611704,rot-edgex-ui,0.00,8.8
1790611704,rot-edgex-core-data,0.15,21.2
1790611704,rot-edgex-core-metadata,0.03,17.6
1790611704,rot-edgex-common-config,0.00,0.6
1790611704,rot-edgex-core-keeper,0.00,17.2
1790611704,rot-flink-taskmanager,3.64,1513.5
1790611704,rot-telegraf-sink,1.04,121.9
1790611704,rot-alert-republisher,0.24,57.1
1790611704,rot-kafka-exporter,0.04,17.4
1790611704,rot-telegraf-bridge,0.29,107.1
1790611704,rot-fuxa,0.16,81.4
1790611704,rot-grafana,0.10,99.6
1790611704,rot-edgex-postgres,2.52,56.1
1790611704,rot-edgex-mqtt-broker,0.06,1.3
1790611704,rot-flink-jobmanager,4.20,905.6
1790611704,rot-kafka,3.42,494.6
1790611704,rot-influxdb,0.04,91.1
1790611704,rot-prometheus,0.00,111.5
1790611704,rot-emqx,94.40,185.0
1790611704,rot-alertmanager,0.09,22.5
1790611704,rot-plant-simulator,0.42,32.8
1790611704,rot-cadvisor,0.31,41.0
1790611708,rot-ai-web-1,0.00,11.6
1790611708,rot-ai-knowledge-1,0.17,143.8
1790611708,rot-ai-alarm-worker-1,0.10,33.5
1790611708,rot-ai-work-db-1,0.01,46.8
1790611708,rot-ai-graph-1,102.21,728.3
1790611708,rot-edgex-app-mqtt-export,0.39,25.1
1790611708,rot-edgex-device-modbus,0.45,21.0
1790611708,rot-edgex-core-command,0.00,13.9
1790611708,rot-edgex-ui,0.00,8.5
1790611708,rot-edgex-core-data,0.16,20.5
1790611708,rot-edgex-core-metadata,0.00,17.0
1790611708,rot-edgex-common-config,0.00,0.6
1790611708,rot-edgex-core-keeper,0.51,17.0
1790611708,rot-flink-taskmanager,4.99,1516.5
1790611708,rot-telegraf-sink,1.42,124.1
1790611708,rot-alert-republisher,0.30,55.1
1790611708,rot-kafka-exporter,4.67,16.6
1790611708,rot-telegraf-bridge,0.27,106.0
1790611708,rot-fuxa,0.14,80.6
1790611708,rot-grafana,0.19,96.2
1790611708,rot-edgex-postgres,0.25,54.4
1790611708,rot-edgex-mqtt-broker,0.06,1.6
1790611708,rot-flink-jobmanager,1.18,905.8
1790611708,rot-kafka,4.59,496.6
1790611708,rot-influxdb,3.20,95.9
1790611708,rot-prometheus,0.50,113.0
1790611708,rot-emqx,1.93,183.5
1790611708,rot-alertmanager,0.08,22.0
1790611708,rot-plant-simulator,0.40,35.1
1790611708,rot-cadvisor,0.25,40.7
1790611711,rot-ai-web-1,2.84,13.4
1790611711,rot-ai-knowledge-1,0.79,143.7
1790611711,rot-ai-alarm-worker-1,0.08,33.7
1790611711,rot-ai-work-db-1,0.79,50.0
1790611711,rot-ai-graph-1,0.96,725.8
1790611711,rot-edgex-app-mqtt-export,0.17,25.0
1790611711,rot-edgex-device-modbus,0.38,20.9
1790611711,rot-edgex-core-command,0.31,19.8
1790611711,rot-edgex-ui,0.00,8.5
1790611711,rot-edgex-core-data,0.27,20.5
1790611711,rot-edgex-core-metadata,0.07,16.9
1790611711,rot-edgex-common-config,0.00,0.6
1790611711,rot-edgex-core-keeper,0.21,16.7
1790611711,rot-flink-taskmanager,9.84,1515.5
1790611711,rot-telegraf-sink,1.51,129.6
1790611711,rot-alert-republisher,0.36,61.8
1790611711,rot-kafka-exporter,0.09,16.5
1790611711,rot-telegraf-bridge,0.30,105.0
1790611711,rot-fuxa,0.41,80.5
1790611711,rot-grafana,0.06,94.7
1790611711,rot-edgex-postgres,0.09,56.0
1790611711,rot-edgex-mqtt-broker,0.06,1.6
1790611711,rot-flink-jobmanager,10.75,910.1
1790611711,rot-kafka,152.29,582.7
1790611711,rot-influxdb,0.06,94.9
1790611711,rot-prometheus,0.49,118.0
1790611711,rot-emqx,1.09,182.4
1790611711,rot-alertmanager,0.10,21.9
1790611711,rot-plant-simulator,0.68,35.0
1790611711,rot-cadvisor,1.33,44.5
1790611715,rot-ai-web-1,0.00,11.9
1790611715,rot-ai-knowledge-1,0.56,147.4
1790611715,rot-ai-alarm-worker-1,0.07,33.4
1790611715,rot-ai-work-db-1,5.35,49.5
1790611715,rot-ai-graph-1,1.06,726.9
1790611715,rot-edgex-app-mqtt-export,0.20,24.8
1790611715,rot-edgex-device-modbus,0.47,20.7
1790611715,rot-edgex-core-command,0.00,19.6
1790611715,rot-edgex-ui,0.00,8.5
1790611715,rot-edgex-core-data,0.17,21.3
1790611715,rot-edgex-core-metadata,0.00,16.7
1790611715,rot-edgex-common-config,0.00,0.6
1790611715,rot-edgex-core-keeper,0.01,16.6
1790611715,rot-flink-taskmanager,6.22,1517.6
1790611715,rot-telegraf-sink,1.08,129.8
1790611715,rot-alert-republisher,0.26,68.8
1790611715,rot-kafka-exporter,0.04,16.4
1790611715,rot-telegraf-bridge,0.24,105.0
1790611715,rot-fuxa,0.18,79.5
1790611715,rot-grafana,0.13,94.7
1790611715,rot-edgex-postgres,2.12,56.4
1790611715,rot-edgex-mqtt-broker,0.06,1.8
1790611715,rot-flink-jobmanager,2.37,910.7
1790611715,rot-kafka,3.54,512.3
1790611715,rot-influxdb,0.31,94.9
1790611715,rot-prometheus,0.63,121.3
1790611715,rot-emqx,91.20,185.3
1790611715,rot-alertmanager,0.10,21.9
1790611715,rot-plant-simulator,9.59,37.9
1790611715,rot-cadvisor,4.42,57.5
1790611719,rot-ai-web-1,0.00,11.6
1790611719,rot-ai-knowledge-1,0.21,143.1
1790611719,rot-ai-alarm-worker-1,0.11,33.0
1790611719,rot-ai-work-db-1,0.01,42.0
1790611719,rot-ai-graph-1,198.99,855.0
1790611719,rot-edgex-app-mqtt-export,0.25,21.5
1790611719,rot-edgex-device-modbus,0.57,17.7
1790611719,rot-edgex-core-command,0.00,15.8
1790611719,rot-edgex-ui,0.00,7.5
1790611719,rot-edgex-core-data,0.20,18.8
1790611719,rot-edgex-core-metadata,0.04,13.8
1790611719,rot-edgex-common-config,0.00,0.6
1790611719,rot-edgex-core-keeper,0.06,14.5
1790611719,rot-flink-taskmanager,5.86,1513.5
1790611719,rot-telegraf-sink,1.71,109.4
1790611719,rot-alert-republisher,0.39,55.0
1790611719,rot-kafka-exporter,0.05,17.8
1790611719,rot-telegraf-bridge,0.36,94.8
1790611719,rot-fuxa,0.42,74.1
1790611719,rot-grafana,0.22,82.1
1790611719,rot-edgex-postgres,0.15,50.9
1790611719,rot-edgex-mqtt-broker,0.11,1.6
1790611719,rot-flink-jobmanager,1.61,908.1
1790611719,rot-kafka,4.41,491.8
1790611719,rot-influxdb,0.42,85.3
1790611719,rot-prometheus,0.97,110.3
1790611719,rot-emqx,1.51,179.5
1790611719,rot-alertmanager,0.15,19.5
1790611719,rot-plant-simulator,0.83,32.6
1790611719,rot-cadvisor,0.29,50.1
1790611722,rot-ai-web-1,1.36,12.4
1790611722,rot-ai-knowledge-1,0.20,142.5
1790611722,rot-ai-alarm-worker-1,0.05,33.3
1790611722,rot-ai-work-db-1,0.00,52.2
1790611722,rot-ai-graph-1,0.74,723.0
1790611722,rot-edgex-app-mqtt-export,0.20,21.2
1790611722,rot-edgex-device-modbus,1.35,23.9
1790611722,rot-edgex-core-command,0.07,15.6
1790611722,rot-edgex-ui,0.00,7.6
1790611722,rot-edgex-core-data,0.19,19.3
1790611722,rot-edgex-core-metadata,0.00,14.3
1790611722,rot-edgex-common-config,0.00,0.6
1790611722,rot-edgex-core-keeper,0.12,15.2
1790611722,rot-flink-taskmanager,6.29,1514.5
1790611722,rot-telegraf-sink,0.77,107.6
1790611722,rot-alert-republisher,0.33,54.4
1790611722,rot-kafka-exporter,0.04,18.2
1790611722,rot-telegraf-bridge,0.26,115.8
1790611722,rot-fuxa,0.12,73.2
1790611722,rot-grafana,0.06,81.0
1790611722,rot-edgex-postgres,0.07,55.2
1790611722,rot-edgex-mqtt-broker,0.09,1.8
1790611722,rot-flink-jobmanager,3.80,907.7
1790611722,rot-kafka,31.43,518.1
1790611722,rot-influxdb,0.03,89.2
1790611722,rot-prometheus,0.11,109.6
1790611722,rot-emqx,1.71,178.5
1790611722,rot-alertmanager,0.09,19.4
1790611722,rot-plant-simulator,0.34,32.0
1790611722,rot-cadvisor,0.23,51.4
1790611725,rot-ai-web-1,0.00,11.9
1790611725,rot-ai-knowledge-1,0.23,147.2
1790611725,rot-ai-alarm-worker-1,0.11,33.3
1790611725,rot-ai-work-db-1,9.17,52.3
1790611725,rot-ai-graph-1,2.03,722.4
1790611725,rot-edgex-app-mqtt-export,0.21,20.8
1790611725,rot-edgex-device-modbus,0.68,23.4
1790611725,rot-edgex-core-command,0.00,15.5
1790611725,rot-edgex-ui,0.00,15.5
1790611725,rot-edgex-core-data,0.23,18.4
1790611725,rot-edgex-core-metadata,0.12,16.8
1790611725,rot-edgex-common-config,0.01,0.6
1790611725,rot-edgex-core-keeper,0.38,14.9
1790611725,rot-flink-taskmanager,28.90,1515.5
1790611725,rot-telegraf-sink,2.60,107.3
1790611725,rot-alert-republisher,0.34,54.8
1790611725,rot-kafka-exporter,0.06,18.2
1790611725,rot-telegraf-bridge,0.49,122.5
1790611725,rot-fuxa,0.28,73.2
1790611725,rot-grafana,0.12,80.6
1790611725,rot-edgex-postgres,0.27,56.0
1790611725,rot-edgex-mqtt-broker,0.97,1.8
1790611725,rot-flink-jobmanager,19.03,908.9
1790611725,rot-kafka,6.45,500.9
1790611725,rot-influxdb,0.48,92.4
1790611725,rot-prometheus,0.16,108.6
1790611725,rot-emqx,103.18,225.1
1790611725,rot-alertmanager,0.12,19.3
1790611725,rot-plant-simulator,21.61,35.4
1790611725,rot-cadvisor,0.18,50.8
1790611729,rot-ai-web-1,0.00,11.9
1790611729,rot-ai-knowledge-1,0.63,147.2
1790611729,rot-ai-alarm-worker-1,0.06,33.3
1790611729,rot-ai-work-db-1,0.57,52.4
1790611729,rot-ai-graph-1,0.64,721.8
1790611729,rot-edgex-app-mqtt-export,0.53,21.9
1790611729,rot-edgex-device-modbus,0.34,25.8
1790611729,rot-edgex-core-command,0.01,15.6
1790611729,rot-edgex-ui,0.00,15.5
1790611729,rot-edgex-core-data,0.16,19.0
1790611729,rot-edgex-core-metadata,0.01,16.4
1790611729,rot-edgex-common-config,0.00,0.6
1790611729,rot-edgex-core-keeper,0.00,21.6
1790611729,rot-flink-taskmanager,3.39,1515.5
1790611729,rot-telegraf-sink,0.91,107.0
1790611729,rot-alert-republisher,0.17,55.8
1790611729,rot-kafka-exporter,0.03,19.6
1790611729,rot-telegraf-bridge,0.22,127.6
1790611729,rot-fuxa,0.11,72.9
1790611729,rot-grafana,0.67,121.6
1790611729,rot-edgex-postgres,0.77,56.1
1790611729,rot-edgex-mqtt-broker,0.05,1.3
1790611729,rot-flink-jobmanager,0.71,907.9
1790611729,rot-kafka,3.47,508.5
1790611729,rot-influxdb,0.33,99.8
1790611729,rot-prometheus,0.00,109.5
1790611729,rot-emqx,1.16,187.6
1790611729,rot-alertmanager,0.12,19.4
1790611729,rot-plant-simulator,0.43,36.4
1790611729,rot-cadvisor,0.29,51.1
1790611733,rot-ai-web-1,0.00,11.7
1790611733,rot-ai-knowledge-1,4.27,147.4
1790611733,rot-ai-alarm-worker-1,0.09,33.2
1790611733,rot-ai-work-db-1,0.81,50.6
1790611733,rot-ai-graph-1,19.53,720.9
1790611733,rot-edgex-app-mqtt-export,0.44,19.7
1790611733,rot-edgex-device-modbus,0.83,23.9
1790611733,rot-edgex-core-command,0.00,14.8
1790611733,rot-edgex-ui,0.00,13.7
1790611733,rot-edgex-core-data,1.44,21.4
1790611733,rot-edgex-core-metadata,0.00,15.2
1790611733,rot-edgex-common-config,0.00,0.6
1790611733,rot-edgex-core-keeper,0.02,20.5
1790611733,rot-flink-taskmanager,6.33,1514.5
1790611733,rot-telegraf-sink,1.42,102.0
1790611733,rot-alert-republisher,0.25,49.2
1790611733,rot-kafka-exporter,0.08,18.5
1790611733,rot-telegraf-bridge,1.02,126.7
1790611733,rot-fuxa,0.18,71.2
1790611733,rot-grafana,0.08,109.5
1790611733,rot-edgex-postgres,0.34,53.2
1790611733,rot-edgex-mqtt-broker,0.06,1.6
1790611733,rot-flink-jobmanager,2.16,907.7
1790611733,rot-kafka,5.27,496.6
1790611733,rot-influxdb,0.63,94.4
1790611733,rot-prometheus,0.34,104.6
1790611733,rot-emqx,3.24,182.4
1790611733,rot-alertmanager,0.66,27.8
1790611733,rot-plant-simulator,0.99,34.6
1790611733,rot-cadvisor,0.35,48.3
1790611737,rot-ai-web-1,0.00,11.7
1790611737,rot-ai-knowledge-1,0.50,147.7
1790611737,rot-ai-alarm-worker-1,0.08,33.0
1790611737,rot-ai-work-db-1,0.46,52.9
1790611737,rot-ai-graph-1,0.77,720.7
1790611737,rot-edgex-app-mqtt-export,0.63,26.3
1790611737,rot-edgex-device-modbus,0.32,23.7
1790611737,rot-edgex-core-command,0.07,15.0
1790611737,rot-edgex-ui,0.00,13.7
1790611737,rot-edgex-core-data,0.22,21.1
1790611737,rot-edgex-core-metadata,0.00,15.2
1790611737,rot-edgex-common-config,0.01,0.6
1790611737,rot-edgex-core-keeper,0.83,22.2
1790611737,rot-flink-taskmanager,16.61,1497.1
1790611737,rot-telegraf-sink,1.03,101.8
1790611737,rot-alert-republisher,0.29,49.5
1790611737,rot-kafka-exporter,3.64,21.5
1790611737,rot-telegraf-bridge,0.30,134.3
1790611737,rot-fuxa,0.20,71.7
1790611737,rot-grafana,0.04,109.5
1790611737,rot-edgex-postgres,0.20,56.6
1790611737,rot-edgex-mqtt-broker,0.08,1.3
1790611737,rot-flink-jobmanager,0.94,907.6
1790611737,rot-kafka,8.63,525.5
1790611737,rot-influxdb,0.51,94.4
1790611737,rot-prometheus,1.12,104.3
1790611737,rot-emqx,20.38,211.5
1790611737,rot-alertmanager,0.12,27.7
1790611737,rot-plant-simulator,0.45,35.4
1790611737,rot-cadvisor,0.24,48.8
1790611740,rot-ai-web-1,0.00,11.7
1790611740,rot-ai-knowledge-1,0.50,148.2
1790611740,rot-ai-alarm-worker-1,0.09,33.2
1790611740,rot-ai-work-db-1,5.10,53.7
1790611740,rot-ai-graph-1,0.71,720.8
1790611740,rot-edgex-app-mqtt-export,0.21,28.2
1790611740,rot-edgex-device-modbus,0.22,23.7
1790611740,rot-edgex-core-command,0.00,14.8
1790611740,rot-edgex-ui,0.00,13.7
1790611740,rot-edgex-core-data,0.08,21.1
1790611740,rot-edgex-core-metadata,0.01,15.4
1790611740,rot-edgex-common-config,0.00,0.6
1790611740,rot-edgex-core-keeper,0.04,20.8
1790611740,rot-flink-taskmanager,4.44,1497.1
1790611740,rot-telegraf-sink,1.02,102.5
1790611740,rot-alert-republisher,0.22,49.2
1790611740,rot-kafka-exporter,0.05,20.5
1790611740,rot-telegraf-bridge,0.24,138.9
1790611740,rot-fuxa,0.11,78.3
1790611740,rot-grafana,0.06,109.5
1790611740,rot-edgex-postgres,0.07,55.5
1790611740,rot-edgex-mqtt-broker,0.04,1.3
1790611740,rot-flink-jobmanager,1.54,907.9
1790611740,rot-kafka,3.13,523.7
1790611740,rot-influxdb,0.21,103.8
1790611740,rot-prometheus,0.03,116.1
1790611740,rot-emqx,1.11,191.3
1790611740,rot-alertmanager,0.06,27.7
1790611740,rot-plant-simulator,0.28,35.9
1790611740,rot-cadvisor,0.31,48.6
1790611744,rot-ai-web-1,0.00,11.7
1790611744,rot-ai-knowledge-1,0.18,145.2
1790611744,rot-ai-alarm-worker-1,0.12,32.7
1790611744,rot-ai-work-db-1,0.00,48.6
1790611744,rot-ai-graph-1,173.31,935.9
1790611744,rot-edgex-app-mqtt-export,0.19,26.9
1790611744,rot-edgex-device-modbus,0.51,24.1
1790611744,rot-edgex-core-command,0.07,13.5
1790611744,rot-edgex-ui,0.00,12.4
1790611744,rot-edgex-core-data,0.19,19.9
1790611744,rot-edgex-core-metadata,0.00,13.9
1790611744,rot-edgex-common-config,0.00,0.6
1790611744,rot-edgex-core-keeper,0.00,18.9
1790611744,rot-flink-taskmanager,5.46,1495.0
1790611744,rot-telegraf-sink,1.53,94.7
1790611744,rot-alert-republisher,0.25,69.2
1790611744,rot-kafka-exporter,0.04,19.1
1790611744,rot-telegraf-bridge,6.66,169.4
1790611744,rot-fuxa,2.19,77.5
1790611744,rot-grafana,0.10,101.5
1790611744,rot-edgex-postgres,0.09,53.4
1790611744,rot-edgex-mqtt-broker,0.07,1.6
1790611744,rot-flink-jobmanager,5.95,905.3
1790611744,rot-kafka,10.64,529.7
1790611744,rot-influxdb,0.50,103.8
1790611744,rot-prometheus,0.00,111.4
1790611744,rot-emqx,1.40,187.6
1790611744,rot-alertmanager,0.16,25.4
1790611744,rot-plant-simulator,0.55,34.5
1790611744,rot-cadvisor,0.30,46.2
1790611748,rot-ai-web-1,0.00,11.7
1790611748,rot-ai-knowledge-1,1.09,144.1
1790611748,rot-ai-alarm-worker-1,0.08,32.9
1790611748,rot-ai-work-db-1,1.07,50.3
1790611748,rot-ai-graph-1,1.16,717.0
1790611748,rot-edgex-app-mqtt-export,0.48,24.8
1790611748,rot-edgex-device-modbus,0.57,23.2
1790611748,rot-edgex-core-command,0.00,13.3
1790611748,rot-edgex-ui,0.00,12.1
1790611748,rot-edgex-core-data,0.28,20.0
1790611748,rot-edgex-core-metadata,0.00,24.4
1790611748,rot-edgex-common-config,0.00,0.6
1790611748,rot-edgex-core-keeper,0.60,21.6
1790611748,rot-flink-taskmanager,7.49,1495.0
1790611748,rot-telegraf-sink,2.21,101.5
1790611748,rot-alert-republisher,0.41,64.6
1790611748,rot-kafka-exporter,8.64,19.2
1790611748,rot-telegraf-bridge,1.09,157.6
1790611748,rot-fuxa,0.24,76.4
1790611748,rot-grafana,0.23,94.4
1790611748,rot-edgex-postgres,0.36,55.3
1790611748,rot-edgex-mqtt-broker,0.06,1.6
1790611748,rot-flink-jobmanager,2.03,904.1
1790611748,rot-kafka,210.76,583.6
1790611748,rot-influxdb,4.93,101.0
1790611748,rot-prometheus,0.36,127.6
1790611748,rot-emqx,1.44,184.4
1790611748,rot-alertmanager,0.14,24.4
1790611748,rot-plant-simulator,0.65,35.1
1790611748,rot-cadvisor,0.43,50.9
1790611751,rot-ai-web-1,0.00,11.5
1790611751,rot-ai-knowledge-1,0.60,142.7
1790611751,rot-ai-alarm-worker-1,0.07,32.4
1790611751,rot-ai-work-db-1,5.31,50.5
1790611751,rot-ai-graph-1,0.79,710.2
1790611751,rot-edgex-app-mqtt-export,0.15,23.6
1790611751,rot-edgex-device-modbus,0.44,22.2
1790611751,rot-edgex-core-command,0.09,12.7
1790611751,rot-edgex-ui,0.00,11.1
1790611751,rot-edgex-core-data,0.27,18.1
1790611751,rot-edgex-core-metadata,0.04,22.7
1790611751,rot-edgex-common-config,0.00,0.6
1790611751,rot-edgex-core-keeper,0.13,20.9
1790611751,rot-flink-taskmanager,7.13,1494.0
1790611751,rot-telegraf-sink,1.03,96.5
1790611751,rot-alert-republisher,0.34,59.5
1790611751,rot-kafka-exporter,0.04,18.2
1790611751,rot-telegraf-bridge,0.28,148.4
1790611751,rot-fuxa,0.41,77.1
1790611751,rot-grafana,0.04,91.3
1790611751,rot-edgex-postgres,0.11,56.8
1790611751,rot-edgex-mqtt-broker,0.08,1.3
1790611751,rot-flink-jobmanager,4.98,904.4
1790611751,rot-kafka,4.15,514.1
1790611751,rot-influxdb,0.04,111.9
1790611751,rot-prometheus,0.35,122.6
1790611751,rot-emqx,1.09,187.7
1790611751,rot-alertmanager,0.09,31.1
1790611751,rot-plant-simulator,0.58,33.9
1790611751,rot-cadvisor,3.40,53.2
1790611755,rot-ai-web-1,0.00,11.6
1790611755,rot-ai-knowledge-1,0.79,144.7
1790611755,rot-ai-alarm-worker-1,0.16,31.8
1790611755,rot-ai-work-db-1,0.73,49.8
1790611755,rot-ai-graph-1,113.15,802.7
1790611755,rot-edgex-app-mqtt-export,0.41,29.0
1790611755,rot-edgex-device-modbus,0.54,21.2
1790611755,rot-edgex-core-command,0.00,11.8
1790611755,rot-edgex-ui,0.00,10.3
1790611755,rot-edgex-core-data,0.75,23.2
1790611755,rot-edgex-core-metadata,0.00,22.1
1790611755,rot-edgex-common-config,0.01,0.6
1790611755,rot-edgex-core-keeper,0.02,19.9
1790611755,rot-flink-taskmanager,9.24,1494.0
1790611755,rot-telegraf-sink,1.64,92.6
1790611755,rot-alert-republisher,0.36,59.4
1790611755,rot-kafka-exporter,0.14,17.6
1790611755,rot-telegraf-bridge,0.37,145.2
1790611755,rot-fuxa,0.40,75.0
1790611755,rot-grafana,0.12,88.0
1790611755,rot-edgex-postgres,4.90,55.7
1790611755,rot-edgex-mqtt-broker,0.14,1.3
1790611755,rot-flink-jobmanager,7.37,902.6
1790611755,rot-kafka,7.65,512.4
1790611755,rot-influxdb,0.63,108.3
1790611755,rot-prometheus,0.10,118.9
1790611755,rot-emqx,2.32,186.3
1790611755,rot-alertmanager,0.14,29.9
1790611755,rot-plant-simulator,0.98,32.7
1790611755,rot-cadvisor,0.27,51.1
1790611759,rot-ai-web-1,0.00,11.6
1790611759,rot-ai-knowledge-1,0.17,144.1
1790611759,rot-ai-alarm-worker-1,0.08,32.0
1790611759,rot-ai-work-db-1,0.00,49.6
1790611759,rot-ai-graph-1,54.05,732.1
1790611759,rot-edgex-app-mqtt-export,0.15,29.6
1790611759,rot-edgex-device-modbus,0.32,19.8
1790611759,rot-edgex-core-command,0.00,11.9
1790611759,rot-edgex-ui,0.00,10.2
1790611759,rot-edgex-core-data,0.17,22.4
1790611759,rot-edgex-core-metadata,0.04,21.1
1790611759,rot-edgex-common-config,0.00,0.6
1790611759,rot-edgex-core-keeper,0.04,19.3
1790611759,rot-flink-taskmanager,4.17,1490.9
1790611759,rot-telegraf-sink,1.06,87.6
1790611759,rot-alert-republisher,0.42,62.0
1790611759,rot-kafka-exporter,0.06,18.7
1790611759,rot-telegraf-bridge,0.34,137.0
1790611759,rot-fuxa,0.31,75.4
1790611759,rot-grafana,1.23,99.5
1790611759,rot-edgex-postgres,0.11,53.2
1790611759,rot-edgex-mqtt-broker,0.06,1.8
1790611759,rot-flink-jobmanager,0.99,902.0
1790611759,rot-kafka,3.50,504.7
1790611759,rot-influxdb,0.26,107.7
1790611759,rot-prometheus,0.80,115.7
1790611759,rot-emqx,2.15,183.5
1790611759,rot-alertmanager,0.07,28.0
1790611759,rot-plant-simulator,0.55,37.9
1790611759,rot-cadvisor,0.14,51.8
1790611762,rot-ai-web-1,2.38,11.8
1790611762,rot-ai-knowledge-1,0.20,143.8
1790611762,rot-ai-alarm-worker-1,0.08,31.7
1790611762,rot-ai-work-db-1,0.00,50.4
1790611762,rot-ai-graph-1,1.02,730.9
1790611762,rot-edgex-app-mqtt-export,0.43,28.9
1790611762,rot-edgex-device-modbus,0.62,25.4
1790611762,rot-edgex-core-command,0.04,11.8
1790611762,rot-edgex-ui,0.00,10.1
1790611762,rot-edgex-core-data,0.28,21.9
1790611762,rot-edgex-core-metadata,0.00,20.6
1790611762,rot-edgex-common-config,0.01,0.6
1790611762,rot-edgex-core-keeper,0.15,18.9
1790611762,rot-flink-taskmanager,5.24,1490.9
1790611762,rot-telegraf-sink,1.26,93.4
1790611762,rot-alert-republisher,0.34,61.0
1790611762,rot-kafka-exporter,0.07,18.7
1790611762,rot-telegraf-bridge,0.35,155.1
1790611762,rot-fuxa,0.21,74.8
1790611762,rot-grafana,0.08,98.3
1790611762,rot-edgex-postgres,0.18,54.6
1790611762,rot-edgex-mqtt-broker,0.08,1.6
1790611762,rot-flink-jobmanager,2.64,902.4
1790611762,rot-kafka,8.55,516.6
1790611762,rot-influxdb,0.29,106.8
1790611762,rot-prometheus,0.16,114.5
1790611762,rot-emqx,1.45,187.9
1790611762,rot-alertmanager,0.12,27.7
1790611762,rot-plant-simulator,0.55,37.1
1790611762,rot-cadvisor,1.12,52.1
1790611766,rot-ai-web-1,0.00,11.7
1790611766,rot-ai-knowledge-1,0.23,147.3
1790611766,rot-ai-alarm-worker-1,0.08,31.9
1790611766,rot-ai-work-db-1,3.89,55.1
1790611766,rot-ai-graph-1,0.99,730.4
1790611766,rot-edgex-app-mqtt-export,0.15,28.9
1790611766,rot-edgex-device-modbus,0.36,31.7
1790611766,rot-edgex-core-command,0.00,11.8
1790611766,rot-edgex-ui,0.00,10.1
1790611766,rot-edgex-core-data,0.13,21.9
1790611766,rot-edgex-core-metadata,0.10,20.8
1790611766,rot-edgex-common-config,0.00,0.6
1790611766,rot-edgex-core-keeper,0.33,19.7
1790611766,rot-flink-taskmanager,29.43,1513.5
1790611766,rot-telegraf-sink,1.14,92.4
1790611766,rot-alert-republisher,0.25,60.9
1790611766,rot-kafka-exporter,0.04,18.7
1790611766,rot-telegraf-bridge,0.31,155.0
1790611766,rot-fuxa,0.26,75.5
1790611766,rot-grafana,0.05,98.3
1790611766,rot-edgex-postgres,2.35,54.2
1790611766,rot-edgex-mqtt-broker,0.06,1.3
1790611766,rot-flink-jobmanager,8.67,902.8
1790611766,rot-kafka,4.46,526.3
1790611766,rot-influxdb,0.44,106.1
1790611766,rot-prometheus,0.24,114.7
1790611766,rot-emqx,1.28,187.7
1790611766,rot-alertmanager,0.08,27.7
1790611766,rot-plant-simulator,7.71,40.1
1790611766,rot-cadvisor,0.41,51.1
1790611769,rot-ai-web-1,0.00,11.4
1790611769,rot-ai-knowledge-1,0.90,143.4
1790611769,rot-ai-alarm-worker-1,0.10,31.2
1790611769,rot-ai-work-db-1,0.85,44.9
1790611769,rot-ai-graph-1,214.84,858.3
1790611769,rot-edgex-app-mqtt-export,0.25,24.9
1790611769,rot-edgex-device-modbus,0.59,27.1
1790611769,rot-edgex-core-command,0.05,10.8
1790611769,rot-edgex-ui,0.00,8.8
1790611769,rot-edgex-core-data,0.29,19.7
1790611769,rot-edgex-core-metadata,0.03,17.6
1790611769,rot-edgex-common-config,0.00,0.6
1790611769,rot-edgex-core-keeper,0.00,16.4
1790611769,rot-flink-taskmanager,6.54,1510.4
1790611769,rot-telegraf-sink,1.89,84.3
1790611769,rot-alert-republisher,0.27,51.4
1790611769,rot-kafka-exporter,0.05,18.9
1790611769,rot-telegraf-bridge,0.36,135.3
1790611769,rot-fuxa,0.46,70.9
1790611769,rot-grafana,0.10,85.2
1790611769,rot-edgex-postgres,0.85,51.7
1790611769,rot-edgex-mqtt-broker,0.11,1.6
1790611769,rot-flink-jobmanager,1.67,901.3
1790611769,rot-kafka,4.93,506.4
1790611769,rot-influxdb,0.63,96.0
1790611769,rot-prometheus,0.00,105.4
1790611769,rot-emqx,1.20,181.4
1790611769,rot-alertmanager,0.16,24.3
1790611769,rot-plant-simulator,0.75,34.9
1790611769,rot-cadvisor,0.47,47.2
1790611773,rot-ai-web-1,0.00,11.6
1790611773,rot-ai-knowledge-1,0.17,147.7
1790611773,rot-ai-alarm-worker-1,0.10,31.8
1790611773,rot-ai-work-db-1,0.95,48.4
1790611773,rot-ai-graph-1,0.90,731.8
1790611773,rot-edgex-app-mqtt-export,0.14,24.9
1790611773,rot-edgex-device-modbus,0.53,26.9
1790611773,rot-edgex-core-command,0.03,10.8
1790611773,rot-edgex-ui,0.00,9.0
1790611773,rot-edgex-core-data,0.36,21.9
1790611773,rot-edgex-core-metadata,0.01,23.7
1790611773,rot-edgex-common-config,0.00,0.6
1790611773,rot-edgex-core-keeper,0.00,17.0
1790611773,rot-flink-taskmanager,4.28,1511.4
1790611773,rot-telegraf-sink,1.11,90.8
1790611773,rot-alert-republisher,0.25,51.8
1790611773,rot-kafka-exporter,0.05,18.9
1790611773,rot-telegraf-bridge,0.34,136.5
1790611773,rot-fuxa,0.18,71.4
1790611773,rot-grafana,0.08,85.1
1790611773,rot-edgex-postgres,0.11,53.1
1790611773,rot-edgex-mqtt-broker,0.06,1.3
1790611773,rot-flink-jobmanager,2.85,902.3
1790611773,rot-kafka,97.30,510.2
1790611773,rot-influxdb,0.07,100.6
1790611773,rot-prometheus,0.00,105.3
1790611773,rot-emqx,14.46,189.6
1790611773,rot-alertmanager,0.11,24.3
1790611773,rot-plant-simulator,0.62,35.0
1790611773,rot-cadvisor,0.23,47.5
1790611777,rot-ai-web-1,0.00,11.6
1790611777,rot-ai-knowledge-1,0.64,147.2
1790611777,rot-ai-alarm-worker-1,0.07,31.3
1790611777,rot-ai-work-db-1,0.76,48.1
1790611777,rot-ai-graph-1,0.69,731.2
1790611777,rot-edgex-app-mqtt-export,0.28,28.0
1790611777,rot-edgex-device-modbus,0.42,26.9
1790611777,rot-edgex-core-command,0.00,10.7
1790611777,rot-edgex-ui,0.00,9.0
1790611777,rot-edgex-core-data,0.18,23.0
1790611777,rot-edgex-core-metadata,0.00,23.4
1790611777,rot-edgex-common-config,0.00,0.6
1790611777,rot-edgex-core-keeper,1.00,27.8
1790611777,rot-flink-taskmanager,4.84,1508.4
1790611777,rot-telegraf-sink,1.20,94.1
1790611777,rot-alert-republisher,0.56,57.9
1790611777,rot-kafka-exporter,4.56,19.6
1790611777,rot-telegraf-bridge,0.30,136.8
1790611777,rot-fuxa,0.13,71.4
1790611777,rot-grafana,0.12,84.5
1790611777,rot-edgex-postgres,0.27,53.7
1790611777,rot-edgex-mqtt-broker,0.07,1.3
1790611777,rot-flink-jobmanager,1.14,902.1
1790611777,rot-kafka,9.06,511.9
1790611777,rot-influxdb,2.35,113.8
1790611777,rot-prometheus,0.26,116.4
1790611777,rot-emqx,0.64,189.2
1790611777,rot-alertmanager,0.09,39.0
1790611777,rot-plant-simulator,0.31,39.2
1790611777,rot-cadvisor,0.38,50.0
1790611781,rot-ai-web-1,0.00,11.6
1790611781,rot-ai-knowledge-1,0.58,147.4
1790611781,rot-ai-alarm-worker-1,0.09,31.5
1790611781,rot-ai-work-db-1,0.46,48.4
1790611781,rot-ai-graph-1,0.71,731.1
1790611781,rot-edgex-app-mqtt-export,0.11,28.0
1790611781,rot-edgex-device-modbus,0.22,26.6
1790611781,rot-edgex-core-command,0.00,10.7
1790611781,rot-edgex-ui,0.00,9.0
1790611781,rot-edgex-core-data,0.15,23.1
1790611781,rot-edgex-core-metadata,0.04,23.4
1790611781,rot-edgex-common-config,0.00,0.6
1790611781,rot-edgex-core-keeper,0.05,27.8
1790611781,rot-flink-taskmanager,5.23,1507.3
1790611781,rot-telegraf-sink,1.01,93.4
1790611781,rot-alert-republisher,0.20,57.9
1790611781,rot-kafka-exporter,0.03,19.6
1790611781,rot-telegraf-bridge,0.34,136.8
1790611781,rot-fuxa,0.13,71.4
1790611781,rot-grafana,0.06,84.5
1790611781,rot-edgex-postgres,0.10,53.7
1790611781,rot-edgex-mqtt-broker,0.05,1.3
1790611781,rot-flink-jobmanager,3.70,903.0
1790611781,rot-kafka,8.31,527.6
1790611781,rot-influxdb,0.48,113.8
1790611781,rot-prometheus,0.27,115.9
1790611781,rot-emqx,0.91,189.2
1790611781,rot-alertmanager,0.11,39.0
1790611781,rot-plant-simulator,0.34,39.0
1790611781,rot-cadvisor,0.95,51.3
1790611785,rot-ai-web-1,0.00,11.4
1790611785,rot-ai-knowledge-1,1.50,145.7
1790611785,rot-ai-alarm-worker-1,0.10,31.5
1790611785,rot-ai-work-db-1,0.00,44.5
1790611785,rot-ai-graph-1,41.73,722.9
1790611785,rot-edgex-app-mqtt-export,0.24,23.3
1790611785,rot-edgex-device-modbus,0.64,25.0
1790611785,rot-edgex-core-command,0.00,9.8
1790611785,rot-edgex-ui,0.00,18.4
1790611785,rot-edgex-core-data,0.21,21.1
1790611785,rot-edgex-core-metadata,0.00,18.9
1790611785,rot-edgex-common-config,0.00,0.6
1790611785,rot-edgex-core-keeper,0.05,23.3
1790611785,rot-flink-taskmanager,5.46,1506.3
1790611785,rot-telegraf-sink,1.35,81.4
1790611785,rot-alert-republisher,0.31,49.1
1790611785,rot-kafka-exporter,0.31,19.6
1790611785,rot-telegraf-bridge,0.33,122.1
1790611785,rot-fuxa,0.25,67.3
1790611785,rot-grafana,0.07,73.0
1790611785,rot-edgex-postgres,0.13,49.5
1790611785,rot-edgex-mqtt-broker,0.08,1.3
1790611785,rot-flink-jobmanager,5.94,901.9
1790611785,rot-kafka,167.77,553.1
1790611785,rot-influxdb,0.81,104.1
1790611785,rot-prometheus,0.10,106.5
1790611785,rot-emqx,86.00,186.6
1790611785,rot-alertmanager,0.11,31.6
1790611785,rot-plant-simulator,0.79,35.5
1790611785,rot-cadvisor,0.20,45.5
1790611788,rot-ai-web-1,0.00,11.4
1790611788,rot-ai-knowledge-1,0.17,143.4
1790611788,rot-ai-alarm-worker-1,0.07,44.9
1790611788,rot-ai-work-db-1,0.34,47.6
1790611788,rot-ai-graph-1,0.74,713.4
1790611788,rot-edgex-app-mqtt-export,0.15,26.7
1790611788,rot-edgex-device-modbus,0.32,22.8
1790611788,rot-edgex-core-command,0.00,9.5
1790611788,rot-edgex-ui,0.00,16.6
1790611788,rot-edgex-core-data,0.15,19.7
1790611788,rot-edgex-core-metadata,0.00,20.9
1790611788,rot-edgex-common-config,0.00,0.6
1790611788,rot-edgex-core-keeper,0.05,24.1
1790611788,rot-flink-taskmanager,3.64,1505.3
1790611788,rot-telegraf-sink,0.94,77.3
1790611788,rot-alert-republisher,0.24,156.4
1790611788,rot-kafka-exporter,0.03,19.0
1790611788,rot-telegraf-bridge,0.23,118.8
1790611788,rot-fuxa,0.18,69.6
1790611788,rot-grafana,4.35,87.7
1790611788,rot-edgex-postgres,0.89,56.1
1790611788,rot-edgex-mqtt-broker,0.06,1.6
1790611788,rot-flink-jobmanager,1.30,901.4
1790611788,rot-kafka,3.83,502.2
1790611788,rot-influxdb,2.71,108.1
1790611788,rot-prometheus,0.74,108.9
1790611788,rot-emqx,1.91,181.9
1790611788,rot-alertmanager,0.11,28.8
1790611788,rot-plant-simulator,0.42,35.8
1790611788,rot-cadvisor,0.36,44.0
1790611792,rot-ai-web-1,0.00,11.2
1790611792,rot-ai-knowledge-1,0.71,142.5
1790611792,rot-ai-alarm-worker-1,0.11,43.8
1790611792,rot-ai-work-db-1,4.87,52.5
1790611792,rot-ai-graph-1,0.76,709.5
1790611792,rot-edgex-app-mqtt-export,0.45,24.9
1790611792,rot-edgex-device-modbus,0.47,21.4
1790611792,rot-edgex-core-command,0.04,9.2
1790611792,rot-edgex-ui,0.00,15.2
1790611792,rot-edgex-core-data,0.29,18.5
1790611792,rot-edgex-core-metadata,0.03,19.7
1790611792,rot-edgex-common-config,0.00,0.6
1790611792,rot-edgex-core-keeper,0.07,22.6
1790611792,rot-flink-taskmanager,7.95,1520.6
1790611792,rot-telegraf-sink,1.54,73.9
1790611792,rot-alert-republisher,0.32,146.2
1790611792,rot-kafka-exporter,0.04,18.1
1790611792,rot-telegraf-bridge,0.26,114.5
1790611792,rot-fuxa,0.12,68.9
1790611792,rot-grafana,0.09,115.6
1790611792,rot-edgex-postgres,0.12,54.0
1790611792,rot-edgex-mqtt-broker,0.05,1.3
1790611792,rot-flink-jobmanager,5.62,901.6
1790611792,rot-kafka,4.55,511.0
1790611792,rot-influxdb,0.06,106.7
1790611792,rot-prometheus,0.35,106.0
1790611792,rot-emqx,0.92,181.0
1790611792,rot-alertmanager,0.13,27.1
1790611792,rot-plant-simulator,0.48,34.1
1790611792,rot-cadvisor,1.42,43.9
1790611795,rot-ai-web-1,0.00,11.9
1790611795,rot-ai-knowledge-1,0.80,146.2
1790611795,rot-ai-alarm-worker-1,0.09,41.8
1790611795,rot-ai-work-db-1,0.71,47.2
1790611795,rot-ai-graph-1,192.49,887.7
1790611795,rot-edgex-app-mqtt-export,0.18,29.5
1790611795,rot-edgex-device-modbus,0.38,20.1
1790611795,rot-edgex-core-command,0.00,13.0
1790611795,rot-edgex-ui,0.00,14.3
1790611795,rot-edgex-core-data,0.21,17.8
1790611795,rot-edgex-core-metadata,0.00,18.9
1790611795,rot-edgex-common-config,0.00,0.6
1790611795,rot-edgex-core-keeper,0.02,21.1
1790611795,rot-flink-taskmanager,19.43,1520.6
1790611795,rot-telegraf-sink,1.25,72.6
1790611795,rot-alert-republisher,0.25,164.1
1790611795,rot-kafka-exporter,0.05,18.4
1790611795,rot-telegraf-bridge,0.26,117.0
1790611795,rot-fuxa,0.19,68.6
1790611795,rot-grafana,0.06,105.7
1790611795,rot-edgex-postgres,2.11,54.7
1790611795,rot-edgex-mqtt-broker,0.05,1.6
1790611795,rot-flink-jobmanager,13.83,902.4
1790611795,rot-kafka,4.69,508.4
1790611795,rot-influxdb,0.28,103.1
1790611795,rot-prometheus,0.08,103.5
1790611795,rot-emqx,71.01,234.7
1790611795,rot-alertmanager,0.10,31.0
1790611795,rot-plant-simulator,0.43,32.9
1790611795,rot-cadvisor,0.12,42.2
1790611799,rot-ai-web-1,0.00,11.7
1790611799,rot-ai-knowledge-1,0.16,143.7
1790611799,rot-ai-alarm-worker-1,0.10,39.4
1790611799,rot-ai-work-db-1,0.02,51.2
1790611799,rot-ai-graph-1,0.86,722.8
1790611799,rot-edgex-app-mqtt-export,0.21,26.1
1790611799,rot-edgex-device-modbus,0.46,25.8
1790611799,rot-edgex-core-command,0.00,12.3
1790611799,rot-edgex-ui,0.00,12.5
1790611799,rot-edgex-core-data,0.22,20.7
1790611799,rot-edgex-core-metadata,0.03,22.7
1790611799,rot-edgex-common-config,0.01,0.6
1790611799,rot-edgex-core-keeper,0.00,22.2
1790611799,rot-flink-taskmanager,5.57,1517.6
1790611799,rot-telegraf-sink,1.63,68.4
1790611799,rot-alert-republisher,0.28,135.9
1790611799,rot-kafka-exporter,0.06,23.2
1790611799,rot-telegraf-bridge,0.24,108.7
1790611799,rot-fuxa,0.16,67.9
1790611799,rot-grafana,0.12,106.5
1790611799,rot-edgex-postgres,0.11,51.7
1790611799,rot-edgex-mqtt-broker,0.07,1.6
1790611799,rot-flink-jobmanager,1.16,899.5
1790611799,rot-kafka,135.29,596.4
1790611799,rot-influxdb,0.58,97.5
1790611799,rot-prometheus,0.76,102.5
1790611799,rot-emqx,1.07,183.7
1790611799,rot-alertmanager,0.09,27.6
1790611799,rot-plant-simulator,0.64,38.0
1790611799,rot-cadvisor,0.41,43.0
1790611802,rot-ai-web-1,1.46,12.7
1790611802,rot-ai-knowledge-1,0.15,143.5
1790611802,rot-ai-alarm-worker-1,0.07,39.2
1790611802,rot-ai-work-db-1,3.56,53.2
1790611802,rot-ai-graph-1,0.59,723.3
1790611802,rot-edgex-app-mqtt-export,0.20,26.4
1790611802,rot-edgex-device-modbus,0.26,25.8
1790611802,rot-edgex-core-command,0.00,24.4
1790611802,rot-edgex-ui,0.00,12.6
1790611802,rot-edgex-core-data,0.11,20.9
1790611802,rot-edgex-core-metadata,0.00,22.6
1790611802,rot-edgex-common-config,0.00,0.6
1790611802,rot-edgex-core-keeper,0.05,22.2
1790611802,rot-flink-taskmanager,3.33,1517.6
1790611802,rot-telegraf-sink,0.76,89.8
1790611802,rot-alert-republisher,0.35,136.2
1790611802,rot-kafka-exporter,0.04,22.9
1790611802,rot-telegraf-bridge,0.33,109.2
1790611802,rot-fuxa,0.27,68.0
1790611802,rot-grafana,0.04,106.4
1790611802,rot-edgex-postgres,0.11,55.3
1790611802,rot-edgex-mqtt-broker,0.05,1.8
1790611802,rot-flink-jobmanager,1.25,899.9
1790611802,rot-kafka,2.84,525.9
1790611802,rot-influxdb,0.25,103.3
1790611802,rot-prometheus,0.00,102.5
1790611802,rot-emqx,1.05,183.2
1790611802,rot-alertmanager,0.08,27.6
1790611802,rot-plant-simulator,0.31,37.1
1790611802,rot-cadvisor,0.04,45.7
1790611806,rot-ai-web-1,0.00,11.8
1790611806,rot-ai-knowledge-1,0.90,144.8
1790611806,rot-ai-alarm-worker-1,0.10,38.6
1790611806,rot-ai-work-db-1,0.74,51.6
1790611806,rot-ai-graph-1,0.95,717.3
1790611806,rot-edgex-app-mqtt-export,0.23,25.2
1790611806,rot-edgex-device-modbus,0.44,24.1
1790611806,rot-edgex-core-command,0.00,22.7
1790611806,rot-edgex-ui,0.00,11.9
1790611806,rot-edgex-core-data,0.24,19.7
1790611806,rot-edgex-core-metadata,0.11,21.6
1790611806,rot-edgex-common-config,0.01,0.6
1790611806,rot-edgex-core-keeper,0.26,22.0
1790611806,rot-flink-taskmanager,16.86,1517.6
1790611806,rot-telegraf-sink,1.35,135.9
1790611806,rot-alert-republisher,0.37,123.8
1790611806,rot-kafka-exporter,0.05,22.4
1790611806,rot-telegraf-bridge,0.37,106.5
1790611806,rot-fuxa,0.25,74.6
1790611806,rot-grafana,0.06,100.2
1790611806,rot-edgex-postgres,3.65,55.0
1790611806,rot-edgex-mqtt-broker,0.07,1.3
1790611806,rot-flink-jobmanager,9.91,899.9
1790611806,rot-kafka,4.79,518.2
1790611806,rot-influxdb,0.41,98.5
1790611806,rot-prometheus,0.14,100.1
1790611806,rot-emqx,1.97,181.0
1790611806,rot-alertmanager,0.13,26.2
1790611806,rot-plant-simulator,0.64,35.8
1790611806,rot-cadvisor,0.27,44.1
1790611810,rot-ai-web-1,0.00,11.4
1790611810,rot-ai-knowledge-1,1.07,143.6
1790611810,rot-ai-alarm-worker-1,0.07,35.9
1790611810,rot-ai-work-db-1,0.96,50.9
1790611810,rot-ai-graph-1,47.38,717.5
1790611810,rot-edgex-app-mqtt-export,0.36,29.8
1790611810,rot-edgex-device-modbus,0.72,24.7
1790611810,rot-edgex-core-command,0.00,18.2
1790611810,rot-edgex-ui,0.00,9.7
1790611810,rot-edgex-core-data,0.37,20.6
1790611810,rot-edgex-core-metadata,0.00,17.1
1790611810,rot-edgex-common-config,0.00,0.6
1790611810,rot-edgex-core-keeper,0.03,21.0
1790611810,rot-flink-taskmanager,5.07,1513.5
1790611810,rot-telegraf-sink,1.01,117.4
1790611810,rot-alert-republisher,0.33,87.6
1790611810,rot-kafka-exporter,0.06,20.0
1790611810,rot-telegraf-bridge,1.48,113.7
1790611810,rot-fuxa,0.26,70.4
1790611810,rot-grafana,0.07,81.2
1790611810,rot-edgex-postgres,0.11,50.6
1790611810,rot-edgex-mqtt-broker,0.07,2.1
1790611810,rot-flink-jobmanager,2.00,899.8
1790611810,rot-kafka,176.64,590.3
1790611810,rot-influxdb,0.13,106.7
1790611810,rot-prometheus,0.05,103.5
1790611810,rot-emqx,2.10,182.5
1790611810,rot-alertmanager,0.11,21.7
1790611810,rot-plant-simulator,0.51,32.4
1790611810,rot-cadvisor,0.28,40.5
1790611814,rot-ai-knowledge-1,3.70,148.8
1790611814,rot-ai-alarm-worker-1,0.09,36.4
1790611814,rot-ai-work-db-1,0.54,49.7
1790611814,rot-ai-graph-1,0.84,716.9
1790611814,rot-edgex-app-mqtt-export,0.12,29.2
1790611814,rot-edgex-device-modbus,0.29,24.5
1790611814,rot-edgex-core-command,0.02,18.2
1790611814,rot-edgex-ui,0.00,9.7
1790611814,rot-edgex-core-data,0.15,20.3
1790611814,rot-edgex-core-metadata,0.03,22.7
1790611814,rot-edgex-common-config,0.00,0.6
1790611814,rot-edgex-core-keeper,0.00,20.9
1790611814,rot-flink-taskmanager,5.61,1513.5
1790611814,rot-telegraf-sink,1.27,117.9
1790611814,rot-alert-republisher,0.24,87.6
1790611814,rot-kafka-exporter,0.04,19.9
1790611814,rot-telegraf-bridge,0.43,113.4
1790611814,rot-fuxa,0.14,70.3
1790611814,rot-grafana,0.09,80.6
1790611814,rot-edgex-postgres,0.09,54.0
1790611814,rot-edgex-mqtt-broker,0.05,1.3
1790611814,rot-flink-jobmanager,1.46,899.6
1790611814,rot-kafka,5.53,511.7
1790611814,rot-influxdb,0.07,98.7
1790611814,rot-prometheus,0.18,103.2
1790611814,rot-emqx,4.09,179.1
1790611814,rot-alertmanager,0.08,21.6
1790611814,rot-plant-simulator,0.41,32.8
1790611814,rot-cadvisor,0.51,52.5
1790611817,rot-ai-work-db-1,3.85,37.4
1790611817,rot-ai-graph-1,37.66,719.7
1790611817,rot-edgex-app-mqtt-export,0.47,30.0
1790611817,rot-edgex-device-modbus,0.50,24.4
1790611817,rot-edgex-core-command,0.12,18.1
1790611817,rot-edgex-ui,0.00,9.6
1790611817,rot-edgex-core-data,2.01,25.2
1790611817,rot-edgex-core-metadata,0.00,22.8
1790611817,rot-edgex-common-config,0.00,0.6
1790611817,rot-edgex-core-keeper,1.53,20.9
1790611817,rot-flink-taskmanager,21.79,1516.5
1790611817,rot-telegraf-sink,1.38,121.3
1790611817,rot-alert-republisher,3.78,111.4
1790611817,rot-kafka-exporter,7.06,21.4
1790611817,rot-telegraf-bridge,0.26,133.1
1790611817,rot-fuxa,0.15,70.4
1790611817,rot-grafana,0.08,83.8
1790611817,rot-edgex-postgres,0.72,54.7
1790611817,rot-edgex-mqtt-broker,0.05,1.6
1790611817,rot-flink-jobmanager,1.58,905.5
1790611817,rot-kafka,10.39,510.2
1790611817,rot-influxdb,0.75,100.7
1790611817,rot-prometheus,2.89,110.7
1790611817,rot-emqx,15.82,188.2
1790611817,rot-alertmanager,0.08,21.5
1790611817,rot-plant-simulator,11.29,38.3
1790611817,rot-cadvisor,0.81,52.0
1790611821,rot-edgex-app-mqtt-export,0.13,29.9
1790611821,rot-edgex-device-modbus,0.38,24.8
1790611821,rot-edgex-core-command,0.00,18.1
1790611821,rot-edgex-ui,0.00,9.6
1790611821,rot-edgex-core-data,0.18,25.2
1790611821,rot-edgex-core-metadata,0.00,22.8
1790611821,rot-edgex-common-config,0.00,0.6
1790611821,rot-edgex-core-keeper,0.11,20.9
1790611821,rot-flink-taskmanager,4.12,1517.6
1790611821,rot-telegraf-sink,0.96,127.3
1790611821,rot-alert-republisher,0.38,112.2
1790611821,rot-kafka-exporter,0.05,21.0
1790611821,rot-telegraf-bridge,0.26,143.7
1790611821,rot-fuxa,1.42,75.8
1790611821,rot-grafana,0.08,116.1
1790611821,rot-edgex-postgres,0.10,54.2
1790611821,rot-edgex-mqtt-broker,0.04,1.8
1790611821,rot-flink-jobmanager,1.63,904.8
1790611821,rot-kafka,7.84,517.7
1790611821,rot-influxdb,0.30,104.7
1790611821,rot-prometheus,0.05,110.5
1790611821,rot-emqx,1.89,188.1
1790611821,rot-alertmanager,0.08,21.5
1790611821,rot-plant-simulator,0.44,38.5
1790611821,rot-cadvisor,1.46,53.1
1790611824,rot-edgex-app-mqtt-export,0.00,0.0
1790611824,rot-edgex-core-metadata,0.15,25.5
1790611824,rot-edgex-common-config,0.00,0.6
1790611824,rot-edgex-core-keeper,0.21,28.9
1790611824,rot-grafana,0.00,0.0
1790611824,rot-edgex-postgres,1.70,49.7
1790611824,rot-edgex-mqtt-broker,0.06,1.3
1790611824,rot-flink-jobmanager,80.28,907.4
1790611824,rot-kafka,293.91,559.0
1790611824,rot-emqx,2.52,189.1
1790611824,rot-plant-simulator,0.23,38.1
