t_epoch,name,cpu_pct,mem_mib
1790610992,rot-ai-web-1,0.00,13.0
1790610992,rot-ai-knowledge-1,0.88,160.2
1790610992,rot-ai-alarm-worker-1,0.10,35.8
1790610992,rot-ai-work-db-1,0.68,48.8
1790610992,rot-ai-graph-1,0.97,723.0
1790610992,rot-edgex-app-mqtt-export,0.42,31.1
1790610992,rot-edgex-device-modbus,0.54,24.0
1790610992,rot-edgex-core-command,0.06,15.4
1790610992,rot-edgex-ui,0.00,6.8
1790610992,rot-edgex-core-data,0.33,23.4
1790610992,rot-edgex-core-metadata,0.00,17.9
1790610992,rot-edgex-common-config,0.00,0.9
1790610992,rot-edgex-core-keeper,0.14,25.1
1790610992,rot-flink-taskmanager,7.94,1521.7
1790610992,rot-telegraf-sink,1.31,120.4
1790610992,rot-alert-republisher,0.49,95.4
1790610992,rot-kafka-exporter,0.04,15.9
1790610992,rot-telegraf-bridge,0.42,122.4
1790610992,rot-fuxa,0.41,85.2
1790610992,rot-grafana,0.08,119.7
1790610992,rot-edgex-postgres,0.18,58.5
1790610992,rot-edgex-mqtt-broker,0.11,2.5
1790610992,rot-flink-jobmanager,2.32,588.4
1790610992,rot-kafka,7.82,494.2
1790610992,rot-influxdb,4.10,118.1
1790610992,rot-prometheus,0.16,120.6
1790610992,rot-emqx,2.85,215.3
1790610992,rot-alertmanager,0.14,25.7
1790610992,rot-plant-simulator,0.63,40.6
1790610992,rot-cadvisor,0.11,49.7
1790610995,rot-ai-web-1,0.00,13.0
1790610995,rot-ai-knowledge-1,0.22,160.2
1790610995,rot-ai-alarm-worker-1,0.08,35.5
1790610995,rot-ai-work-db-1,0.01,48.8
1790610995,rot-ai-graph-1,1.30,723.0
1790610995,rot-edgex-app-mqtt-export,0.44,30.9
1790610995,rot-edgex-device-modbus,0.67,24.1
1790610995,rot-edgex-core-command,0.00,15.4
1790610995,rot-edgex-ui,0.00,6.8
1790610995,rot-edgex-core-data,0.54,23.4
1790610995,rot-edgex-core-metadata,0.00,17.9
1790610995,rot-edgex-common-config,0.01,0.9
1790610995,rot-edgex-core-keeper,0.02,25.1
1790610995,rot-flink-taskmanager,14.53,1521.7
1790610995,rot-telegraf-sink,1.10,120.4
1790610995,rot-alert-republisher,0.54,96.0
1790610995,rot-kafka-exporter,0.03,15.9
1790610995,rot-telegraf-bridge,0.60,122.7
1790610995,rot-fuxa,0.38,85.7
1790610995,rot-grafana,0.07,119.7
1790610995,rot-edgex-postgres,0.24,58.2
1790610995,rot-edgex-mqtt-broker,0.24,2.3
1790610995,rot-flink-jobmanager,5.02,592.1
1790610995,rot-kafka,7.81,494.7
1790610995,rot-influxdb,0.05,117.7
1790610995,rot-prometheus,0.46,120.6
1790610995,rot-emqx,3.43,215.3
1790610995,rot-alertmanager,0.12,28.1
1790610995,rot-plant-simulator,0.81,41.1
1790610995,rot-cadvisor,9.28,52.9
1790610999,rot-ai-web-1,0.00,13.0
1790610999,rot-ai-knowledge-1,1.21,160.4
1790610999,rot-ai-alarm-worker-1,0.11,35.5
1790610999,rot-ai-work-db-1,1.05,48.8
1790610999,rot-ai-graph-1,217.32,862.9
1790610999,rot-edgex-app-mqtt-export,0.13,31.1
1790610999,rot-edgex-device-modbus,0.52,23.8
1790610999,rot-edgex-core-command,0.00,15.4
1790610999,rot-edgex-ui,0.00,6.8
1790610999,rot-edgex-core-data,0.49,23.3
1790610999,rot-edgex-core-metadata,0.06,18.1
1790610999,rot-edgex-common-config,0.00,0.9
1790610999,rot-edgex-core-keeper,0.00,25.2
1790610999,rot-flink-taskmanager,15.00,1523.7
1790610999,rot-telegraf-sink,1.47,120.2
1790610999,rot-alert-republisher,0.29,95.7
1790610999,rot-kafka-exporter,0.10,16.7
1790610999,rot-telegraf-bridge,0.35,123.3
1790610999,rot-fuxa,0.83,85.5
1790610999,rot-grafana,0.09,119.7
1790610999,rot-edgex-postgres,0.69,59.9
1790610999,rot-edgex-mqtt-broker,0.07,2.0
1790610999,rot-flink-jobmanager,6.28,593.2
1790610999,rot-kafka,6.10,494.6
1790610999,rot-influxdb,0.53,117.7
1790610999,rot-prometheus,0.84,121.0
1790610999,rot-emqx,3.21,215.5
1790610999,rot-alertmanager,0.13,28.1
1790610999,rot-plant-simulator,0.65,40.6
1790610999,rot-cadvisor,0.17,52.9
1790611002,rot-ai-web-1,0.00,13.0
1790611002,rot-ai-knowledge-1,0.67,160.9
1790611002,rot-ai-alarm-worker-1,0.07,35.4
1790611002,rot-ai-work-db-1,0.01,49.7
1790611002,rot-ai-graph-1,0.82,722.9
1790611002,rot-edgex-app-mqtt-export,0.61,31.2
1790611002,rot-edgex-device-modbus,0.44,23.7
1790611002,rot-edgex-core-command,0.05,15.6
1790611002,rot-edgex-ui,0.00,6.9
1790611002,rot-edgex-core-data,0.35,23.7
1790611002,rot-edgex-core-metadata,0.00,17.9
1790611002,rot-edgex-common-config,0.00,0.9
1790611002,rot-edgex-core-keeper,0.13,25.2
1790611002,rot-flink-taskmanager,11.54,1524.7
1790611002,rot-telegraf-sink,1.12,118.8
1790611002,rot-alert-republisher,0.28,95.2
1790611002,rot-kafka-exporter,0.03,16.6
1790611002,rot-telegraf-bridge,0.38,123.0
1790611002,rot-fuxa,0.24,85.6
1790611002,rot-grafana,0.05,119.0
1790611002,rot-edgex-postgres,0.25,59.4
1790611002,rot-edgex-mqtt-broker,0.08,2.0
1790611002,rot-flink-jobmanager,12.90,599.3
1790611002,rot-kafka,6.87,493.7
1790611002,rot-influxdb,2.93,117.8
1790611002,rot-prometheus,0.28,120.6
1790611002,rot-emqx,2.79,218.7
1790611002,rot-alertmanager,0.08,28.0
1790611002,rot-plant-simulator,0.65,40.9
1790611002,rot-cadvisor,0.77,53.0
1790611005,rot-ai-web-1,0.00,13.0
1790611005,rot-ai-knowledge-1,0.20,160.4
1790611005,rot-ai-alarm-worker-1,0.11,35.4
1790611005,rot-ai-work-db-1,0.01,49.7
1790611005,rot-ai-graph-1,1.10,722.9
1790611005,rot-edgex-app-mqtt-export,0.22,30.7
1790611005,rot-edgex-device-modbus,0.50,24.2
1790611005,rot-edgex-core-command,0.00,15.4
1790611005,rot-edgex-ui,0.00,6.6
1790611005,rot-edgex-core-data,0.45,23.0
1790611005,rot-edgex-core-metadata,0.00,17.9
1790611005,rot-edgex-common-config,0.01,0.9
1790611005,rot-edgex-core-keeper,0.02,25.0
1790611005,rot-flink-taskmanager,5.72,1548.3
1790611005,rot-telegraf-sink,1.66,120.5
1790611005,rot-alert-republisher,0.35,95.2
1790611005,rot-kafka-exporter,0.13,16.6
1790611005,rot-telegraf-bridge,0.15,124.6
1790611005,rot-fuxa,0.49,85.5
1790611005,rot-grafana,0.17,119.2
1790611005,rot-edgex-postgres,0.35,60.8
1790611005,rot-edgex-mqtt-broker,0.08,2.0
1790611005,rot-flink-jobmanager,1.56,599.1
1790611005,rot-kafka,4.10,492.0
1790611005,rot-influxdb,0.08,117.4
1790611005,rot-prometheus,0.13,120.3
1790611005,rot-emqx,6.66,219.1
1790611005,rot-alertmanager,0.14,28.2
1790611005,rot-plant-simulator,12.90,42.0
1790611005,rot-cadvisor,0.00,53.3
1790611008,rot-ai-web-1,0.00,13.0
1790611008,rot-ai-knowledge-1,0.54,159.9
1790611008,rot-ai-alarm-worker-1,0.13,35.4
1790611008,rot-ai-work-db-1,1.47,50.1
1790611008,rot-ai-graph-1,1.04,722.9
1790611008,rot-edgex-app-mqtt-export,0.10,30.7
1790611008,rot-edgex-device-modbus,0.25,24.0
1790611008,rot-edgex-core-command,0.00,15.4
1790611008,rot-edgex-ui,0.00,6.6
1790611008,rot-edgex-core-data,0.15,23.5
1790611008,rot-edgex-core-metadata,0.01,18.1
1790611008,rot-edgex-common-config,0.00,0.9
1790611008,rot-edgex-core-keeper,0.03,25.0
1790611008,rot-flink-taskmanager,6.05,1547.3
1790611008,rot-telegraf-sink,1.12,120.0
1790611008,rot-alert-republisher,0.34,95.3
1790611008,rot-kafka-exporter,0.06,17.0
1790611008,rot-telegraf-bridge,0.19,127.0
1790611008,rot-fuxa,0.42,84.9
1790611008,rot-grafana,2.21,125.8
1790611008,rot-edgex-postgres,0.58,59.8
1790611008,rot-edgex-mqtt-broker,0.06,1.8
1790611008,rot-flink-jobmanager,4.04,604.1
1790611008,rot-kafka,7.77,494.4
1790611008,rot-influxdb,0.28,117.2
1790611008,rot-prometheus,0.59,121.3
1790611008,rot-emqx,2.01,218.1
1790611008,rot-alertmanager,0.11,28.0
1790611008,rot-plant-simulator,0.30,40.9
1790611008,rot-cadvisor,0.28,53.0
1790611012,rot-ai-web-1,0.00,13.0
1790611012,rot-ai-knowledge-1,0.22,159.0
1790611012,rot-ai-alarm-worker-1,0.13,35.5
1790611012,rot-ai-work-db-1,7.50,49.5
1790611012,rot-ai-graph-1,212.43,890.3
1790611012,rot-edgex-app-mqtt-export,0.28,30.2
1790611012,rot-edgex-device-modbus,0.48,23.8
1790611012,rot-edgex-core-command,0.03,15.5
1790611012,rot-edgex-ui,0.00,6.6
1790611012,rot-edgex-core-data,0.45,22.8
1790611012,rot-edgex-core-metadata,0.12,17.8
1790611012,rot-edgex-common-config,0.00,0.9
1790611012,rot-edgex-core-keeper,0.13,24.7
1790611012,rot-flink-taskmanager,11.32,1530.9
1790611012,rot-telegraf-sink,0.98,117.8
1790611012,rot-alert-republisher,0.42,93.0
1790611012,rot-kafka-exporter,0.08,16.9
1790611012,rot-telegraf-bridge,0.25,126.0
1790611012,rot-fuxa,0.48,84.3
1790611012,rot-grafana,0.11,122.0
1790611012,rot-edgex-postgres,0.43,60.0
1790611012,rot-edgex-mqtt-broker,0.07,1.8
1790611012,rot-flink-jobmanager,6.32,605.8
1790611012,rot-kafka,53.21,495.3
1790611012,rot-influxdb,0.05,116.4
1790611012,rot-prometheus,0.60,120.2
1790611012,rot-emqx,100.62,263.0
1790611012,rot-alertmanager,0.11,27.7
1790611012,rot-plant-simulator,0.67,40.8
1790611012,rot-cadvisor,3.34,53.0
1790611015,rot-ai-web-1,0.00,12.8
1790611015,rot-ai-knowledge-1,1.90,158.0
1790611015,rot-ai-alarm-worker-1,0.07,35.2
1790611015,rot-ai-work-db-1,1.25,49.2
1790611015,rot-ai-graph-1,1.13,712.5
1790611015,rot-edgex-app-mqtt-export,0.21,28.3
1790611015,rot-edgex-device-modbus,0.46,22.7
1790611015,rot-edgex-core-command,0.00,14.6
1790611015,rot-edgex-ui,0.00,6.6
1790611015,rot-edgex-core-data,0.20,22.4
1790611015,rot-edgex-core-metadata,0.00,17.0
1790611015,rot-edgex-common-config,0.00,0.9
1790611015,rot-edgex-core-keeper,0.00,23.4
1790611015,rot-flink-taskmanager,5.83,1505.3
1790611015,rot-telegraf-sink,1.30,111.5
1790611015,rot-alert-republisher,0.32,86.7
1790611015,rot-kafka-exporter,0.03,16.3
1790611015,rot-telegraf-bridge,0.28,118.9
1790611015,rot-fuxa,0.59,90.0
1790611015,rot-grafana,0.11,114.1
1790611015,rot-edgex-postgres,2.79,58.3
1790611015,rot-edgex-mqtt-broker,0.06,1.8
1790611015,rot-flink-jobmanager,1.17,603.0
1790611015,rot-kafka,12.18,481.9
1790611015,rot-influxdb,0.43,112.9
1790611015,rot-prometheus,0.10,115.2
1790611015,rot-emqx,1.83,211.6
1790611015,rot-alertmanager,0.14,26.3
1790611015,rot-plant-simulator,9.20,40.7
1790611015,rot-cadvisor,0.28,50.5
1790611018,rot-ai-web-1,0.00,13.4
1790611018,rot-ai-knowledge-1,0.49,158.3
1790611018,rot-ai-alarm-worker-1,0.07,34.5
1790611018,rot-ai-work-db-1,0.45,49.4
1790611018,rot-ai-graph-1,0.80,711.8
1790611018,rot-edgex-app-mqtt-export,0.12,28.3
1790611018,rot-edgex-device-modbus,0.50,22.7
1790611018,rot-edgex-core-command,0.00,14.6
1790611018,rot-edgex-ui,0.00,6.6
1790611018,rot-edgex-core-data,0.34,22.1
1790611018,rot-edgex-core-metadata,0.00,17.0
1790611018,rot-edgex-common-config,0.00,0.9
1790611018,rot-edgex-core-keeper,0.03,23.4
1790611018,rot-flink-taskmanager,6.01,1486.8
1790611018,rot-telegraf-sink,1.06,110.6
1790611018,rot-alert-republisher,0.24,86.5
1790611018,rot-kafka-exporter,0.03,16.4
1790611018,rot-telegraf-bridge,0.21,119.5
1790611018,rot-fuxa,0.18,89.7
1790611018,rot-grafana,0.26,114.1
1790611018,rot-edgex-postgres,0.27,59.1
1790611018,rot-edgex-mqtt-broker,0.04,1.8
1790611018,rot-flink-jobmanager,1.39,600.5
1790611018,rot-kafka,5.71,480.3
1790611018,rot-influxdb,0.29,113.5
1790611018,rot-prometheus,0.50,115.7
1790611018,rot-emqx,2.64,212.3
1790611018,rot-alertmanager,0.08,26.3
1790611018,rot-plant-simulator,0.68,40.2
1790611018,rot-cadvisor,0.08,50.7
1790611021,rot-ai-web-1,0.00,12.9
1790611021,rot-ai-knowledge-1,0.15,158.0
1790611021,rot-ai-alarm-worker-1,0.08,34.7
1790611021,rot-ai-work-db-1,5.03,50.5
1790611021,rot-ai-graph-1,0.79,712.1
1790611021,rot-edgex-app-mqtt-export,0.22,28.4
1790611021,rot-edgex-device-modbus,0.34,22.7
1790611021,rot-edgex-core-command,0.02,14.8
1790611021,rot-edgex-ui,0.00,6.6
1790611021,rot-edgex-core-data,0.69,22.6
1790611021,rot-edgex-core-metadata,0.05,17.0
1790611021,rot-edgex-common-config,0.00,0.9
1790611021,rot-edgex-core-keeper,0.11,23.7
1790611021,rot-flink-taskmanager,7.44,1486.8
1790611021,rot-telegraf-sink,0.89,111.0
1790611021,rot-alert-republisher,0.18,86.7
1790611021,rot-kafka-exporter,0.05,16.4
1790611021,rot-telegraf-bridge,0.31,119.6
1790611021,rot-fuxa,0.22,89.7
1790611021,rot-grafana,0.09,114.1
1790611021,rot-edgex-postgres,0.17,58.6
1790611021,rot-edgex-mqtt-broker,0.05,1.8
1790611021,rot-flink-jobmanager,12.28,606.4
1790611021,rot-kafka,4.40,479.7
1790611021,rot-influxdb,0.04,113.0
1790611021,rot-prometheus,0.26,120.6
1790611021,rot-emqx,2.18,211.6
1790611021,rot-alertmanager,0.08,26.3
1790611021,rot-plant-simulator,0.41,39.8
1790611021,rot-cadvisor,1.77,51.3
1790611025,rot-ai-web-1,0.00,12.9
1790611025,rot-ai-knowledge-1,1.19,158.3
1790611025,rot-ai-alarm-worker-1,0.11,34.9
1790611025,rot-ai-work-db-1,1.19,49.2
1790611025,rot-ai-graph-1,201.52,849.9
1790611025,rot-edgex-app-mqtt-export,0.28,28.4
1790611025,rot-edgex-device-modbus,0.66,22.4
1790611025,rot-edgex-core-command,0.03,14.6
1790611025,rot-edgex-ui,0.00,6.6
1790611025,rot-edgex-core-data,0.43,21.9
1790611025,rot-edgex-core-metadata,0.00,17.0
1790611025,rot-edgex-common-config,0.00,0.9
1790611025,rot-edgex-core-keeper,0.00,23.4
1790611025,rot-flink-taskmanager,19.12,1483.8
1790611025,rot-telegraf-sink,1.63,110.5
1790611025,rot-alert-republisher,0.32,86.5
1790611025,rot-kafka-exporter,0.07,16.4
1790611025,rot-telegraf-bridge,0.89,122.6
1790611025,rot-fuxa,0.34,89.3
1790611025,rot-grafana,0.08,114.1
1790611025,rot-edgex-postgres,6.53,58.1
1790611025,rot-edgex-mqtt-broker,0.08,1.8
1790611025,rot-flink-jobmanager,2.91,607.6
1790611025,rot-kafka,56.74,481.9
1790611025,rot-influxdb,0.75,113.3
1790611025,rot-prometheus,0.11,120.5
1790611025,rot-emqx,18.34,211.8
1790611025,rot-alertmanager,0.26,26.3
1790611025,rot-plant-simulator,7.91,42.8
1790611025,rot-cadvisor,2.06,52.6
1790611028,rot-ai-web-1,4.14,13.5
1790611028,rot-ai-knowledge-1,8.58,158.4
1790611028,rot-ai-alarm-worker-1,0.08,34.4
1790611028,rot-ai-work-db-1,0.52,49.3
1790611028,rot-ai-graph-1,6.59,713.9
1790611028,rot-edgex-app-mqtt-export,0.47,28.3
1790611028,rot-edgex-device-modbus,0.61,22.9
1790611028,rot-edgex-core-command,0.00,14.6
1790611028,rot-edgex-ui,0.00,6.6
1790611028,rot-edgex-core-data,0.27,21.9
1790611028,rot-edgex-core-metadata,0.00,16.9
1790611028,rot-edgex-common-config,0.00,0.9
1790611028,rot-edgex-core-keeper,0.35,23.7
1790611028,rot-flink-taskmanager,13.30,1490.9
1790611028,rot-telegraf-sink,1.23,110.9
1790611028,rot-alert-republisher,0.21,86.6
1790611028,rot-kafka-exporter,0.25,18.6
1790611028,rot-telegraf-bridge,0.54,122.7
1790611028,rot-fuxa,0.21,89.7
1790611028,rot-grafana,0.28,114.0
1790611028,rot-edgex-postgres,1.48,58.8
1790611028,rot-edgex-mqtt-broker,0.09,1.8
1790611028,rot-flink-jobmanager,2.18,610.2
1790611028,rot-kafka,13.60,479.8
1790611028,rot-influxdb,4.04,113.4
1790611028,rot-prometheus,0.66,121.1
1790611028,rot-emqx,2.18,212.0
1790611028,rot-alertmanager,0.11,26.2
1790611028,rot-plant-simulator,0.72,39.9
1790611028,rot-cadvisor,0.34,52.1
1790611031,rot-ai-web-1,0.00,13.0
1790611031,rot-ai-knowledge-1,0.18,158.2
1790611031,rot-ai-alarm-worker-1,0.08,34.4
1790611031,rot-ai-work-db-1,0.00,49.2
1790611031,rot-ai-graph-1,0.77,713.9
1790611031,rot-edgex-app-mqtt-export,0.11,28.9
1790611031,rot-edgex-device-modbus,0.19,22.4
1790611031,rot-edgex-core-command,0.00,14.6
1790611031,rot-edgex-ui,0.00,6.6
1790611031,rot-edgex-core-data,0.16,22.4
1790611031,rot-edgex-core-metadata,0.06,17.2
1790611031,rot-edgex-common-config,0.00,0.9
1790611031,rot-edgex-core-keeper,0.10,24.0
1790611031,rot-flink-taskmanager,12.96,1493.0
1790611031,rot-telegraf-sink,0.80,115.8
1790611031,rot-alert-republisher,0.16,86.1
1790611031,rot-kafka-exporter,0.04,18.6
1790611031,rot-telegraf-bridge,0.21,122.5
1790611031,rot-fuxa,0.21,89.7
1790611031,rot-grafana,0.04,114.0
1790611031,rot-edgex-postgres,0.08,59.0
1790611031,rot-edgex-mqtt-broker,0.04,2.3
1790611031,rot-flink-jobmanager,2.66,613.5
1790611031,rot-kafka,6.31,482.0
1790611031,rot-influxdb,0.06,113.0
1790611031,rot-prometheus,0.21,120.9
1790611031,rot-emqx,2.71,211.7
1790611031,rot-alertmanager,1.34,29.8
1790611031,rot-plant-simulator,0.38,39.6
1790611031,rot-cadvisor,1.86,52.7
1790611034,rot-ai-web-1,0.00,13.0
1790611034,rot-ai-knowledge-1,0.56,158.3
1790611034,rot-ai-alarm-worker-1,0.06,34.6
1790611034,rot-ai-work-db-1,0.88,49.7
1790611034,rot-ai-graph-1,1.16,713.9
1790611034,rot-edgex-app-mqtt-export,0.25,28.7
1790611034,rot-edgex-device-modbus,0.44,22.4
1790611034,rot-edgex-core-command,0.02,14.6
1790611034,rot-edgex-ui,0.00,6.6
1790611034,rot-edgex-core-data,0.20,22.0
1790611034,rot-edgex-core-metadata,0.00,16.9
1790611034,rot-edgex-common-config,0.00,0.9
1790611034,rot-edgex-core-keeper,0.00,23.5
1790611034,rot-flink-taskmanager,4.86,1502.2
1790611034,rot-telegraf-sink,1.00,115.1
1790611034,rot-alert-republisher,0.26,86.4
1790611034,rot-kafka-exporter,0.14,18.6
1790611034,rot-telegraf-bridge,0.26,129.2
1790611034,rot-fuxa,0.35,90.1
1790611034,rot-grafana,0.05,114.0
1790611034,rot-edgex-postgres,2.43,59.6
1790611034,rot-edgex-mqtt-broker,0.05,1.8
1790611034,rot-flink-jobmanager,0.97,614.3
1790611034,rot-kafka,4.18,482.7
1790611034,rot-influxdb,0.39,113.0
1790611034,rot-prometheus,0.00,120.7
1790611034,rot-emqx,97.10,214.6
1790611034,rot-alertmanager,0.10,29.7
1790611034,rot-plant-simulator,0.57,40.1
1790611034,rot-cadvisor,0.27,52.0
1790611038,rot-ai-web-1,1.63,13.5
1790611038,rot-ai-knowledge-1,2.43,158.5
1790611038,rot-ai-alarm-worker-1,0.10,34.4
1790611038,rot-ai-work-db-1,0.35,52.0
1790611038,rot-ai-graph-1,128.60,837.2
1790611038,rot-edgex-app-mqtt-export,0.51,28.7
1790611038,rot-edgex-device-modbus,0.35,22.4
1790611038,rot-edgex-core-command,0.00,14.6
1790611038,rot-edgex-ui,0.00,6.6
1790611038,rot-edgex-core-data,0.20,22.0
1790611038,rot-edgex-core-metadata,0.00,16.9
1790611038,rot-edgex-common-config,0.01,0.9
1790611038,rot-edgex-core-keeper,0.37,23.5
1790611038,rot-flink-taskmanager,21.08,1499.1
1790611038,rot-telegraf-sink,1.29,115.4
1790611038,rot-alert-republisher,0.25,86.1
1790611038,rot-kafka-exporter,0.06,19.5
1790611038,rot-telegraf-bridge,0.30,129.5
1790611038,rot-fuxa,0.12,89.2
1790611038,rot-grafana,0.19,114.0
1790611038,rot-edgex-postgres,0.25,58.7
1790611038,rot-edgex-mqtt-broker,0.06,1.8
1790611038,rot-flink-jobmanager,1.39,600.0
1790611038,rot-kafka,37.99,483.8
1790611038,rot-influxdb,0.15,115.7
1790611038,rot-prometheus,0.11,120.6
1790611038,rot-emqx,3.22,212.1
1790611038,rot-alertmanager,0.08,29.7
1790611038,rot-plant-simulator,0.36,39.7
1790611038,rot-cadvisor,0.43,52.2
1790611041,rot-ai-web-1,0.00,13.0
1790611041,rot-ai-knowledge-1,1.55,158.5
1790611041,rot-ai-alarm-worker-1,0.10,34.4
1790611041,rot-ai-work-db-1,1.37,51.9
1790611041,rot-ai-graph-1,1.04,713.8
1790611041,rot-edgex-app-mqtt-export,0.28,30.9
1790611041,rot-edgex-device-modbus,0.37,22.8
1790611041,rot-edgex-core-command,0.00,14.5
1790611041,rot-edgex-ui,0.00,6.6
1790611041,rot-edgex-core-data,0.18,22.0
1790611041,rot-edgex-core-metadata,0.06,17.1
1790611041,rot-edgex-common-config,0.00,0.9
1790611041,rot-edgex-core-keeper,0.10,23.8
1790611041,rot-flink-taskmanager,6.78,1499.1
1790611041,rot-telegraf-sink,1.23,115.3
1790611041,rot-alert-republisher,0.30,86.1
1790611041,rot-kafka-exporter,0.07,19.2
1790611041,rot-telegraf-bridge,0.31,129.2
1790611041,rot-fuxa,0.21,89.5
1790611041,rot-grafana,0.11,114.0
1790611041,rot-edgex-postgres,0.10,58.4
1790611041,rot-edgex-mqtt-broker,0.06,2.0
1790611041,rot-flink-jobmanager,1.91,600.0
1790611041,rot-kafka,7.70,479.4
1790611041,rot-influxdb,0.33,115.6
1790611041,rot-prometheus,0.27,121.0
1790611041,rot-emqx,1.89,211.9
1790611041,rot-alertmanager,0.13,29.6
1790611041,rot-plant-simulator,0.49,40.3
1790611041,rot-cadvisor,1.20,53.4
1790611044,rot-ai-web-1,0.00,13.0
1790611044,rot-ai-knowledge-1,0.56,158.7
1790611044,rot-ai-alarm-worker-1,0.41,41.0
1790611044,rot-ai-work-db-1,0.69,52.0
1790611044,rot-ai-graph-1,0.71,713.8
1790611044,rot-edgex-app-mqtt-export,0.09,31.2
1790611044,rot-edgex-device-modbus,0.27,22.9
1790611044,rot-edgex-core-command,0.03,14.5
1790611044,rot-edgex-ui,0.00,6.6
1790611044,rot-edgex-core-data,0.12,22.0
1790611044,rot-edgex-core-metadata,0.00,16.9
1790611044,rot-edgex-common-config,0.00,0.9
1790611044,rot-edgex-core-keeper,0.00,23.5
1790611044,rot-flink-taskmanager,3.93,1498.1
1790611044,rot-telegraf-sink,1.08,115.9
1790611044,rot-alert-republisher,0.22,85.7
1790611044,rot-kafka-exporter,0.05,19.2
1790611044,rot-telegraf-bridge,0.22,129.2
1790611044,rot-fuxa,0.25,89.5
1790611044,rot-grafana,0.05,114.0
1790611044,rot-edgex-postgres,2.01,59.5
1790611044,rot-edgex-mqtt-broker,0.05,2.3
1790611044,rot-flink-jobmanager,0.75,602.4
1790611044,rot-kafka,5.13,485.1
1790611044,rot-influxdb,0.28,115.6
1790611044,rot-prometheus,0.01,120.7
1790611044,rot-emqx,17.83,220.6
1790611044,rot-alertmanager,0.10,29.6
1790611044,rot-plant-simulator,0.36,40.1
1790611044,rot-cadvisor,0.21,52.8
1790611048,rot-ai-web-1,2.22,13.7
1790611048,rot-ai-knowledge-1,3.56,158.5
1790611048,rot-ai-alarm-worker-1,0.07,40.8
1790611048,rot-ai-work-db-1,0.54,52.3
1790611048,rot-ai-graph-1,0.82,713.8
1790611048,rot-edgex-app-mqtt-export,0.47,31.2
1790611048,rot-edgex-device-modbus,0.44,22.6
1790611048,rot-edgex-core-command,0.00,14.5
1790611048,rot-edgex-ui,0.00,6.6
1790611048,rot-edgex-core-data,0.19,22.0
1790611048,rot-edgex-core-metadata,0.00,16.9
1790611048,rot-edgex-common-config,0.01,0.9
1790611048,rot-edgex-core-keeper,0.63,24.0
1790611048,rot-flink-taskmanager,5.26,1503.2
1790611048,rot-telegraf-sink,1.29,115.1
1790611048,rot-alert-republisher,0.42,86.2
1790611048,rot-kafka-exporter,0.08,18.9
1790611048,rot-telegraf-bridge,0.39,129.0
1790611048,rot-fuxa,0.24,89.9
1790611048,rot-grafana,0.13,114.0
1790611048,rot-edgex-postgres,0.29,59.0
1790611048,rot-edgex-mqtt-broker,0.05,1.8
1790611048,rot-flink-jobmanager,3.35,607.6
1790611048,rot-kafka,4.88,480.6
1790611048,rot-influxdb,0.19,115.6
1790611048,rot-prometheus,0.16,121.0
1790611048,rot-emqx,1.38,211.8
1790611048,rot-alertmanager,0.13,29.6
1790611048,rot-plant-simulator,0.54,39.9
1790611048,rot-cadvisor,0.00,52.5
1790611051,rot-ai-web-1,0.00,13.0
1790611051,rot-ai-knowledge-1,0.21,157.9
1790611051,rot-ai-alarm-worker-1,0.08,40.0
1790611051,rot-ai-work-db-1,0.11,51.9
1790611051,rot-ai-graph-1,101.83,819.1
1790611051,rot-edgex-app-mqtt-export,0.20,31.2
1790611051,rot-edgex-device-modbus,0.49,22.1
1790611051,rot-edgex-core-command,0.05,14.8
1790611051,rot-edgex-ui,0.00,6.6
1790611051,rot-edgex-core-data,0.34,22.1
1790611051,rot-edgex-core-metadata,0.06,16.7
1790611051,rot-edgex-common-config,0.00,0.9
1790611051,rot-edgex-core-keeper,0.15,23.7
1790611051,rot-flink-taskmanager,12.05,1503.2
1790611051,rot-telegraf-sink,1.24,114.3
1790611051,rot-alert-republisher,0.86,93.1
1790611051,rot-kafka-exporter,0.05,18.7
1790611051,rot-telegraf-bridge,0.32,128.5
1790611051,rot-fuxa,0.47,88.3
1790611051,rot-grafana,0.09,113.4
1790611051,rot-edgex-postgres,0.11,58.8
1790611051,rot-edgex-mqtt-broker,0.09,2.0
1790611051,rot-flink-jobmanager,7.41,608.2
1790611051,rot-kafka,202.28,544.3
1790611051,rot-influxdb,0.06,114.6
1790611051,rot-prometheus,0.49,119.6
1790611051,rot-emqx,1.93,211.1
1790611051,rot-alertmanager,0.11,29.3
1790611051,rot-plant-simulator,0.55,39.7
1790611051,rot-cadvisor,3.62,53.7
1790611055,rot-ai-web-1,0.00,13.0
1790611055,rot-ai-knowledge-1,0.81,158.1
1790611055,rot-ai-alarm-worker-1,0.07,40.2
1790611055,rot-ai-work-db-1,1.05,52.6
1790611055,rot-ai-graph-1,1.67,712.4
1790611055,rot-edgex-app-mqtt-export,0.19,30.9
1790611055,rot-edgex-device-modbus,0.63,22.2
1790611055,rot-edgex-core-command,0.00,14.5
1790611055,rot-edgex-ui,0.00,6.7
1790611055,rot-edgex-core-data,0.16,22.2
1790611055,rot-edgex-core-metadata,0.00,16.8
1790611055,rot-edgex-common-config,0.00,0.9
1790611055,rot-edgex-core-keeper,0.09,24.3
1790611055,rot-flink-taskmanager,8.78,1486.8
1790611055,rot-telegraf-sink,1.48,114.7
1790611055,rot-alert-republisher,0.31,93.1
1790611055,rot-kafka-exporter,0.05,19.2
1790611055,rot-telegraf-bridge,0.38,128.3
1790611055,rot-fuxa,0.46,89.9
1790611055,rot-grafana,0.10,113.4
1790611055,rot-edgex-postgres,3.07,59.9
1790611055,rot-edgex-mqtt-broker,0.05,2.0
1790611055,rot-flink-jobmanager,1.12,607.8
1790611055,rot-kafka,10.45,494.5
1790611055,rot-influxdb,0.46,115.7
1790611055,rot-prometheus,0.00,120.6
1790611055,rot-emqx,1.89,211.1
1790611055,rot-alertmanager,0.95,30.8
1790611055,rot-plant-simulator,0.56,40.0
1790611055,rot-cadvisor,7.31,55.8
1790611058,rot-ai-web-1,2.11,13.1
1790611058,rot-ai-knowledge-1,2.71,157.9
1790611058,rot-ai-alarm-worker-1,0.07,40.2
1790611058,rot-ai-work-db-1,0.01,52.0
1790611058,rot-ai-graph-1,0.68,712.4
1790611058,rot-edgex-app-mqtt-export,1.43,30.9
1790611058,rot-edgex-device-modbus,0.27,22.5
1790611058,rot-edgex-core-command,0.00,14.5
1790611058,rot-edgex-ui,0.00,6.7
1790611058,rot-edgex-core-data,0.11,21.9
1790611058,rot-edgex-core-metadata,0.00,16.8
1790611058,rot-edgex-common-config,0.00,0.9
1790611058,rot-edgex-core-keeper,0.02,24.4
1790611058,rot-flink-taskmanager,13.40,1499.1
1790611058,rot-telegraf-sink,1.23,114.5
1790611058,rot-alert-republisher,0.16,93.1
1790611058,rot-kafka-exporter,0.04,19.5
1790611058,rot-telegraf-bridge,0.35,129.1
1790611058,rot-fuxa,0.11,89.4
1790611058,rot-grafana,0.20,113.4
1790611058,rot-edgex-postgres,0.08,59.3
1790611058,rot-edgex-mqtt-broker,0.05,2.0
1790611058,rot-flink-jobmanager,0.69,612.3
1790611058,rot-kafka,10.71,487.1
1790611058,rot-influxdb,0.25,115.7
1790611058,rot-prometheus,0.46,125.0
1790611058,rot-emqx,1.63,212.3
1790611058,rot-alertmanager,0.08,30.8
1790611058,rot-plant-simulator,0.36,39.9
1790611058,rot-cadvisor,0.33,54.2
1790611061,rot-ai-web-1,0.00,13.0
1790611061,rot-ai-knowledge-1,0.17,157.9
1790611061,rot-ai-alarm-worker-1,0.08,40.7
1790611061,rot-ai-work-db-1,0.01,52.0
1790611061,rot-ai-graph-1,0.83,712.4
1790611061,rot-edgex-app-mqtt-export,0.20,30.9
1790611061,rot-edgex-device-modbus,0.29,23.0
1790611061,rot-edgex-core-command,0.07,14.7
1790611061,rot-edgex-ui,0.00,6.7
1790611061,rot-edgex-core-data,0.23,22.2
1790611061,rot-edgex-core-metadata,0.03,16.8
1790611061,rot-edgex-common-config,0.00,0.9
1790611061,rot-edgex-core-keeper,0.10,24.8
1790611061,rot-flink-taskmanager,9.66,1498.1
1790611061,rot-telegraf-sink,1.13,114.6
1790611061,rot-alert-republisher,0.27,93.5
1790611061,rot-kafka-exporter,0.04,19.5
1790611061,rot-telegraf-bridge,0.30,128.6
1790611061,rot-fuxa,0.20,89.8
1790611061,rot-grafana,0.06,113.4
1790611061,rot-edgex-postgres,0.07,59.1
1790611061,rot-edgex-mqtt-broker,0.07,2.0
1790611061,rot-flink-jobmanager,3.65,617.2
1790611061,rot-kafka,5.95,481.1
1790611061,rot-influxdb,0.07,115.5
1790611061,rot-prometheus,0.38,124.8
1790611061,rot-emqx,2.20,211.3
1790611061,rot-alertmanager,0.09,30.8
1790611061,rot-plant-simulator,0.42,39.9
1790611061,rot-cadvisor,1.07,54.0
1790611065,rot-ai-web-1,0.00,13.0
1790611065,rot-ai-knowledge-1,0.21,157.1
1790611065,rot-ai-alarm-worker-1,0.14,39.9
1790611065,rot-ai-work-db-1,0.03,51.4
1790611065,rot-ai-graph-1,27.02,707.9
1790611065,rot-edgex-app-mqtt-export,0.15,30.3
1790611065,rot-edgex-device-modbus,0.31,22.3
1790611065,rot-edgex-core-command,0.00,14.3
1790611065,rot-edgex-ui,0.00,6.7
1790611065,rot-edgex-core-data,0.17,22.2
1790611065,rot-edgex-core-metadata,0.00,16.6
1790611065,rot-edgex-common-config,0.01,0.9
1790611065,rot-edgex-core-keeper,0.06,24.3
1790611065,rot-flink-taskmanager,20.01,1486.8
1790611065,rot-telegraf-sink,1.18,113.1
1790611065,rot-alert-republisher,0.31,91.8
1790611065,rot-kafka-exporter,0.17,19.3
1790611065,rot-telegraf-bridge,0.33,126.8
1790611065,rot-fuxa,0.28,88.7
1790611065,rot-grafana,0.14,111.8
1790611065,rot-edgex-postgres,4.26,58.6
1790611065,rot-edgex-mqtt-broker,0.06,1.8
1790611065,rot-flink-jobmanager,6.76,614.9
1790611065,rot-kafka,6.29,478.6
1790611065,rot-influxdb,0.39,114.3
1790611065,rot-prometheus,0.22,123.5
1790611065,rot-emqx,2.43,210.0
1790611065,rot-alertmanager,0.12,30.4
1790611065,rot-plant-simulator,8.28,40.4
1790611065,rot-cadvisor,0.16,53.5
1790611069,rot-ai-web-1,0.00,13.0
1790611069,rot-ai-knowledge-1,0.50,157.6
1790611069,rot-ai-alarm-worker-1,0.06,40.1
1790611069,rot-ai-work-db-1,0.42,51.5
1790611069,rot-ai-graph-1,0.71,707.8
1790611069,rot-edgex-app-mqtt-export,0.14,30.3
1790611069,rot-edgex-device-modbus,0.37,22.3
1790611069,rot-edgex-core-command,0.02,14.4
1790611069,rot-edgex-ui,0.00,6.7
1790611069,rot-edgex-core-data,0.16,23.6
1790611069,rot-edgex-core-metadata,0.01,16.7
1790611069,rot-edgex-common-config,0.00,0.9
1790611069,rot-edgex-core-keeper,0.00,24.1
1790611069,rot-flink-taskmanager,4.75,1493.0
1790611069,rot-telegraf-sink,1.11,113.1
1790611069,rot-alert-republisher,0.15,91.8
1790611069,rot-kafka-exporter,0.04,19.9
1790611069,rot-telegraf-bridge,0.31,132.1
1790611069,rot-fuxa,0.40,88.9
1790611069,rot-grafana,1.61,111.9
1790611069,rot-edgex-postgres,0.60,58.9
1790611069,rot-edgex-mqtt-broker,0.06,2.0
1790611069,rot-flink-jobmanager,3.75,615.4
1790611069,rot-kafka,4.03,497.6
1790611069,rot-influxdb,0.36,114.1
1790611069,rot-prometheus,0.70,123.3
1790611069,rot-emqx,2.46,210.4
1790611069,rot-alertmanager,0.07,30.4
1790611069,rot-plant-simulator,0.50,39.8
1790611069,rot-cadvisor,0.14,53.5
1790611072,rot-ai-web-1,0.00,13.0
1790611072,rot-ai-knowledge-1,0.49,157.9
1790611072,rot-ai-alarm-worker-1,0.08,40.4
1790611072,rot-ai-work-db-1,0.00,51.4
1790611072,rot-ai-graph-1,0.68,707.8
1790611072,rot-edgex-app-mqtt-export,0.29,30.5
1790611072,rot-edgex-device-modbus,0.36,22.0
1790611072,rot-edgex-core-command,0.00,14.4
1790611072,rot-edgex-ui,0.00,6.7
1790611072,rot-edgex-core-data,0.13,23.8
1790611072,rot-edgex-core-metadata,0.00,16.7
1790611072,rot-edgex-common-config,0.00,0.9
1790611072,rot-edgex-core-keeper,0.07,24.3
1790611072,rot-flink-taskmanager,5.28,1493.0
1790611072,rot-telegraf-sink,1.31,113.1
1790611072,rot-alert-republisher,1.41,90.2
1790611072,rot-kafka-exporter,0.03,19.9
1790611072,rot-telegraf-bridge,0.35,132.6
1790611072,rot-fuxa,0.20,88.9
1790611072,rot-grafana,0.03,115.7
1790611072,rot-edgex-postgres,0.13,59.1
1790611072,rot-edgex-mqtt-broker,0.05,1.8
1790611072,rot-flink-jobmanager,1.19,617.1
1790611072,rot-kafka,4.65,478.8
1790611072,rot-influxdb,2.38,114.9
1790611072,rot-prometheus,0.00,123.3
1790611072,rot-emqx,1.58,210.3
1790611072,rot-alertmanager,0.10,30.4
1790611072,rot-plant-simulator,0.36,39.6
1790611072,rot-cadvisor,0.31,54.1
1790611076,rot-ai-web-1,0.00,13.0
1790611076,rot-ai-knowledge-1,0.71,157.4
1790611076,rot-ai-alarm-worker-1,0.10,39.8
1790611076,rot-ai-work-db-1,0.00,51.3
1790611076,rot-ai-graph-1,220.64,869.0
1790611076,rot-edgex-app-mqtt-export,1.32,30.7
1790611076,rot-edgex-device-modbus,0.94,22.2
1790611076,rot-edgex-core-command,0.00,14.4
1790611076,rot-edgex-ui,0.00,6.7
1790611076,rot-edgex-core-data,0.60,23.8
1790611076,rot-edgex-core-metadata,0.11,16.7
1790611076,rot-edgex-common-config,0.00,0.9
1790611076,rot-edgex-core-keeper,0.56,24.5
1790611076,rot-flink-taskmanager,32.38,1487.9
1790611076,rot-telegraf-sink,1.96,113.2
1790611076,rot-alert-republisher,0.26,90.2
1790611076,rot-kafka-exporter,0.09,19.8
1790611076,rot-telegraf-bridge,0.59,131.5
1790611076,rot-fuxa,0.25,89.2
1790611076,rot-grafana,0.10,115.3
1790611076,rot-edgex-postgres,0.47,59.7
1790611076,rot-edgex-mqtt-broker,0.14,2.3
1790611076,rot-flink-jobmanager,8.91,619.5
1790611076,rot-kafka,187.58,530.8
1790611076,rot-influxdb,0.87,114.8
1790611076,rot-prometheus,0.41,123.8
1790611076,rot-emqx,1.71,210.6
1790611076,rot-alertmanager,0.17,30.3
1790611076,rot-plant-simulator,15.69,40.5
1790611076,rot-cadvisor,0.42,54.3
1790611079,rot-ai-web-1,0.00,13.0
1790611079,rot-ai-knowledge-1,0.16,156.3
1790611079,rot-ai-alarm-worker-1,0.09,40.1
1790611079,rot-ai-work-db-1,0.01,51.8
1790611079,rot-ai-graph-1,0.65,703.0
1790611079,rot-edgex-app-mqtt-export,0.11,29.8
1790611079,rot-edgex-device-modbus,0.31,22.1
1790611079,rot-edgex-core-command,0.01,14.5
1790611079,rot-edgex-ui,0.00,6.8
1790611079,rot-edgex-core-data,0.12,23.8
1790611079,rot-edgex-core-metadata,0.00,16.5
1790611079,rot-edgex-common-config,0.00,0.9
1790611079,rot-edgex-core-keeper,0.00,23.7
1790611079,rot-flink-taskmanager,5.51,1490.9
1790611079,rot-telegraf-sink,0.77,111.0
1790611079,rot-alert-republisher,0.18,88.3
1790611079,rot-kafka-exporter,0.04,19.8
1790611079,rot-telegraf-bridge,0.27,130.0
1790611079,rot-fuxa,0.24,87.5
1790611079,rot-grafana,0.04,113.7
1790611079,rot-edgex-postgres,0.07,58.1
1790611079,rot-edgex-mqtt-broker,0.04,2.3
1790611079,rot-flink-jobmanager,0.96,618.0
1790611079,rot-kafka,4.66,479.7
1790611079,rot-influxdb,0.03,113.0
1790611079,rot-prometheus,0.04,123.3
1790611079,rot-emqx,4.34,209.3
1790611079,rot-alertmanager,0.08,29.9
1790611079,rot-plant-simulator,0.35,39.4
1790611079,rot-cadvisor,0.34,54.3
1790611083,rot-ai-web-1,0.00,13.0
1790611083,rot-ai-knowledge-1,0.15,156.3
1790611083,rot-ai-alarm-worker-1,0.11,39.9
1790611083,rot-ai-work-db-1,2.38,52.0
1790611083,rot-ai-graph-1,0.81,703.0
1790611083,rot-edgex-app-mqtt-export,0.09,29.8
1790611083,rot-edgex-device-modbus,0.29,21.9
1790611083,rot-edgex-core-command,0.00,14.2
1790611083,rot-edgex-ui,0.00,6.8
1790611083,rot-edgex-core-data,0.11,25.4
1790611083,rot-edgex-core-metadata,0.03,16.5
1790611083,rot-edgex-common-config,0.00,0.9
1790611083,rot-edgex-core-keeper,0.02,23.7
1790611083,rot-flink-taskmanager,5.93,1496.1
1790611083,rot-telegraf-sink,3.98,112.2
1790611083,rot-alert-republisher,0.20,88.3
1790611083,rot-kafka-exporter,0.03,19.8
1790611083,rot-telegraf-bridge,0.45,130.0
1790611083,rot-fuxa,0.96,88.4
1790611083,rot-grafana,0.06,113.7
1790611083,rot-edgex-postgres,0.08,58.8
1790611083,rot-edgex-mqtt-broker,0.05,2.3
1790611083,rot-flink-jobmanager,1.41,620.5
1790611083,rot-kafka,6.69,479.1
1790611083,rot-influxdb,0.03,113.5
1790611083,rot-prometheus,0.25,123.8
1790611083,rot-emqx,4.38,209.3
1790611083,rot-alertmanager,0.08,29.9
1790611083,rot-plant-simulator,0.34,39.6
1790611083,rot-cadvisor,0.31,54.4
1790611087,rot-ai-web-1,0.00,13.0
1790611087,rot-ai-knowledge-1,0.63,156.5
1790611087,rot-ai-alarm-worker-1,0.07,39.9
1790611087,rot-ai-work-db-1,0.53,52.0
1790611087,rot-ai-graph-1,0.83,703.0
1790611087,rot-edgex-app-mqtt-export,0.34,31.2
1790611087,rot-edgex-device-modbus,0.56,22.3
1790611087,rot-edgex-core-command,0.09,14.2
1790611087,rot-edgex-ui,0.00,6.8
1790611087,rot-edgex-core-data,0.19,25.2
1790611087,rot-edgex-core-metadata,0.00,16.5
1790611087,rot-edgex-common-config,0.00,0.9
1790611087,rot-edgex-core-keeper,0.94,25.0
1790611087,rot-flink-taskmanager,10.62,1496.1
1790611087,rot-telegraf-sink,1.02,112.1
1790611087,rot-alert-republisher,0.30,88.8
1790611087,rot-kafka-exporter,4.51,20.9
1790611087,rot-telegraf-bridge,0.35,129.8
1790611087,rot-fuxa,0.35,88.7
1790611087,rot-grafana,0.07,113.7
1790611087,rot-edgex-postgres,0.22,59.5
1790611087,rot-edgex-mqtt-broker,0.05,1.8
1790611087,rot-flink-jobmanager,0.81,623.6
1790611087,rot-kafka,11.07,480.8
1790611087,rot-influxdb,0.46,113.2
1790611087,rot-prometheus,1.06,123.6
1790611087,rot-emqx,2.23,209.1
1790611087,rot-alertmanager,0.10,29.9
1790611087,rot-plant-simulator,0.44,40.3
1790611087,rot-cadvisor,0.26,54.5
1790611090,rot-ai-web-1,0.00,13.0
1790611090,rot-ai-knowledge-1,1.23,154.3
1790611090,rot-ai-alarm-worker-1,0.11,39.4
1790611090,rot-ai-work-db-1,1.21,50.5
1790611090,rot-ai-graph-1,140.03,696.1
1790611090,rot-edgex-app-mqtt-export,0.68,29.4
1790611090,rot-edgex-device-modbus,0.32,21.3
1790611090,rot-edgex-core-command,0.04,14.1
1790611090,rot-edgex-ui,0.00,6.8
1790611090,rot-edgex-core-data,0.69,25.2
1790611090,rot-edgex-core-metadata,0.07,16.4
1790611090,rot-edgex-common-config,0.00,0.9
1790611090,rot-edgex-core-keeper,0.10,23.1
1790611090,rot-flink-taskmanager,8.53,1495.0
1790611090,rot-telegraf-sink,1.59,108.5
1790611090,rot-alert-republisher,0.22,85.1
1790611090,rot-kafka-exporter,0.05,19.4
1790611090,rot-telegraf-bridge,0.63,126.5
1790611090,rot-fuxa,0.20,85.7
1790611090,rot-grafana,0.06,110.0
1790611090,rot-edgex-postgres,1.17,57.5
1790611090,rot-edgex-mqtt-broker,0.07,1.8
1790611090,rot-flink-jobmanager,4.19,624.8
1790611090,rot-kafka,29.77,471.0
1790611090,rot-influxdb,0.04,110.3
1790611090,rot-prometheus,0.27,121.5
1790611090,rot-emqx,49.72,206.5
1790611090,rot-alertmanager,0.13,29.1
1790611090,rot-plant-simulator,0.38,39.1
1790611090,rot-cadvisor,2.76,54.4
1790611095,rot-ai-web-1,0.00,12.9
1790611095,rot-ai-knowledge-1,0.16,154.4
1790611095,rot-ai-alarm-worker-1,0.09,39.9
1790611095,rot-ai-work-db-1,0.43,51.8
1790611095,rot-ai-graph-1,13.53,695.0
1790611095,rot-edgex-app-mqtt-export,0.09,29.0
1790611095,rot-edgex-device-modbus,0.26,21.4
1790611095,rot-edgex-core-command,0.03,13.9
1790611095,rot-edgex-ui,0.00,6.8
1790611095,rot-edgex-core-data,0.13,24.5
1790611095,rot-edgex-core-metadata,0.00,16.2
1790611095,rot-edgex-common-config,0.00,0.9
1790611095,rot-edgex-core-keeper,0.00,23.1
1790611095,rot-flink-taskmanager,11.55,1497.1
1790611095,rot-telegraf-sink,0.87,109.0
1790611095,rot-alert-republisher,0.25,85.1
1790611095,rot-kafka-exporter,0.07,19.4
1790611095,rot-telegraf-bridge,0.38,125.8
1790611095,rot-fuxa,0.16,85.9
1790611095,rot-grafana,0.07,110.0
1790611095,rot-edgex-postgres,0.05,58.0
1790611095,rot-edgex-mqtt-broker,0.05,2.0
1790611095,rot-flink-jobmanager,0.86,625.5
1790611095,rot-kafka,4.10,474.4
1790611095,rot-influxdb,0.28,111.1
1790611095,rot-prometheus,0.08,121.3
1790611095,rot-emqx,2.31,206.0
1790611095,rot-alertmanager,0.08,29.1
1790611095,rot-plant-simulator,0.31,39.1
1790611095,rot-cadvisor,0.20,54.9
1790611098,rot-ai-web-1,2.41,13.0
1790611098,rot-ai-knowledge-1,4.36,155.8
1790611098,rot-ai-alarm-worker-1,0.09,39.2
1790611098,rot-ai-work-db-1,3.85,52.5
1790611098,rot-ai-graph-1,0.82,695.0
1790611098,rot-edgex-app-mqtt-export,0.36,29.0
1790611098,rot-edgex-device-modbus,0.63,21.4
1790611098,rot-edgex-core-command,0.00,13.9
1790611098,rot-edgex-ui,0.00,6.8
1790611098,rot-edgex-core-data,0.33,24.7
1790611098,rot-edgex-core-metadata,0.00,16.2
1790611098,rot-edgex-common-config,0.00,0.9
1790611098,rot-edgex-core-keeper,0.02,23.1
1790611098,rot-flink-taskmanager,10.92,1502.2
1790611098,rot-telegraf-sink,1.46,108.8
1790611098,rot-alert-republisher,0.22,84.6
1790611098,rot-kafka-exporter,0.10,21.3
1790611098,rot-telegraf-bridge,0.36,126.3
1790611098,rot-fuxa,0.17,86.2
1790611098,rot-grafana,0.20,110.0
1790611098,rot-edgex-postgres,0.18,59.1
1790611098,rot-edgex-mqtt-broker,0.15,2.3
1790611098,rot-flink-jobmanager,1.57,643.7
1790611098,rot-kafka,8.44,474.2
1790611098,rot-influxdb,0.20,111.3
1790611098,rot-prometheus,0.61,122.3
1790611098,rot-emqx,2.64,206.3
1790611098,rot-alertmanager,0.09,29.1
1790611098,rot-plant-simulator,0.37,40.1
1790611098,rot-cadvisor,0.41,54.4
1790611101,rot-ai-web-1,0.00,13.0
1790611101,rot-ai-knowledge-1,0.19,155.0
1790611101,rot-ai-alarm-worker-1,0.09,39.2
1790611101,rot-ai-work-db-1,0.00,51.5
1790611101,rot-ai-graph-1,85.51,766.5
1790611101,rot-edgex-app-mqtt-export,0.15,29.0
1790611101,rot-edgex-device-modbus,0.34,21.4
1790611101,rot-edgex-core-command,0.04,13.9
1790611101,rot-edgex-ui,0.00,6.8
1790611101,rot-edgex-core-data,0.24,24.7
1790611101,rot-edgex-core-metadata,0.03,16.2
1790611101,rot-edgex-common-config,0.00,0.9
1790611101,rot-edgex-core-keeper,0.11,23.4
1790611101,rot-flink-taskmanager,8.64,1502.2
1790611101,rot-telegraf-sink,1.18,109.2
1790611101,rot-alert-republisher,0.40,85.4
1790611101,rot-kafka-exporter,0.05,21.1
1790611101,rot-telegraf-bridge,0.26,125.8
1790611101,rot-fuxa,0.24,86.5
1790611101,rot-grafana,0.09,110.0
1790611101,rot-edgex-postgres,0.11,58.8
1790611101,rot-edgex-mqtt-broker,0.06,1.8
1790611101,rot-flink-jobmanager,4.15,647.1
1790611101,rot-kafka,160.26,534.0
1790611101,rot-influxdb,0.04,110.8
1790611101,rot-prometheus,0.54,121.8
1790611101,rot-emqx,118.37,252.5
1790611101,rot-alertmanager,0.10,29.1
1790611101,rot-plant-simulator,0.45,40.0
1790611101,rot-cadvisor,1.31,54.6
1790611105,rot-ai-web-1,0.00,13.0
1790611105,rot-ai-knowledge-1,0.80,155.0
1790611105,rot-ai-alarm-worker-1,0.12,39.4
1790611105,rot-ai-work-db-1,0.92,51.5
1790611105,rot-ai-graph-1,2.07,700.1
1790611105,rot-edgex-app-mqtt-export,0.25,29.0
1790611105,rot-edgex-device-modbus,0.45,21.7
1790611105,rot-edgex-core-command,0.00,13.9
1790611105,rot-edgex-ui,0.00,6.8
1790611105,rot-edgex-core-data,0.23,24.5
1790611105,rot-edgex-core-metadata,0.00,16.2
1790611105,rot-edgex-common-config,0.01,0.9
1790611105,rot-edgex-core-keeper,0.04,23.1
1790611105,rot-flink-taskmanager,22.49,1502.2
1790611105,rot-telegraf-sink,1.11,108.2
1790611105,rot-alert-republisher,0.26,84.6
1790611105,rot-kafka-exporter,0.07,21.0
1790611105,rot-telegraf-bridge,0.58,132.9
1790611105,rot-fuxa,0.23,86.5
1790611105,rot-grafana,0.06,110.0
1790611105,rot-edgex-postgres,5.13,59.2
1790611105,rot-edgex-mqtt-broker,0.07,2.0
1790611105,rot-flink-jobmanager,15.85,652.4
1790611105,rot-kafka,7.05,471.1
1790611105,rot-influxdb,0.35,111.4
1790611105,rot-prometheus,0.26,122.1
1790611105,rot-emqx,1.47,208.0
1790611105,rot-alertmanager,0.23,29.1
1790611105,rot-plant-simulator,0.50,39.8
1790611105,rot-cadvisor,0.39,54.6
1790611109,rot-ai-web-1,0.00,13.0
1790611109,rot-ai-knowledge-1,0.49,155.8
1790611109,rot-ai-alarm-worker-1,0.07,39.4
1790611109,rot-ai-work-db-1,3.96,51.9
1790611109,rot-ai-graph-1,0.82,699.7
1790611109,rot-edgex-app-mqtt-export,0.08,29.2
1790611109,rot-edgex-device-modbus,0.30,21.4
1790611109,rot-edgex-core-command,0.00,13.9
1790611109,rot-edgex-ui,0.00,6.8
1790611109,rot-edgex-core-data,0.25,25.0
1790611109,rot-edgex-core-metadata,0.03,16.2
1790611109,rot-edgex-common-config,0.00,0.9
1790611109,rot-edgex-core-keeper,0.00,23.1
1790611109,rot-flink-taskmanager,4.39,1502.2
1790611109,rot-telegraf-sink,1.01,108.5
1790611109,rot-alert-republisher,0.17,84.6
1790611109,rot-kafka-exporter,0.04,20.8
1790611109,rot-telegraf-bridge,0.34,133.4
1790611109,rot-fuxa,0.13,85.8
1790611109,rot-grafana,0.06,110.0
1790611109,rot-edgex-postgres,0.50,58.7
1790611109,rot-edgex-mqtt-broker,0.04,2.3
1790611109,rot-flink-jobmanager,0.70,651.0
1790611109,rot-kafka,3.22,477.3
1790611109,rot-influxdb,0.38,111.1
1790611109,rot-prometheus,0.41,121.6
1790611109,rot-emqx,2.37,207.8
1790611109,rot-alertmanager,0.08,29.1
1790611109,rot-plant-simulator,0.41,39.8
1790611109,rot-cadvisor,0.41,55.1
1790611112,rot-ai-web-1,0.00,13.0
1790611112,rot-ai-knowledge-1,0.58,155.0
1790611112,rot-ai-alarm-worker-1,0.08,39.4
1790611112,rot-ai-work-db-1,0.60,51.5
1790611112,rot-ai-graph-1,0.81,699.7
1790611112,rot-edgex-app-mqtt-export,0.23,29.3
1790611112,rot-edgex-device-modbus,0.49,21.7
1790611112,rot-edgex-core-command,0.05,14.1
1790611112,rot-edgex-ui,0.00,6.8
1790611112,rot-edgex-core-data,0.13,24.7
1790611112,rot-edgex-core-metadata,0.00,16.2
1790611112,rot-edgex-common-config,0.00,0.9
1790611112,rot-edgex-core-keeper,0.10,23.1
1790611112,rot-flink-taskmanager,4.50,1490.9
1790611112,rot-telegraf-sink,0.86,108.3
1790611112,rot-alert-republisher,0.24,84.6
1790611112,rot-kafka-exporter,0.04,20.8
1790611112,rot-telegraf-bridge,0.28,133.4
1790611112,rot-fuxa,0.19,86.3
1790611112,rot-grafana,0.05,110.0
1790611112,rot-edgex-postgres,0.10,58.5
1790611112,rot-edgex-mqtt-broker,0.06,2.0
1790611112,rot-flink-jobmanager,2.53,654.0
1790611112,rot-kafka,3.52,474.9
1790611112,rot-influxdb,3.57,112.3
1790611112,rot-prometheus,0.14,121.4
1790611112,rot-emqx,72.64,244.0
1790611112,rot-alertmanager,0.10,29.1
1790611112,rot-plant-simulator,0.35,39.8
1790611112,rot-cadvisor,0.39,54.0
1790611116,rot-ai-web-1,0.00,13.0
1790611116,rot-ai-knowledge-1,0.19,155.0
1790611116,rot-ai-alarm-worker-1,0.12,39.4
1790611116,rot-ai-work-db-1,0.00,51.5
1790611116,rot-ai-graph-1,201.12,881.5
1790611116,rot-edgex-app-mqtt-export,0.10,29.3
1790611116,rot-edgex-device-modbus,0.29,21.8
1790611116,rot-edgex-core-command,0.00,13.9
1790611116,rot-edgex-ui,0.00,6.8
1790611116,rot-edgex-core-data,0.31,24.5
1790611116,rot-edgex-core-metadata,0.13,16.4
1790611116,rot-edgex-common-config,0.00,0.9
1790611116,rot-edgex-core-keeper,0.48,23.9
1790611116,rot-flink-taskmanager,35.11,1490.9
1790611116,rot-telegraf-sink,2.02,108.5
1790611116,rot-alert-republisher,0.24,84.9
1790611116,rot-kafka-exporter,0.04,20.8
1790611116,rot-telegraf-bridge,0.49,134.2
1790611116,rot-fuxa,0.19,86.5
1790611116,rot-grafana,1.63,110.0
1790611116,rot-edgex-postgres,5.15,58.7
1790611116,rot-edgex-mqtt-broker,0.11,1.8
1790611116,rot-flink-jobmanager,12.70,660.8
1790611116,rot-kafka,9.60,473.1
1790611116,rot-influxdb,0.61,110.9
1790611116,rot-prometheus,3.30,121.6
1790611116,rot-emqx,3.11,207.6
1790611116,rot-alertmanager,0.18,29.1
1790611116,rot-plant-simulator,9.18,40.3
1790611116,rot-cadvisor,0.44,53.5
1790611120,rot-ai-web-1,0.00,13.0
1790611120,rot-ai-knowledge-1,0.69,155.1
1790611120,rot-ai-alarm-worker-1,0.10,39.4
1790611120,rot-ai-work-db-1,0.73,51.5
1790611120,rot-ai-graph-1,0.77,699.9
1790611120,rot-edgex-app-mqtt-export,0.13,29.1
1790611120,rot-edgex-device-modbus,0.37,21.8
1790611120,rot-edgex-core-command,0.03,13.9
1790611120,rot-edgex-ui,0.00,6.8
1790611120,rot-edgex-core-data,0.16,24.5
1790611120,rot-edgex-core-metadata,0.00,16.2
1790611120,rot-edgex-common-config,0.00,0.9
1790611120,rot-edgex-core-keeper,0.00,23.1
1790611120,rot-flink-taskmanager,4.47,1490.9
1790611120,rot-telegraf-sink,1.11,114.9
1790611120,rot-alert-republisher,0.14,84.6
1790611120,rot-kafka-exporter,0.08,21.5
1790611120,rot-telegraf-bridge,0.25,133.0
1790611120,rot-fuxa,0.16,86.5
1790611120,rot-grafana,0.07,110.0
1790611120,rot-edgex-postgres,0.08,58.2
1790611120,rot-edgex-mqtt-broker,0.06,2.0
1790611120,rot-flink-jobmanager,5.41,661.6
1790611120,rot-kafka,3.71,484.5
1790611120,rot-influxdb,0.04,110.9
1790611120,rot-prometheus,0.02,122.3
1790611120,rot-emqx,1.81,207.8
1790611120,rot-alertmanager,0.09,29.1
1790611120,rot-plant-simulator,0.39,40.0
1790611120,rot-cadvisor,0.27,53.5
1790611123,rot-ai-web-1,0.00,13.0
1790611123,rot-ai-knowledge-1,0.79,155.0
1790611123,rot-ai-alarm-worker-1,0.08,39.4
1790611123,rot-ai-work-db-1,0.79,51.8
1790611123,rot-ai-graph-1,1.07,699.9
1790611123,rot-edgex-app-mqtt-export,0.37,29.3
1790611123,rot-edgex-device-modbus,0.42,22.1
1790611123,rot-edgex-core-command,0.00,13.9
1790611123,rot-edgex-ui,0.02,6.8
1790611123,rot-edgex-core-data,0.22,24.5
1790611123,rot-edgex-core-metadata,0.00,16.2
1790611123,rot-edgex-common-config,0.00,0.9
1790611123,rot-edgex-core-keeper,0.14,23.4
1790611123,rot-flink-taskmanager,7.16,1492.0
1790611123,rot-telegraf-sink,1.82,115.4
1790611123,rot-alert-republisher,0.34,84.9
1790611123,rot-kafka-exporter,0.05,21.5
1790611123,rot-telegraf-bridge,0.43,133.2
1790611123,rot-fuxa,0.25,85.9
1790611123,rot-grafana,0.10,110.0
1790611123,rot-edgex-postgres,0.25,58.8
1790611123,rot-edgex-mqtt-broker,0.08,1.8
1790611123,rot-flink-jobmanager,1.73,664.1
1790611123,rot-kafka,7.34,486.7
1790611123,rot-influxdb,9.44,111.4
1790611123,rot-prometheus,0.25,122.8
1790611123,rot-emqx,21.45,221.2
1790611123,rot-alertmanager,0.13,29.1
1790611123,rot-plant-simulator,0.45,40.0
1790611123,rot-cadvisor,0.34,53.3
1790611126,rot-ai-web-1,0.00,13.0
1790611126,rot-ai-knowledge-1,0.19,155.0
1790611126,rot-ai-alarm-worker-1,0.14,39.2
1790611126,rot-ai-work-db-1,0.00,51.5
1790611126,rot-ai-graph-1,1.86,699.9
1790611126,rot-edgex-app-mqtt-export,0.25,29.1
1790611126,rot-edgex-device-modbus,0.68,21.6
1790611126,rot-edgex-core-command,0.00,13.9
1790611126,rot-edgex-ui,0.00,6.8
1790611126,rot-edgex-core-data,0.25,24.5
1790611126,rot-edgex-core-metadata,0.12,16.4
1790611126,rot-edgex-common-config,0.00,0.9
1790611126,rot-edgex-core-keeper,0.46,23.6
1790611126,rot-flink-taskmanager,23.72,1490.9
1790611126,rot-telegraf-sink,2.03,115.6
1790611126,rot-alert-republisher,0.42,85.1
1790611126,rot-kafka-exporter,0.14,21.5
1790611126,rot-telegraf-bridge,0.39,133.2
1790611126,rot-fuxa,0.39,86.8
1790611126,rot-grafana,0.28,110.0
1790611126,rot-edgex-postgres,4.33,59.0
1790611126,rot-edgex-mqtt-broker,0.09,1.8
1790611126,rot-flink-jobmanager,8.07,668.0
1790611126,rot-kafka,136.98,515.9
1790611126,rot-influxdb,0.56,111.1
1790611126,rot-prometheus,0.20,122.3
1790611126,rot-emqx,1.10,207.6
1790611126,rot-alertmanager,0.12,29.3
1790611126,rot-plant-simulator,1.07,40.0
1790611126,rot-cadvisor,0.55,53.2
1790611129,rot-ai-web-1,0.00,13.0
1790611129,rot-ai-knowledge-1,0.82,155.0
1790611129,rot-ai-alarm-worker-1,0.08,39.2
1790611129,rot-ai-work-db-1,1.79,51.9
1790611129,rot-ai-graph-1,143.67,701.5
1790611129,rot-edgex-app-mqtt-export,0.13,29.4
1790611129,rot-edgex-device-modbus,0.46,22.0
1790611129,rot-edgex-core-command,0.03,13.9
1790611129,rot-edgex-ui,0.00,6.8
1790611129,rot-edgex-core-data,0.25,24.5
1790611129,rot-edgex-core-metadata,0.00,16.2
1790611129,rot-edgex-common-config,0.00,0.9
1790611129,rot-edgex-core-keeper,0.00,23.1
1790611129,rot-flink-taskmanager,5.24,1490.9
1790611129,rot-telegraf-sink,1.03,115.6
1790611129,rot-alert-republisher,0.25,84.9
1790611129,rot-kafka-exporter,0.07,20.9
1790611129,rot-telegraf-bridge,0.29,132.9
1790611129,rot-fuxa,0.23,86.3
1790611129,rot-grafana,1.32,110.3
1790611129,rot-edgex-postgres,0.09,58.4
1790611129,rot-edgex-mqtt-broker,0.07,1.8
1790611129,rot-flink-jobmanager,3.86,669.1
1790611129,rot-kafka,4.00,474.6
1790611129,rot-influxdb,0.05,110.9
1790611129,rot-prometheus,0.00,122.1
1790611129,rot-emqx,0.88,207.6
1790611129,rot-alertmanager,0.12,29.1
1790611129,rot-plant-simulator,0.57,39.8
1790611129,rot-cadvisor,0.38,53.7
1790611133,rot-ai-web-1,0.00,13.0
1790611133,rot-ai-knowledge-1,0.21,155.0
1790611133,rot-ai-alarm-worker-1,0.08,39.2
1790611133,rot-ai-work-db-1,0.00,51.5
1790611133,rot-ai-graph-1,1.06,699.9
1790611133,rot-edgex-app-mqtt-export,0.39,29.4
1790611133,rot-edgex-device-modbus,0.58,21.8
1790611133,rot-edgex-core-command,0.00,13.9
1790611133,rot-edgex-ui,0.00,6.8
1790611133,rot-edgex-core-data,0.21,25.0
1790611133,rot-edgex-core-metadata,0.00,16.2
1790611133,rot-edgex-common-config,0.00,0.9
1790611133,rot-edgex-core-keeper,0.18,23.1
1790611133,rot-flink-taskmanager,19.37,1512.4
1790611133,rot-telegraf-sink,1.36,114.9
1790611133,rot-alert-republisher,0.40,85.4
1790611133,rot-kafka-exporter,0.06,20.9
1790611133,rot-telegraf-bridge,0.44,133.2
1790611133,rot-fuxa,0.21,86.5
1790611133,rot-grafana,0.05,110.0
1790611133,rot-edgex-postgres,0.14,58.5
1790611133,rot-edgex-mqtt-broker,0.06,2.0
1790611133,rot-flink-jobmanager,1.68,671.0
1790611133,rot-kafka,5.85,474.7
1790611133,rot-influxdb,4.68,116.3
1790611133,rot-prometheus,0.00,122.1
1790611133,rot-emqx,1.31,207.3
1790611133,rot-alertmanager,0.13,29.1
1790611133,rot-plant-simulator,0.62,40.1
1790611133,rot-cadvisor,0.39,53.9
1790611136,rot-ai-web-1,0.00,13.0
1790611136,rot-ai-knowledge-1,0.18,155.0
1790611136,rot-ai-alarm-worker-1,0.08,39.4
1790611136,rot-ai-work-db-1,0.00,51.5
1790611136,rot-ai-graph-1,0.89,699.9
1790611136,rot-edgex-app-mqtt-export,0.15,29.1
1790611136,rot-edgex-device-modbus,0.49,21.8
1790611136,rot-edgex-core-command,0.00,13.9
1790611136,rot-edgex-ui,0.00,6.8
1790611136,rot-edgex-core-data,0.20,24.5
1790611136,rot-edgex-core-metadata,0.17,16.4
1790611136,rot-edgex-common-config,0.00,0.9
1790611136,rot-edgex-core-keeper,0.48,23.9
1790611136,rot-flink-taskmanager,20.53,1513.5
1790611136,rot-telegraf-sink,1.16,115.1
1790611136,rot-alert-republisher,0.26,84.6
1790611136,rot-kafka-exporter,0.07,20.9
1790611136,rot-telegraf-bridge,0.33,133.0
1790611136,rot-fuxa,0.23,86.7
1790611136,rot-grafana,0.08,110.0
1790611136,rot-edgex-postgres,2.00,60.2
1790611136,rot-edgex-mqtt-broker,0.09,1.8
1790611136,rot-flink-jobmanager,8.87,672.4
1790611136,rot-kafka,5.21,474.8
1790611136,rot-influxdb,0.31,111.4
1790611136,rot-prometheus,0.12,127.0
1790611136,rot-emqx,1.04,207.9
1790611136,rot-alertmanager,0.09,29.1
1790611136,rot-plant-simulator,0.66,40.0
1790611136,rot-cadvisor,0.43,52.9
1790611139,rot-ai-web-1,0.00,13.2
1790611139,rot-ai-knowledge-1,0.72,156.0
1790611139,rot-ai-alarm-worker-1,0.09,39.6
1790611139,rot-ai-work-db-1,6.21,52.0
1790611139,rot-ai-graph-1,1.05,699.9
1790611139,rot-edgex-app-mqtt-export,0.21,29.1
1790611139,rot-edgex-device-modbus,0.45,22.9
1790611139,rot-edgex-core-command,0.04,13.9
1790611139,rot-edgex-ui,0.00,6.8
1790611139,rot-edgex-core-data,0.40,25.0
1790611139,rot-edgex-core-metadata,0.08,16.2
1790611139,rot-edgex-common-config,0.00,0.9
1790611139,rot-edgex-core-keeper,0.00,23.1
1790611139,rot-flink-taskmanager,6.01,1498.1
1790611139,rot-telegraf-sink,1.57,114.9
1790611139,rot-alert-republisher,0.29,84.9
1790611139,rot-kafka-exporter,0.12,21.1
1790611139,rot-telegraf-bridge,0.38,133.2
1790611139,rot-fuxa,0.19,86.2
1790611139,rot-grafana,0.06,110.0
1790611139,rot-edgex-postgres,0.12,58.5
1790611139,rot-edgex-mqtt-broker,0.09,1.8
1790611139,rot-flink-jobmanager,1.22,671.7
1790611139,rot-kafka,113.11,477.3
1790611139,rot-influxdb,0.48,110.9
1790611139,rot-prometheus,0.73,127.0
1790611139,rot-emqx,0.80,207.4
1790611139,rot-alertmanager,0.13,29.1
1790611139,rot-plant-simulator,0.56,40.1
1790611139,rot-cadvisor,0.37,53.4
1790611142,rot-ai-web-1,0.00,12.9
1790611142,rot-ai-knowledge-1,0.17,154.6
1790611142,rot-ai-alarm-worker-1,0.07,38.9
1790611142,rot-ai-work-db-1,0.00,51.0
1790611142,rot-ai-graph-1,45.30,695.8
1790611142,rot-edgex-app-mqtt-export,0.33,28.8
1790611142,rot-edgex-device-modbus,0.40,22.7
1790611142,rot-edgex-core-command,0.08,13.8
1790611142,rot-edgex-ui,0.00,6.8
1790611142,rot-edgex-core-data,0.17,24.5
1790611142,rot-edgex-core-metadata,0.00,16.0
1790611142,rot-edgex-common-config,0.00,0.9
1790611142,rot-edgex-core-keeper,0.11,23.1
1790611142,rot-flink-taskmanager,5.75,1499.1
1790611142,rot-telegraf-sink,1.20,113.7
1790611142,rot-alert-republisher,0.31,83.7
1790611142,rot-kafka-exporter,0.06,21.0
1790611142,rot-telegraf-bridge,0.33,131.9
1790611142,rot-fuxa,0.27,85.8
1790611142,rot-grafana,0.06,108.8
1790611142,rot-edgex-postgres,0.14,58.9
1790611142,rot-edgex-mqtt-broker,0.07,1.8
1790611142,rot-flink-jobmanager,2.13,673.3
1790611142,rot-kafka,4.04,472.9
1790611142,rot-influxdb,0.33,110.4
1790611142,rot-prometheus,0.17,117.9
1790611142,rot-emqx,2.24,207.0
1790611142,rot-alertmanager,0.10,28.8
1790611142,rot-plant-simulator,0.39,39.8
1790611142,rot-cadvisor,1.03,53.7
1790611146,rot-ai-web-1,0.00,12.9
1790611146,rot-ai-knowledge-1,0.96,154.6
1790611146,rot-ai-alarm-worker-1,0.08,39.4
1790611146,rot-ai-work-db-1,1.14,51.2
1790611146,rot-ai-graph-1,1.51,695.9
1790611146,rot-edgex-app-mqtt-export,0.20,28.8
1790611146,rot-edgex-device-modbus,0.54,22.5
1790611146,rot-edgex-core-command,0.00,13.8
1790611146,rot-edgex-ui,0.00,6.8
1790611146,rot-edgex-core-data,0.29,24.2
1790611146,rot-edgex-core-metadata,0.00,16.0
1790611146,rot-edgex-common-config,0.00,0.9
1790611146,rot-edgex-core-keeper,0.03,22.9
1790611146,rot-flink-taskmanager,18.85,1498.1
1790611146,rot-telegraf-sink,1.35,113.6
1790611146,rot-alert-republisher,0.31,83.5
1790611146,rot-kafka-exporter,0.13,21.0
1790611146,rot-telegraf-bridge,0.67,135.5
1790611146,rot-fuxa,0.25,86.2
1790611146,rot-grafana,0.06,108.8
1790611146,rot-edgex-postgres,0.16,58.6
1790611146,rot-edgex-mqtt-broker,0.10,1.8
1790611146,rot-flink-jobmanager,6.09,677.0
1790611146,rot-kafka,6.16,472.2
1790611146,rot-influxdb,0.41,110.9
1790611146,rot-prometheus,0.44,118.5
1790611146,rot-emqx,122.06,208.0
1790611146,rot-alertmanager,0.11,28.8
1790611146,rot-plant-simulator,0.76,39.7
1790611146,rot-cadvisor,1.43,52.7
1790611149,rot-ai-web-1,1.95,13.6
1790611149,rot-ai-knowledge-1,3.38,155.1
1790611149,rot-ai-alarm-worker-1,0.11,38.9
1790611149,rot-ai-work-db-1,3.89,53.9
1790611149,rot-ai-graph-1,0.92,695.6
1790611149,rot-edgex-app-mqtt-export,0.13,28.9
1790611149,rot-edgex-device-modbus,0.34,22.5
1790611149,rot-edgex-core-command,0.00,13.8
1790611149,rot-edgex-ui,0.00,6.8
1790611149,rot-edgex-core-data,0.17,24.2
1790611149,rot-edgex-core-metadata,0.02,16.0
1790611149,rot-edgex-common-config,0.00,0.9
1790611149,rot-edgex-core-keeper,0.00,22.9
1790611149,rot-flink-taskmanager,4.65,1500.2
1790611149,rot-telegraf-sink,1.30,114.9
1790611149,rot-alert-republisher,0.24,91.4
1790611149,rot-kafka-exporter,0.04,20.4
1790611149,rot-telegraf-bridge,0.32,136.3
1790611149,rot-fuxa,0.39,85.6
1790611149,rot-grafana,0.12,108.8
1790611149,rot-edgex-postgres,2.13,58.3
1790611149,rot-edgex-mqtt-broker,0.05,1.8
1790611149,rot-flink-jobmanager,0.97,677.1
1790611149,rot-kafka,8.58,477.1
1790611149,rot-influxdb,2.96,110.5
1790611149,rot-prometheus,0.72,118.4
1790611149,rot-emqx,1.61,207.2
1790611149,rot-alertmanager,0.09,28.8
1790611149,rot-plant-simulator,0.45,39.6
1790611149,rot-cadvisor,0.25,53.0
1790611152,rot-ai-web-1,0.00,12.9
1790611152,rot-ai-knowledge-1,0.14,155.1
1790611152,rot-ai-alarm-worker-1,0.11,39.1
1790611152,rot-ai-work-db-1,0.01,51.0
1790611152,rot-ai-graph-1,65.62,774.8
1790611152,rot-edgex-app-mqtt-export,0.19,29.1
1790611152,rot-edgex-device-modbus,0.53,23.0
1790611152,rot-edgex-core-command,0.07,13.8
1790611152,rot-edgex-ui,0.00,6.8
1790611152,rot-edgex-core-data,0.25,24.2
1790611152,rot-edgex-core-metadata,0.00,16.0
1790611152,rot-edgex-common-config,0.00,0.9
1790611152,rot-edgex-core-keeper,0.15,23.1
1790611152,rot-flink-taskmanager,15.30,1503.2
1790611152,rot-telegraf-sink,0.87,113.7
1790611152,rot-alert-republisher,0.40,91.7
1790611152,rot-kafka-exporter,0.03,20.1
1790611152,rot-telegraf-bridge,0.31,139.5
1790611152,rot-fuxa,0.37,86.2
1790611152,rot-grafana,0.06,108.8
1790611152,rot-edgex-postgres,2.38,58.4
1790611152,rot-edgex-mqtt-broker,0.06,2.0
1790611152,rot-flink-jobmanager,3.96,681.2
1790611152,rot-kafka,4.41,475.7
1790611152,rot-influxdb,0.06,110.5
1790611152,rot-prometheus,0.12,118.2
1790611152,rot-emqx,1.05,206.7
1790611152,rot-alertmanager,0.08,28.8
1790611152,rot-plant-simulator,0.57,39.9
1790611152,rot-cadvisor,0.28,53.2
1790611155,rot-ai-web-1,0.00,12.9
1790611155,rot-ai-knowledge-1,1.07,154.3
1790611155,rot-ai-alarm-worker-1,0.12,39.0
1790611155,rot-ai-work-db-1,1.08,51.0
1790611155,rot-ai-graph-1,1.23,692.3
1790611155,rot-edgex-app-mqtt-export,0.19,28.9
1790611155,rot-edgex-device-modbus,0.66,22.4
1790611155,rot-edgex-core-command,0.00,13.7
1790611155,rot-edgex-ui,0.00,6.8
1790611155,rot-edgex-core-data,0.25,24.0
1790611155,rot-edgex-core-metadata,0.00,15.9
1790611155,rot-edgex-common-config,0.00,0.9
1790611155,rot-edgex-core-keeper,0.06,22.7
1790611155,rot-flink-taskmanager,16.55,1505.3
1790611155,rot-telegraf-sink,1.71,113.7
1790611155,rot-alert-republisher,0.54,90.7
1790611155,rot-kafka-exporter,0.08,20.1
1790611155,rot-telegraf-bridge,0.41,140.1
1790611155,rot-fuxa,0.32,86.1
1790611155,rot-grafana,0.14,107.9
1790611155,rot-edgex-postgres,0.13,58.0
1790611155,rot-edgex-mqtt-broker,0.10,1.8
1790611155,rot-flink-jobmanager,4.90,681.1
1790611155,rot-kafka,6.85,475.6
1790611155,rot-influxdb,0.06,110.1
1790611155,rot-prometheus,0.13,117.2
1790611155,rot-emqx,2.17,207.2
1790611155,rot-alertmanager,0.11,28.6
1790611155,rot-plant-simulator,0.76,39.8
1790611155,rot-cadvisor,0.33,52.4
1790611159,rot-ai-web-1,2.79,13.3
1790611159,rot-ai-knowledge-1,3.45,155.1
1790611159,rot-ai-alarm-worker-1,0.09,39.2
1790611159,rot-ai-work-db-1,0.00,50.7
1790611159,rot-ai-graph-1,0.78,692.3
1790611159,rot-edgex-app-mqtt-export,0.20,29.0
1790611159,rot-edgex-device-modbus,0.41,22.6
1790611159,rot-edgex-core-command,0.00,13.7
1790611159,rot-edgex-ui,0.00,6.8
1790611159,rot-edgex-core-data,0.22,24.5
1790611159,rot-edgex-core-metadata,0.02,15.9
1790611159,rot-edgex-common-config,0.00,0.9
1790611159,rot-edgex-core-keeper,0.03,23.0
1790611159,rot-flink-taskmanager,4.09,1503.2
1790611159,rot-telegraf-sink,1.25,113.5
1790611159,rot-alert-republisher,0.22,90.4
1790611159,rot-kafka-exporter,0.04,21.2
1790611159,rot-telegraf-bridge,0.34,140.6
1790611159,rot-fuxa,0.23,86.5
1790611159,rot-grafana,0.75,108.4
1790611159,rot-edgex-postgres,0.11,58.2
1790611159,rot-edgex-mqtt-broker,0.06,1.8
1790611159,rot-flink-jobmanager,0.94,681.2
1790611159,rot-kafka,14.99,482.0
1790611159,rot-influxdb,0.44,110.1
1790611159,rot-prometheus,0.75,117.2
1790611159,rot-emqx,0.94,206.3
1790611159,rot-alertmanager,0.09,28.6
1790611159,rot-plant-simulator,0.58,39.5
1790611159,rot-cadvisor,0.21,52.9
1790611162,rot-ai-web-1,0.00,12.9
1790611162,rot-ai-knowledge-1,1.25,154.5
1790611162,rot-ai-alarm-worker-1,0.08,39.2
1790611162,rot-ai-work-db-1,1.34,50.8
1790611162,rot-ai-graph-1,1.11,692.3
1790611162,rot-edgex-app-mqtt-export,0.29,29.0
1790611162,rot-edgex-device-modbus,0.61,22.4
1790611162,rot-edgex-core-command,0.05,13.7
1790611162,rot-edgex-ui,0.00,6.8
1790611162,rot-edgex-core-data,0.38,24.0
1790611162,rot-edgex-core-metadata,0.06,15.9
1790611162,rot-edgex-common-config,0.00,0.9
1790611162,rot-edgex-core-keeper,0.16,23.5
1790611162,rot-flink-taskmanager,27.79,1504.3
1790611162,rot-telegraf-sink,1.70,113.7
1790611162,rot-alert-republisher,0.46,90.7
1790611162,rot-kafka-exporter,0.07,21.2
1790611162,rot-telegraf-bridge,0.45,140.4
1790611162,rot-fuxa,0.29,86.5
1790611162,rot-grafana,0.10,107.9
1790611162,rot-edgex-postgres,5.17,58.2
1790611162,rot-edgex-mqtt-broker,0.09,1.8
1790611162,rot-flink-jobmanager,5.99,692.6
1790611162,rot-kafka,179.78,523.7
1790611162,rot-influxdb,0.10,110.1
1790611162,rot-prometheus,1.04,117.5
1790611162,rot-emqx,1.58,206.6
1790611162,rot-alertmanager,0.14,28.6
1790611162,rot-plant-simulator,1.06,39.6
1790611162,rot-cadvisor,3.16,53.2
1790611165,rot-ai-web-1,0.00,12.9
1790611165,rot-ai-knowledge-1,1.19,155.0
1790611165,rot-ai-alarm-worker-1,0.09,39.0
1790611165,rot-ai-work-db-1,2.85,51.9
1790611165,rot-ai-graph-1,157.43,802.9
1790611165,rot-edgex-app-mqtt-export,0.39,28.5
1790611165,rot-edgex-device-modbus,0.52,22.4
1790611165,rot-edgex-core-command,0.00,13.7
1790611165,rot-edgex-ui,0.00,6.8
1790611165,rot-edgex-core-data,0.16,24.0
1790611165,rot-edgex-core-metadata,0.00,15.9
1790611165,rot-edgex-common-config,0.01,0.9
1790611165,rot-edgex-core-keeper,0.03,22.7
1790611165,rot-flink-taskmanager,5.80,1504.3
1790611165,rot-telegraf-sink,1.38,112.5
1790611165,rot-alert-republisher,0.24,91.2
1790611165,rot-kafka-exporter,0.07,21.2
1790611165,rot-telegraf-bridge,0.21,140.4
1790611165,rot-fuxa,0.47,86.0
1790611165,rot-grafana,0.08,107.9
1790611165,rot-edgex-postgres,0.08,58.2
1790611165,rot-edgex-mqtt-broker,0.06,1.8
1790611165,rot-flink-jobmanager,1.43,691.2
1790611165,rot-kafka,6.98,476.5
1790611165,rot-influxdb,0.33,110.1
1790611165,rot-prometheus,0.10,117.3
1790611165,rot-emqx,1.38,206.3
1790611165,rot-alertmanager,0.15,28.6
1790611165,rot-plant-simulator,0.47,39.6
1790611165,rot-cadvisor,0.12,52.5
1790611168,rot-ai-web-1,3.27,13.5
1790611168,rot-ai-knowledge-1,4.35,154.4
1790611168,rot-ai-alarm-worker-1,0.10,38.8
1790611168,rot-ai-work-db-1,0.63,51.0
1790611168,rot-ai-graph-1,1.13,690.2
1790611168,rot-edgex-app-mqtt-export,0.15,28.6
1790611168,rot-edgex-device-modbus,0.54,22.5
1790611168,rot-edgex-core-command,0.00,13.6
1790611168,rot-edgex-ui,0.00,6.8
1790611168,rot-edgex-core-data,0.22,24.0
1790611168,rot-edgex-core-metadata,0.00,15.8
1790611168,rot-edgex-common-config,0.00,0.9
1790611168,rot-edgex-core-keeper,0.04,22.6
1790611168,rot-flink-taskmanager,9.40,1515.5
1790611168,rot-telegraf-sink,1.40,112.3
1790611168,rot-alert-republisher,0.39,89.5
1790611168,rot-kafka-exporter,0.06,20.8
1790611168,rot-telegraf-bridge,0.50,139.8
1790611168,rot-fuxa,0.28,85.8
1790611168,rot-grafana,0.24,107.0
1790611168,rot-edgex-postgres,0.90,58.4
1790611168,rot-edgex-mqtt-broker,0.05,1.8
1790611168,rot-flink-jobmanager,1.33,692.9
1790611168,rot-kafka,6.48,475.8
1790611168,rot-influxdb,0.53,109.4
1790611168,rot-prometheus,1.20,117.0
1790611168,rot-emqx,34.36,206.4
1790611168,rot-alertmanager,0.13,28.4
1790611168,rot-plant-simulator,0.61,40.0
1790611168,rot-cadvisor,0.41,52.5
1790611172,rot-ai-web-1,0.00,12.9
1790611172,rot-ai-knowledge-1,0.57,154.6
1790611172,rot-ai-alarm-worker-1,0.07,38.8
1790611172,rot-ai-work-db-1,0.61,50.8
1790611172,rot-ai-graph-1,0.83,690.2
1790611172,rot-edgex-app-mqtt-export,0.13,28.6
1790611172,rot-edgex-device-modbus,0.29,22.2
1790611172,rot-edgex-core-command,0.11,13.8
1790611172,rot-edgex-ui,0.00,6.8
1790611172,rot-edgex-core-data,0.21,24.0
1790611172,rot-edgex-core-metadata,0.04,15.8
1790611172,rot-edgex-common-config,0.00,0.9
1790611172,rot-edgex-core-keeper,0.11,22.6
1790611172,rot-flink-taskmanager,10.07,1510.4
1790611172,rot-telegraf-sink,0.83,112.6
1790611172,rot-alert-republisher,0.20,89.5
1790611172,rot-kafka-exporter,0.07,20.8
1790611172,rot-telegraf-bridge,0.24,139.5
1790611172,rot-fuxa,0.25,85.7
1790611172,rot-grafana,0.04,107.0
1790611172,rot-edgex-postgres,2.07,58.9
1790611172,rot-edgex-mqtt-broker,0.05,1.8
1790611172,rot-flink-jobmanager,5.37,696.8
1790611172,rot-kafka,4.31,475.8
1790611172,rot-influxdb,0.05,109.4
1790611172,rot-prometheus,0.31,117.0
1790611172,rot-emqx,0.71,206.4
1790611172,rot-alertmanager,0.06,28.4
1790611172,rot-plant-simulator,0.42,39.5
1790611172,rot-cadvisor,1.06,53.0
1790611175,rot-ai-web-1,0.00,12.9
1790611175,rot-ai-knowledge-1,0.19,154.1
1790611175,rot-ai-alarm-worker-1,0.11,39.0
1790611175,rot-ai-work-db-1,4.66,50.8
1790611175,rot-ai-graph-1,1.08,690.2
1790611175,rot-edgex-app-mqtt-export,0.14,28.6
1790611175,rot-edgex-device-modbus,0.49,24.7
1790611175,rot-edgex-core-command,0.02,13.6
1790611175,rot-edgex-ui,0.00,6.8
1790611175,rot-edgex-core-data,0.29,24.2
1790611175,rot-edgex-core-metadata,0.00,15.8
1790611175,rot-edgex-common-config,0.00,0.9
1790611175,rot-edgex-core-keeper,0.00,22.6
1790611175,rot-flink-taskmanager,5.87,1510.4
1790611175,rot-telegraf-sink,1.30,111.9
1790611175,rot-alert-republisher,0.33,89.5
1790611175,rot-kafka-exporter,0.06,20.8
1790611175,rot-telegraf-bridge,0.29,139.3
1790611175,rot-fuxa,0.29,86.4
1790611175,rot-grafana,0.07,107.0
1790611175,rot-edgex-postgres,0.12,58.4
1790611175,rot-edgex-mqtt-broker,0.07,1.8
1790611175,rot-flink-jobmanager,1.21,696.8
1790611175,rot-kafka,70.05,475.6
1790611175,rot-influxdb,0.50,109.6
1790611175,rot-prometheus,0.07,116.5
1790611175,rot-emqx,0.91,205.9
1790611175,rot-alertmanager,0.14,28.4
1790611175,rot-plant-simulator,0.48,39.5
1790611175,rot-cadvisor,1.13,54.3
1790611178,rot-ai-web-1,0.00,12.9
1790611178,rot-ai-knowledge-1,0.90,154.1
1790611178,rot-ai-alarm-worker-1,0.08,38.8
1790611178,rot-ai-work-db-1,0.94,51.0
1790611178,rot-ai-graph-1,226.30,850.3
1790611178,rot-edgex-app-mqtt-export,0.34,28.6
1790611178,rot-edgex-device-modbus,0.55,24.7
1790611178,rot-edgex-core-command,0.00,13.6
1790611178,rot-edgex-ui,0.00,6.8
1790611178,rot-edgex-core-data,0.20,24.0
1790611178,rot-edgex-core-metadata,0.00,15.8
1790611178,rot-edgex-common-config,0.00,0.9
1790611178,rot-edgex-core-keeper,0.29,22.6
1790611178,rot-flink-taskmanager,6.23,1510.4
1790611178,rot-telegraf-sink,1.21,112.4
1790611178,rot-alert-republisher,0.31,90.0
1790611178,rot-kafka-exporter,0.05,20.9
1790611178,rot-telegraf-bridge,0.47,138.8
1790611178,rot-fuxa,0.48,86.8
1790611178,rot-grafana,0.18,107.2
1790611178,rot-edgex-postgres,0.22,58.4
1790611178,rot-edgex-mqtt-broker,0.08,1.8
1790611178,rot-flink-jobmanager,1.85,700.1
1790611178,rot-kafka,7.03,476.5
1790611178,rot-influxdb,0.06,109.4
1790611178,rot-prometheus,0.22,117.0
1790611178,rot-emqx,47.82,232.8
1790611178,rot-alertmanager,0.12,28.4
1790611178,rot-plant-simulator,0.73,39.3
1790611178,rot-cadvisor,1.29,53.2
1790611181,rot-ai-web-1,0.00,12.9
1790611181,rot-ai-knowledge-1,0.57,154.0
1790611181,rot-ai-alarm-worker-1,0.08,38.7
1790611181,rot-ai-work-db-1,0.51,50.8
1790611181,rot-ai-graph-1,0.98,689.7
1790611181,rot-edgex-app-mqtt-export,0.58,28.9
1790611181,rot-edgex-device-modbus,0.50,24.6
1790611181,rot-edgex-core-command,0.00,13.5
1790611181,rot-edgex-ui,0.00,6.8
1790611181,rot-edgex-core-data,0.25,24.4
1790611181,rot-edgex-core-metadata,0.10,16.0
1790611181,rot-edgex-common-config,0.01,0.9
1790611181,rot-edgex-core-keeper,0.09,22.7
1790611181,rot-flink-taskmanager,17.19,1506.3
1790611181,rot-telegraf-sink,1.06,110.8
1790611181,rot-alert-republisher,0.31,89.3
1790611181,rot-kafka-exporter,0.05,20.8
1790611181,rot-telegraf-bridge,0.63,139.0
1790611181,rot-fuxa,0.23,85.5
1790611181,rot-grafana,0.10,106.4
1790611181,rot-edgex-postgres,0.11,58.6
1790611181,rot-edgex-mqtt-broker,0.07,2.3
1790611181,rot-flink-jobmanager,3.39,688.7
1790611181,rot-kafka,15.17,475.0
1790611181,rot-influxdb,0.06,108.8
1790611181,rot-prometheus,0.35,116.2
1790611181,rot-emqx,0.56,205.6
1790611181,rot-alertmanager,0.11,28.3
1790611181,rot-plant-simulator,0.53,38.9
1790611181,rot-cadvisor,1.51,52.8
1790611185,rot-ai-web-1,0.00,12.9
1790611185,rot-ai-knowledge-1,0.15,153.7
1790611185,rot-ai-alarm-worker-1,0.07,38.7
1790611185,rot-ai-work-db-1,4.08,51.5
1790611185,rot-ai-graph-1,3.94,689.6
1790611185,rot-edgex-app-mqtt-export,0.16,28.5
1790611185,rot-edgex-device-modbus,0.75,25.2
1790611185,rot-edgex-core-command,0.03,13.5
1790611185,rot-edgex-ui,0.00,6.9
1790611185,rot-edgex-core-data,0.24,24.7
1790611185,rot-edgex-core-metadata,0.00,15.8
1790611185,rot-edgex-common-config,0.00,0.9
1790611185,rot-edgex-core-keeper,0.00,22.5
1790611185,rot-flink-taskmanager,4.74,1506.3
1790611185,rot-telegraf-sink,1.14,112.0
1790611185,rot-alert-republisher,0.23,88.8
1790611185,rot-kafka-exporter,0.10,20.8
1790611185,rot-telegraf-bridge,0.33,138.5
1790611185,rot-fuxa,0.25,85.8
1790611185,rot-grafana,0.06,106.4
1790611185,rot-edgex-postgres,0.10,58.3
1790611185,rot-edgex-mqtt-broker,0.06,2.0
1790611185,rot-flink-jobmanager,1.05,689.6
1790611185,rot-kafka,4.62,475.3
1790611185,rot-influxdb,0.48,108.8
1790611185,rot-prometheus,0.00,116.0
1790611185,rot-emqx,6.15,206.1
1790611185,rot-alertmanager,0.12,28.3
1790611185,rot-plant-simulator,0.53,38.9
1790611185,rot-cadvisor,0.28,53.0
1790611188,rot-ai-web-1,0.00,12.9
1790611188,rot-ai-knowledge-1,0.74,153.7
1790611188,rot-ai-alarm-worker-1,0.07,38.7
1790611188,rot-ai-work-db-1,0.90,51.3
1790611188,rot-ai-graph-1,0.76,689.6
1790611188,rot-edgex-app-mqtt-export,0.35,28.3
1790611188,rot-edgex-device-modbus,0.56,24.5
1790611188,rot-edgex-core-command,0.00,13.6
1790611188,rot-edgex-ui,0.00,6.9
1790611188,rot-edgex-core-data,0.20,24.9
1790611188,rot-edgex-core-metadata,0.00,15.8
1790611188,rot-edgex-common-config,0.01,0.9
1790611188,rot-edgex-core-keeper,0.43,22.8
1790611188,rot-flink-taskmanager,5.10,1501.2
1790611188,rot-telegraf-sink,0.99,111.8
1790611188,rot-alert-republisher,0.25,89.0
1790611188,rot-kafka-exporter,0.04,21.2
1790611188,rot-telegraf-bridge,0.34,138.5
1790611188,rot-fuxa,0.24,85.7
1790611188,rot-grafana,0.15,106.4
1790611188,rot-edgex-postgres,0.29,58.8
1790611188,rot-edgex-mqtt-broker,0.06,2.3
1790611188,rot-flink-jobmanager,1.32,693.3
1790611188,rot-kafka,6.35,478.2
1790611188,rot-influxdb,0.09,108.8
1790611188,rot-prometheus,0.16,116.3
1790611188,rot-emqx,2.59,205.9
1790611188,rot-alertmanager,0.11,28.3
1790611188,rot-plant-simulator,8.55,39.5
1790611188,rot-cadvisor,0.21,52.8
1790611191,rot-ai-web-1,0.00,12.8
1790611191,rot-ai-knowledge-1,0.23,152.6
1790611191,rot-ai-alarm-worker-1,0.11,38.5
1790611191,rot-ai-work-db-1,0.00,49.6
1790611191,rot-ai-graph-1,218.21,849.1
1790611191,rot-edgex-app-mqtt-export,0.26,27.7
1790611191,rot-edgex-device-modbus,0.64,23.6
1790611191,rot-edgex-core-command,0.00,13.2
1790611191,rot-edgex-ui,0.00,6.9
1790611191,rot-edgex-core-data,0.24,23.8
1790611191,rot-edgex-core-metadata,0.08,15.6
1790611191,rot-edgex-common-config,0.00,0.9
1790611191,rot-edgex-core-keeper,0.11,22.6
1790611191,rot-flink-taskmanager,65.66,1512.4
1790611191,rot-telegraf-sink,1.79,107.3
1790611191,rot-alert-republisher,0.35,84.7
1790611191,rot-kafka-exporter,0.06,20.3
1790611191,rot-telegraf-bridge,0.40,132.9
1790611191,rot-fuxa,0.43,85.7
1790611191,rot-grafana,4.95,107.3
1790611191,rot-edgex-postgres,0.17,56.8
1790611191,rot-edgex-mqtt-broker,0.07,1.8
1790611191,rot-flink-jobmanager,1.97,693.1
1790611191,rot-kafka,7.96,472.8
1790611191,rot-influxdb,0.58,105.6
1790611191,rot-prometheus,0.40,114.0
1790611191,rot-emqx,78.57,203.6
1790611191,rot-alertmanager,0.17,27.6
1790611191,rot-plant-simulator,1.00,38.2
1790611191,rot-cadvisor,2.03,53.2
1790611194,rot-ai-web-1,0.00,12.8
1790611194,rot-ai-knowledge-1,0.15,153.0
1790611194,rot-ai-alarm-worker-1,0.07,38.3
1790611194,rot-ai-work-db-1,0.00,50.1
1790611194,rot-ai-graph-1,0.96,683.7
1790611194,rot-edgex-app-mqtt-export,0.15,27.9
1790611194,rot-edgex-device-modbus,0.32,23.8
1790611194,rot-edgex-core-command,0.01,13.2
1790611194,rot-edgex-ui,0.00,6.9
1790611194,rot-edgex-core-data,0.19,24.1
1790611194,rot-edgex-core-metadata,0.07,15.3
1790611194,rot-edgex-common-config,0.00,0.9
1790611194,rot-edgex-core-keeper,0.00,22.1
1790611194,rot-flink-taskmanager,4.65,1513.5
1790611194,rot-telegraf-sink,1.12,107.5
1790611194,rot-alert-republisher,0.18,88.6
1790611194,rot-kafka-exporter,0.07,20.3
1790611194,rot-telegraf-bridge,0.31,133.6
1790611194,rot-fuxa,0.55,84.6
1790611194,rot-grafana,0.08,107.0
1790611194,rot-edgex-postgres,0.09,58.1
1790611194,rot-edgex-mqtt-broker,0.05,2.0
1790611194,rot-flink-jobmanager,0.85,695.6
1790611194,rot-kafka,5.49,474.5
1790611194,rot-influxdb,0.42,105.9
1790611194,rot-prometheus,0.00,113.4
1790611194,rot-emqx,1.41,204.1
1790611194,rot-alertmanager,0.11,27.6
1790611194,rot-plant-simulator,0.42,38.9
1790611194,rot-cadvisor,0.15,50.5
1790611197,rot-ai-web-1,0.00,12.8
1790611197,rot-ai-knowledge-1,0.96,152.7
1790611197,rot-ai-alarm-worker-1,0.12,38.4
1790611197,rot-ai-work-db-1,1.01,50.8
1790611197,rot-ai-graph-1,1.44,683.7
1790611197,rot-edgex-app-mqtt-export,0.70,27.9
1790611197,rot-edgex-device-modbus,0.63,23.8
1790611197,rot-edgex-core-command,0.00,13.2
1790611197,rot-edgex-ui,0.00,6.9
1790611197,rot-edgex-core-data,0.18,23.8
1790611197,rot-edgex-core-metadata,0.00,15.3
1790611197,rot-edgex-common-config,0.00,0.9
1790611197,rot-edgex-core-keeper,1.30,21.8
1790611197,rot-flink-taskmanager,8.93,1513.5
1790611197,rot-telegraf-sink,2.61,115.3
1790611197,rot-alert-republisher,1.07,89.1
1790611197,rot-kafka-exporter,9.90,20.2
1790611197,rot-telegraf-bridge,0.49,133.4
1790611197,rot-fuxa,0.38,85.0
1790611197,rot-grafana,0.29,107.0
1790611197,rot-edgex-postgres,4.73,57.9
1790611197,rot-edgex-mqtt-broker,0.04,1.8
1790611197,rot-flink-jobmanager,2.85,694.1
1790611197,rot-kafka,150.51,513.0
1790611197,rot-influxdb,0.24,105.6
1790611197,rot-prometheus,0.43,113.6
1790611197,rot-emqx,0.86,204.3
1790611197,rot-alertmanager,0.13,27.6
1790611197,rot-plant-simulator,17.39,39.3
1790611197,rot-cadvisor,0.41,50.5
1790611201,rot-ai-web-1,0.00,12.8
1790611201,rot-ai-knowledge-1,0.18,154.2
1790611201,rot-ai-alarm-worker-1,0.09,38.4
1790611201,rot-ai-work-db-1,0.00,50.8
1790611201,rot-ai-graph-1,0.95,683.7
1790611201,rot-edgex-app-mqtt-export,0.13,27.7
1790611201,rot-edgex-device-modbus,0.38,23.6
1790611201,rot-edgex-core-command,0.00,13.2
1790611201,rot-edgex-ui,0.00,6.9
1790611201,rot-edgex-core-data,0.19,23.8
1790611201,rot-edgex-core-metadata,0.05,15.3
1790611201,rot-edgex-common-config,0.00,0.9
1790611201,rot-edgex-core-keeper,0.06,22.0
1790611201,rot-flink-taskmanager,10.03,1487.9
1790611201,rot-telegraf-sink,1.33,114.9
1790611201,rot-alert-republisher,0.27,88.1
1790611201,rot-kafka-exporter,0.03,20.0
1790611201,rot-telegraf-bridge,0.26,133.1
1790611201,rot-fuxa,0.24,84.9
1790611201,rot-grafana,0.11,107.1
1790611201,rot-edgex-postgres,0.08,57.9
1790611201,rot-edgex-mqtt-broker,0.06,1.8
1790611201,rot-flink-jobmanager,5.03,694.9
1790611201,rot-kafka,4.58,473.3
1790611201,rot-influxdb,0.36,105.6
1790611201,rot-prometheus,0.01,113.4
1790611201,rot-emqx,10.77,209.3
1790611201,rot-alertmanager,0.10,27.6
1790611201,rot-plant-simulator,0.44,39.2
1790611201,rot-cadvisor,0.25,51.0
1790611204,rot-ai-web-1,0.00,12.8
1790611204,rot-ai-knowledge-1,0.84,153.8
1790611204,rot-ai-alarm-worker-1,0.07,38.6
1790611204,rot-ai-work-db-1,0.88,50.8
1790611204,rot-ai-graph-1,197.34,878.3
1790611204,rot-edgex-app-mqtt-export,0.22,27.5
1790611204,rot-edgex-device-modbus,0.58,23.6
1790611204,rot-edgex-core-command,0.02,13.2
1790611204,rot-edgex-ui,0.00,6.9
1790611204,rot-edgex-core-data,0.32,23.8
1790611204,rot-edgex-core-metadata,0.04,15.3
1790611204,rot-edgex-common-config,0.00,0.9
1790611204,rot-edgex-core-keeper,0.00,21.8
1790611204,rot-flink-taskmanager,12.57,1488.9
1790611204,rot-telegraf-sink,3.64,115.4
1790611204,rot-alert-republisher,0.38,88.6
1790611204,rot-kafka-exporter,0.05,20.0
1790611204,rot-telegraf-bridge,0.39,132.9
1790611204,rot-fuxa,2.99,86.1
1790611204,rot-grafana,0.14,107.1
1790611204,rot-edgex-postgres,0.13,57.9
1790611204,rot-edgex-mqtt-broker,0.07,2.3
1790611204,rot-flink-jobmanager,1.86,698.0
1790611204,rot-kafka,5.21,474.0
1790611204,rot-influxdb,5.41,105.7
1790611204,rot-prometheus,0.00,113.6
1790611204,rot-emqx,1.56,204.9
1790611204,rot-alertmanager,0.12,27.6
1790611204,rot-plant-simulator,0.87,39.7
1790611204,rot-cadvisor,0.43,51.0
1790611207,rot-ai-web-1,0.00,12.8
1790611207,rot-ai-knowledge-1,0.54,154.3
1790611207,rot-ai-alarm-worker-1,0.08,38.4
1790611207,rot-ai-work-db-1,0.63,50.9
1790611207,rot-ai-graph-1,0.73,685.2
1790611207,rot-edgex-app-mqtt-export,0.32,27.5
1790611207,rot-edgex-device-modbus,0.40,23.6
1790611207,rot-edgex-core-command,0.19,16.2
1790611207,rot-edgex-ui,0.00,6.9
1790611207,rot-edgex-core-data,0.61,24.9
1790611207,rot-edgex-core-metadata,0.00,15.3
1790611207,rot-edgex-common-config,0.00,0.9
1790611207,rot-edgex-core-keeper,0.80,22.6
1790611207,rot-flink-taskmanager,7.91,1484.8
1790611207,rot-telegraf-sink,0.81,114.9
1790611207,rot-alert-republisher,0.23,88.1
1790611207,rot-kafka-exporter,4.51,20.3
1790611207,rot-telegraf-bridge,0.36,133.5
1790611207,rot-fuxa,0.17,84.9
1790611207,rot-grafana,0.05,107.1
1790611207,rot-edgex-postgres,3.10,58.2
1790611207,rot-edgex-mqtt-broker,0.06,1.8
1790611207,rot-flink-jobmanager,1.28,701.7
1790611207,rot-kafka,10.65,474.9
1790611207,rot-influxdb,0.18,105.6
1790611207,rot-prometheus,0.22,118.0
1790611207,rot-emqx,0.90,204.8
1790611207,rot-alertmanager,0.18,30.6
1790611207,rot-plant-simulator,7.78,40.2
1790611207,rot-cadvisor,0.48,50.6
1790611211,rot-ai-web-1,0.00,13.2
1790611211,rot-ai-knowledge-1,0.19,153.8
1790611211,rot-ai-alarm-worker-1,0.08,38.6
1790611211,rot-ai-work-db-1,7.30,50.9
1790611211,rot-ai-graph-1,0.96,685.2
1790611211,rot-edgex-app-mqtt-export,0.12,27.7
1790611211,rot-edgex-device-modbus,0.49,23.6
1790611211,rot-edgex-core-command,0.00,16.2
1790611211,rot-edgex-ui,0.00,6.9
1790611211,rot-edgex-core-data,0.19,24.0
1790611211,rot-edgex-core-metadata,0.00,15.3
1790611211,rot-edgex-common-config,0.00,0.9
1790611211,rot-edgex-core-keeper,0.05,21.9
1790611211,rot-flink-taskmanager,9.32,1488.9
1790611211,rot-telegraf-sink,1.39,115.4
1790611211,rot-alert-republisher,0.28,88.3
1790611211,rot-kafka-exporter,0.09,20.1
1790611211,rot-telegraf-bridge,0.35,133.0
1790611211,rot-fuxa,0.22,84.9
1790611211,rot-grafana,0.10,107.1
1790611211,rot-edgex-postgres,0.11,57.9
1790611211,rot-edgex-mqtt-broker,0.06,2.0
1790611211,rot-flink-jobmanager,7.78,702.6
1790611211,rot-kafka,107.09,474.4
1790611211,rot-influxdb,0.50,106.1
1790611211,rot-prometheus,0.05,117.8
1790611211,rot-emqx,0.63,205.1
1790611211,rot-alertmanager,0.11,30.6
1790611211,rot-plant-simulator,0.61,38.9
1790611211,rot-cadvisor,0.35,51.4
1790611214,rot-ai-web-1,0.00,12.8
1790611214,rot-ai-knowledge-1,0.73,154.3
1790611214,rot-ai-alarm-worker-1,0.09,38.6
1790611214,rot-ai-work-db-1,0.63,50.8
1790611214,rot-ai-graph-1,1.10,685.2
1790611214,rot-edgex-app-mqtt-export,0.22,27.5
1790611214,rot-edgex-device-modbus,0.63,23.8
1790611214,rot-edgex-core-command,0.03,16.4
1790611214,rot-edgex-ui,0.00,6.9
1790611214,rot-edgex-core-data,0.28,24.2
1790611214,rot-edgex-core-metadata,0.03,15.3
1790611214,rot-edgex-common-config,0.00,0.9
1790611214,rot-edgex-core-keeper,0.00,21.8
1790611214,rot-flink-taskmanager,6.53,1488.9
1790611214,rot-telegraf-sink,1.18,115.2
1790611214,rot-alert-republisher,0.32,88.8
1790611214,rot-kafka-exporter,0.03,20.1
1790611214,rot-telegraf-bridge,0.35,133.0
1790611214,rot-fuxa,0.21,85.1
1790611214,rot-grafana,0.06,107.1
1790611214,rot-edgex-postgres,0.13,57.9
1790611214,rot-edgex-mqtt-broker,0.08,2.0
1790611214,rot-flink-jobmanager,1.67,705.3
1790611214,rot-kafka,9.43,477.0
1790611214,rot-influxdb,4.07,106.6
1790611214,rot-prometheus,0.00,118.0
1790611214,rot-emqx,30.33,205.0
1790611214,rot-alertmanager,0.09,30.6
1790611214,rot-plant-simulator,0.65,38.9
1790611214,rot-cadvisor,0.31,51.5
1790611217,rot-ai-web-1,0.00,12.6
1790611217,rot-ai-knowledge-1,0.19,152.7
1790611217,rot-ai-alarm-worker-1,0.12,38.1
1790611217,rot-ai-work-db-1,0.00,49.1
1790611217,rot-ai-graph-1,112.07,681.8
1790611217,rot-edgex-app-mqtt-export,0.32,27.6
1790611217,rot-edgex-device-modbus,0.48,22.9
1790611217,rot-edgex-core-command,0.12,15.6
1790611217,rot-edgex-ui,0.00,6.9
1790611217,rot-edgex-core-data,0.47,23.3
1790611217,rot-edgex-core-metadata,0.00,15.0
1790611217,rot-edgex-common-config,0.00,0.9
1790611217,rot-edgex-core-keeper,1.03,22.1
1790611217,rot-flink-taskmanager,16.09,1515.5
1790611217,rot-telegraf-sink,1.39,110.3
1790611217,rot-alert-republisher,0.34,83.4
1790611217,rot-kafka-exporter,8.00,20.5
1790611217,rot-telegraf-bridge,0.51,127.9
1790611217,rot-fuxa,0.17,84.7
1790611217,rot-grafana,0.07,102.6
1790611217,rot-edgex-postgres,4.52,58.8
1790611217,rot-edgex-mqtt-broker,0.09,2.0
1790611217,rot-flink-jobmanager,1.70,708.5
1790611217,rot-kafka,13.59,471.4
1790611217,rot-influxdb,0.21,102.6
1790611217,rot-prometheus,1.65,114.6
1790611217,rot-emqx,0.91,203.3
1790611217,rot-alertmanager,0.17,29.6
1790611217,rot-plant-simulator,0.43,38.6
1790611217,rot-cadvisor,0.35,50.6
1790611220,rot-ai-web-1,0.00,12.6
1790611220,rot-ai-knowledge-1,0.24,154.0
1790611220,rot-ai-alarm-worker-1,0.16,38.1
1790611220,rot-ai-work-db-1,9.08,49.5
1790611220,rot-ai-graph-1,4.58,680.9
1790611220,rot-edgex-app-mqtt-export,0.24,26.8
1790611220,rot-edgex-device-modbus,1.30,23.1
1790611220,rot-edgex-core-command,0.00,15.6
1790611220,rot-edgex-ui,0.00,6.9
1790611220,rot-edgex-core-data,0.46,23.1
1790611220,rot-edgex-core-metadata,0.00,15.0
1790611220,rot-edgex-common-config,0.00,0.9
1790611220,rot-edgex-core-keeper,0.07,22.4
1790611220,rot-flink-taskmanager,37.37,1516.5
1790611220,rot-telegraf-sink,3.03,111.1
1790611220,rot-alert-republisher,0.31,83.6
1790611220,rot-kafka-exporter,0.14,20.0
1790611220,rot-telegraf-bridge,0.42,127.9
1790611220,rot-fuxa,0.52,84.7
1790611220,rot-grafana,0.15,102.6
1790611220,rot-edgex-postgres,0.09,57.4
1790611220,rot-edgex-mqtt-broker,0.05,1.8
1790611220,rot-flink-jobmanager,16.03,709.6
1790611220,rot-kafka,36.50,473.7
1790611220,rot-influxdb,0.58,102.6
1790611220,rot-prometheus,0.06,114.7
1790611220,rot-emqx,2.18,203.3
1790611220,rot-alertmanager,0.33,29.6
1790611220,rot-plant-simulator,0.75,40.1
1790611220,rot-cadvisor,0.45,50.4
1790611224,rot-ai-web-1,0.00,12.6
1790611224,rot-ai-knowledge-1,1.06,154.3
1790611224,rot-ai-alarm-worker-1,0.11,38.4
1790611224,rot-ai-work-db-1,1.56,49.5
1790611224,rot-ai-graph-1,4.13,680.9
1790611224,rot-edgex-app-mqtt-export,0.18,27.1
1790611224,rot-edgex-device-modbus,0.76,22.9
1790611224,rot-edgex-core-command,0.02,15.6
1790611224,rot-edgex-ui,0.00,6.9
1790611224,rot-edgex-core-data,0.26,23.4
1790611224,rot-edgex-core-metadata,0.04,15.0
1790611224,rot-edgex-common-config,0.00,0.9
1790611224,rot-edgex-core-keeper,0.00,21.8
1790611224,rot-flink-taskmanager,9.85,1501.2
1790611224,rot-telegraf-sink,1.87,110.8
1790611224,rot-alert-republisher,0.31,83.9
1790611224,rot-kafka-exporter,0.05,20.0
1790611224,rot-telegraf-bridge,0.60,129.4
1790611224,rot-fuxa,0.23,84.2
1790611224,rot-grafana,0.12,102.6
1790611224,rot-edgex-postgres,0.26,57.9
1790611224,rot-edgex-mqtt-broker,0.10,2.0
1790611224,rot-flink-jobmanager,1.34,711.8
1790611224,rot-kafka,80.76,473.4
1790611224,rot-influxdb,7.20,103.9
1790611224,rot-prometheus,0.00,114.7
1790611224,rot-emqx,126.71,240.1
1790611224,rot-alertmanager,0.17,29.6
1790611224,rot-plant-simulator,0.54,40.1
1790611224,rot-cadvisor,0.12,50.6
1790611228,rot-ai-web-1,0.00,12.6
1790611228,rot-ai-knowledge-1,1.17,154.6
1790611228,rot-ai-alarm-worker-1,0.10,38.1
1790611228,rot-ai-work-db-1,2.79,49.6
1790611228,rot-ai-graph-1,119.48,756.9
1790611228,rot-edgex-app-mqtt-export,0.35,26.8
1790611228,rot-edgex-device-modbus,0.43,22.6
1790611228,rot-edgex-core-command,0.00,15.6
1790611228,rot-edgex-ui,0.00,6.9
1790611228,rot-edgex-core-data,0.19,23.2
1790611228,rot-edgex-core-metadata,0.00,15.0
1790611228,rot-edgex-common-config,0.00,0.9
1790611228,rot-edgex-core-keeper,0.56,21.9
1790611228,rot-flink-taskmanager,8.30,1502.2
1790611228,rot-telegraf-sink,4.06,110.1
1790611228,rot-alert-republisher,0.81,83.6
1790611228,rot-kafka-exporter,6.69,19.3
1790611228,rot-telegraf-bridge,0.43,133.3
1790611228,rot-fuxa,0.29,84.5
1790611228,rot-grafana,0.21,102.6
1790611228,rot-edgex-postgres,5.94,57.4
1790611228,rot-edgex-mqtt-broker,0.05,1.8
1790611228,rot-flink-jobmanager,2.79,717.0
1790611228,rot-kafka,16.30,472.6
1790611228,rot-influxdb,0.13,103.8
1790611228,rot-prometheus,0.36,114.7
1790611228,rot-emqx,1.83,204.8
1790611228,rot-alertmanager,0.17,29.6
1790611228,rot-plant-simulator,12.96,49.5
1790611228,rot-cadvisor,0.28,50.6
1790611231,rot-ai-web-1,0.00,12.6
1790611231,rot-ai-knowledge-1,0.83,154.4
1790611231,rot-ai-alarm-worker-1,0.09,38.4
1790611231,rot-ai-work-db-1,0.84,48.8
1790611231,rot-ai-graph-1,1.07,680.9
1790611231,rot-edgex-app-mqtt-export,0.57,26.8
1790611231,rot-edgex-device-modbus,1.66,22.2
1790611231,rot-edgex-core-command,0.05,15.5
1790611231,rot-edgex-ui,0.00,6.9
1790611231,rot-edgex-core-data,1.19,25.0
1790611231,rot-edgex-core-metadata,0.07,14.9
1790611231,rot-edgex-common-config,0.01,0.9
1790611231,rot-edgex-core-keeper,0.07,21.9
1790611231,rot-flink-taskmanager,17.58,1487.9
1790611231,rot-telegraf-sink,1.47,108.1
1790611231,rot-alert-republisher,0.38,81.1
1790611231,rot-kafka-exporter,0.07,19.4
1790611231,rot-telegraf-bridge,0.33,132.8
1790611231,rot-fuxa,0.20,84.0
1790611231,rot-grafana,0.07,100.6
1790611231,rot-edgex-postgres,0.12,57.6
1790611231,rot-edgex-mqtt-broker,0.07,1.8
1790611231,rot-flink-jobmanager,25.35,736.2
1790611231,rot-kafka,6.22,473.6
1790611231,rot-influxdb,0.05,102.6
1790611231,rot-prometheus,0.41,113.4
1790611231,rot-emqx,1.40,203.4
1790611231,rot-alertmanager,0.13,29.1
1790611231,rot-plant-simulator,0.96,39.7
1790611231,rot-cadvisor,1.35,50.0
1790611235,rot-ai-web-1,0.00,12.6
1790611235,rot-ai-knowledge-1,1.32,153.9
1790611235,rot-ai-alarm-worker-1,0.10,38.4
1790611235,rot-ai-work-db-1,1.63,50.2
1790611235,rot-ai-graph-1,1.53,680.9
1790611235,rot-edgex-app-mqtt-export,0.17,26.8
1790611235,rot-edgex-device-modbus,0.64,22.2
1790611235,rot-edgex-core-command,0.00,15.3
1790611235,rot-edgex-ui,0.00,6.9
1790611235,rot-edgex-core-data,0.36,25.0
1790611235,rot-edgex-core-metadata,0.00,14.9
1790611235,rot-edgex-common-config,0.01,0.9
1790611235,rot-edgex-core-keeper,0.03,21.6
1790611235,rot-flink-taskmanager,23.60,1487.9
1790611235,rot-telegraf-sink,1.18,107.9
1790611235,rot-alert-republisher,0.47,81.6
1790611235,rot-kafka-exporter,0.04,19.4
1790611235,rot-telegraf-bridge,0.43,132.5
1790611235,rot-fuxa,0.26,84.3
1790611235,rot-grafana,0.11,100.6
1790611235,rot-edgex-postgres,0.14,57.5
1790611235,rot-edgex-mqtt-broker,0.08,1.8
1790611235,rot-flink-jobmanager,8.10,739.9
1790611235,rot-kafka,197.77,540.1
1790611235,rot-influxdb,0.11,103.9
1790611235,rot-prometheus,1.69,122.0
1790611235,rot-emqx,110.43,213.6
1790611235,rot-alertmanager,0.17,29.1
1790611235,rot-plant-simulator,0.90,39.4
1790611235,rot-cadvisor,6.98,50.2
1790611239,rot-ai-web-1,1.75,12.7
1790611239,rot-ai-knowledge-1,2.80,156.1
1790611239,rot-ai-alarm-worker-1,0.08,38.5
1790611239,rot-ai-work-db-1,0.00,48.8
1790611239,rot-ai-graph-1,0.60,680.9
1790611239,rot-edgex-app-mqtt-export,0.10,26.8
1790611239,rot-edgex-device-modbus,0.24,22.5
1790611239,rot-edgex-core-command,0.03,15.5
1790611239,rot-edgex-ui,0.00,6.9
1790611239,rot-edgex-core-data,0.12,25.0
1790611239,rot-edgex-core-metadata,0.02,14.9
1790611239,rot-edgex-common-config,0.00,0.9
1790611239,rot-edgex-core-keeper,0.00,21.6
1790611239,rot-flink-taskmanager,3.48,1488.9
1790611239,rot-telegraf-sink,0.98,108.6
1790611239,rot-alert-republisher,0.17,81.4
1790611239,rot-kafka-exporter,0.05,19.6
1790611239,rot-telegraf-bridge,0.17,132.5
1790611239,rot-fuxa,0.15,83.6
1790611239,rot-grafana,0.10,100.6
1790611239,rot-edgex-postgres,0.07,57.8
1790611239,rot-edgex-mqtt-broker,0.04,2.0
1790611239,rot-flink-jobmanager,0.68,739.5
1790611239,rot-kafka,3.48,472.5
1790611239,rot-influxdb,0.26,103.9
1790611239,rot-prometheus,0.45,123.2
1790611239,rot-emqx,1.26,204.4
1790611239,rot-alertmanager,0.06,29.1
1790611239,rot-plant-simulator,1.14,39.6
1790611239,rot-cadvisor,0.29,50.2
1790611242,rot-ai-web-1,0.00,12.6
1790611242,rot-ai-knowledge-1,0.55,154.5
1790611242,rot-ai-alarm-worker-1,0.08,38.5
1790611242,rot-ai-work-db-1,0.45,48.7
1790611242,rot-ai-graph-1,98.85,682.5
1790611242,rot-edgex-app-mqtt-export,0.25,26.8
1790611242,rot-edgex-device-modbus,0.45,22.5
1790611242,rot-edgex-core-command,0.05,15.3
1790611242,rot-edgex-ui,0.00,6.9
1790611242,rot-edgex-core-data,0.20,25.2
1790611242,rot-edgex-core-metadata,0.00,14.9
1790611242,rot-edgex-common-config,0.00,0.9
1790611242,rot-edgex-core-keeper,0.08,21.6
1790611242,rot-flink-taskmanager,4.45,1488.9
1790611242,rot-telegraf-sink,0.95,108.6
1790611242,rot-alert-republisher,0.38,81.1
1790611242,rot-kafka-exporter,0.03,19.8
1790611242,rot-telegraf-bridge,0.26,132.9
1790611242,rot-fuxa,0.13,83.9
1790611242,rot-grafana,0.10,100.6
1790611242,rot-edgex-postgres,2.82,59.0
1790611242,rot-edgex-mqtt-broker,0.05,1.8
1790611242,rot-flink-jobmanager,1.65,742.4
1790611242,rot-kafka,4.12,473.3
1790611242,rot-influxdb,0.42,104.6
1790611242,rot-prometheus,0.12,123.4
1790611242,rot-emqx,0.82,204.8
1790611242,rot-alertmanager,0.08,29.1
1790611242,rot-plant-simulator,0.38,39.8
1790611242,rot-cadvisor,0.30,51.5
1790611246,rot-ai-web-1,0.00,12.6
1790611246,rot-ai-knowledge-1,0.50,154.7
1790611246,rot-ai-alarm-worker-1,0.06,38.8
1790611246,rot-ai-work-db-1,4.13,49.2
1790611246,rot-ai-graph-1,0.73,682.2
1790611246,rot-edgex-app-mqtt-export,0.68,26.8
1790611246,rot-edgex-device-modbus,0.27,22.2
1790611246,rot-edgex-core-command,0.00,15.3
1790611246,rot-edgex-ui,0.00,6.9
1790611246,rot-edgex-core-data,0.72,25.2
1790611246,rot-edgex-core-metadata,0.07,15.2
1790611246,rot-edgex-common-config,0.00,0.9
1790611246,rot-edgex-core-keeper,0.14,22.4
1790611246,rot-flink-taskmanager,11.84,1488.9
1790611246,rot-telegraf-sink,0.99,111.3
1790611246,rot-alert-republisher,0.24,81.4
1790611246,rot-kafka-exporter,0.06,20.0
1790611246,rot-telegraf-bridge,0.29,132.6
1790611246,rot-fuxa,0.18,84.0
1790611246,rot-grafana,0.04,100.6
1790611246,rot-edgex-postgres,0.33,58.0
1790611246,rot-edgex-mqtt-broker,0.08,1.8
1790611246,rot-flink-jobmanager,3.87,746.9
1790611246,rot-kafka,6.30,472.6
1790611246,rot-influxdb,0.23,104.1
1790611246,rot-prometheus,0.14,123.4
1790611246,rot-emqx,0.46,204.4
1790611246,rot-alertmanager,0.06,29.1
1790611246,rot-plant-simulator,0.34,40.3
1790611246,rot-cadvisor,0.32,52.0
1790611249,rot-ai-web-1,2.83,13.6
1790611249,rot-ai-knowledge-1,0.52,155.2
1790611249,rot-ai-alarm-worker-1,0.06,38.5
1790611249,rot-ai-work-db-1,0.49,49.0
1790611249,rot-ai-graph-1,0.68,682.4
1790611249,rot-edgex-app-mqtt-export,0.15,26.8
1790611249,rot-edgex-device-modbus,0.41,22.5
1790611249,rot-edgex-core-command,0.00,15.3
1790611249,rot-edgex-ui,0.00,6.9
1790611249,rot-edgex-core-data,0.14,25.0
1790611249,rot-edgex-core-metadata,0.00,14.9
1790611249,rot-edgex-common-config,0.00,0.9
1790611249,rot-edgex-core-keeper,0.00,21.6
1790611249,rot-flink-taskmanager,3.39,1488.9
1790611249,rot-telegraf-sink,0.84,111.5
1790611249,rot-alert-republisher,0.14,81.4
1790611249,rot-kafka-exporter,0.03,20.4
1790611249,rot-telegraf-bridge,0.40,133.1
1790611249,rot-fuxa,0.11,84.2
1790611249,rot-grafana,0.04,100.6
1790611249,rot-edgex-postgres,0.09,57.8
1790611249,rot-edgex-mqtt-broker,0.06,2.0
1790611249,rot-flink-jobmanager,1.30,747.7
1790611249,rot-kafka,2.97,474.0
1790611249,rot-influxdb,0.03,104.1
1790611249,rot-prometheus,0.04,123.6
1790611249,rot-emqx,0.48,204.6
1790611249,rot-alertmanager,0.06,29.1
1790611249,rot-plant-simulator,0.32,39.8
1790611249,rot-cadvisor,0.21,51.5
1790611253,rot-ai-web-1,0.00,12.6
1790611253,rot-ai-knowledge-1,0.16,154.5
1790611253,rot-ai-alarm-worker-1,0.07,38.5
1790611253,rot-ai-work-db-1,1.02,49.2
1790611253,rot-ai-graph-1,206.24,864.6
1790611253,rot-edgex-app-mqtt-export,0.61,26.8
1790611253,rot-edgex-device-modbus,0.39,22.2
1790611253,rot-edgex-core-command,0.00,15.3
1790611253,rot-edgex-ui,0.00,6.9
1790611253,rot-edgex-core-data,0.16,25.2
1790611253,rot-edgex-core-metadata,0.02,14.9
1790611253,rot-edgex-common-config,0.00,0.9
1790611253,rot-edgex-core-keeper,0.03,21.6
1790611253,rot-flink-taskmanager,5.14,1488.9
1790611253,rot-telegraf-sink,0.99,110.8
1790611253,rot-alert-republisher,0.30,81.6
1790611253,rot-kafka-exporter,0.07,20.4
1790611253,rot-telegraf-bridge,0.31,133.4
1790611253,rot-fuxa,0.20,83.5
1790611253,rot-grafana,0.04,100.6
1790611253,rot-edgex-postgres,4.26,57.6
1790611253,rot-edgex-mqtt-broker,0.06,2.0
1790611253,rot-flink-jobmanager,2.35,748.3
1790611253,rot-kafka,3.88,472.2
1790611253,rot-influxdb,3.01,104.4
1790611253,rot-prometheus,0.24,123.7
1790611253,rot-emqx,3.38,205.2
1790611253,rot-alertmanager,0.12,29.1
1790611253,rot-plant-simulator,0.52,39.8
1790611253,rot-cadvisor,0.14,51.5
1790611257,rot-ai-web-1,0.00,12.6
1790611257,rot-ai-knowledge-1,0.16,154.3
1790611257,rot-ai-alarm-worker-1,0.12,38.5
1790611257,rot-ai-work-db-1,0.00,48.7
1790611257,rot-ai-graph-1,0.76,681.9
1790611257,rot-edgex-app-mqtt-export,0.63,27.3
1790611257,rot-edgex-device-modbus,0.44,22.6
1790611257,rot-edgex-core-command,0.08,15.3
1790611257,rot-edgex-ui,0.00,6.9
1790611257,rot-edgex-core-data,0.25,24.9
1790611257,rot-edgex-core-metadata,0.00,14.9
1790611257,rot-edgex-common-config,0.00,0.9
1790611257,rot-edgex-core-keeper,0.83,22.6
1790611257,rot-flink-taskmanager,13.23,1492.0
1790611257,rot-telegraf-sink,0.99,110.4
1790611257,rot-alert-republisher,0.32,81.3
1790611257,rot-kafka-exporter,6.30,20.8
1790611257,rot-telegraf-bridge,0.33,131.9
1790611257,rot-fuxa,0.41,83.9
1790611257,rot-grafana,0.07,100.3
1790611257,rot-edgex-postgres,0.27,58.4
1790611257,rot-edgex-mqtt-broker,0.05,1.8
1790611257,rot-flink-jobmanager,1.83,752.4
1790611257,rot-kafka,10.54,473.8
1790611257,rot-influxdb,0.45,103.8
1790611257,rot-prometheus,1.29,123.9
1790611257,rot-emqx,1.12,204.0
1790611257,rot-alertmanager,0.09,29.0
1790611257,rot-plant-simulator,0.50,39.8
1790611257,rot-cadvisor,0.24,51.1
1790611260,rot-ai-web-1,3.42,12.8
1790611260,rot-ai-knowledge-1,0.65,154.7
1790611260,rot-ai-alarm-worker-1,0.08,38.8
1790611260,rot-ai-work-db-1,0.72,48.6
1790611260,rot-ai-graph-1,0.77,681.9
1790611260,rot-edgex-app-mqtt-export,0.10,27.0
1790611260,rot-edgex-device-modbus,0.37,22.4
1790611260,rot-edgex-core-command,0.00,15.3
1790611260,rot-edgex-ui,0.00,6.9
1790611260,rot-edgex-core-data,0.11,25.2
1790611260,rot-edgex-core-metadata,0.00,14.9
1790611260,rot-edgex-common-config,0.00,0.9
1790611260,rot-edgex-core-keeper,0.05,21.9
1790611260,rot-flink-taskmanager,4.21,1493.0
1790611260,rot-telegraf-sink,1.14,110.4
1790611260,rot-alert-republisher,0.17,81.3
1790611260,rot-kafka-exporter,0.03,20.3
1790611260,rot-telegraf-bridge,0.23,132.2
1790611260,rot-fuxa,0.12,83.9
1790611260,rot-grafana,0.07,100.3
1790611260,rot-edgex-postgres,0.12,57.8
1790611260,rot-edgex-mqtt-broker,0.06,1.8
1790611260,rot-flink-jobmanager,4.39,753.1
1790611260,rot-kafka,66.96,472.4
1790611260,rot-influxdb,0.22,103.8
1790611260,rot-prometheus,1.65,124.3
1790611260,rot-emqx,0.49,204.6
1790611260,rot-alertmanager,0.10,29.0
1790611260,rot-plant-simulator,0.52,39.8
1790611260,rot-cadvisor,0.11,51.6
1790611264,rot-ai-web-1,0.00,12.6
1790611264,rot-ai-knowledge-1,0.56,154.4
1790611264,rot-ai-alarm-worker-1,0.09,38.5
1790611264,rot-ai-work-db-1,0.51,48.6
1790611264,rot-ai-graph-1,28.42,729.4
1790611264,rot-edgex-app-mqtt-export,0.11,27.0
1790611264,rot-edgex-device-modbus,0.23,22.2
1790611264,rot-edgex-core-command,0.02,15.2
1790611264,rot-edgex-ui,0.00,6.9
1790611264,rot-edgex-core-data,0.17,25.4
1790611264,rot-edgex-core-metadata,0.02,14.9
1790611264,rot-edgex-common-config,0.01,0.9
1790611264,rot-edgex-core-keeper,0.00,21.6
1790611264,rot-flink-taskmanager,5.17,1493.0
1790611264,rot-telegraf-sink,1.19,111.2
1790611264,rot-alert-republisher,0.23,81.3
1790611264,rot-kafka-exporter,0.04,20.3
1790611264,rot-telegraf-bridge,0.34,138.0
1790611264,rot-fuxa,0.55,83.5
1790611264,rot-grafana,0.03,100.3
1790611264,rot-edgex-postgres,0.07,57.8
1790611264,rot-edgex-mqtt-broker,0.07,2.0
1790611264,rot-flink-jobmanager,0.84,754.2
1790611264,rot-kafka,3.61,472.0
1790611264,rot-influxdb,3.54,104.5
1790611264,rot-prometheus,0.00,124.1
1790611264,rot-emqx,0.68,204.6
1790611264,rot-alertmanager,0.09,29.0
1790611264,rot-plant-simulator,0.37,39.8
1790611264,rot-cadvisor,0.23,51.4
1790611268,rot-ai-web-1,0.00,12.5
1790611268,rot-ai-knowledge-1,0.19,154.0
1790611268,rot-ai-alarm-worker-1,0.09,38.1
1790611268,rot-ai-work-db-1,0.00,47.9
1790611268,rot-ai-graph-1,26.92,680.8
1790611268,rot-edgex-app-mqtt-export,0.49,26.9
1790611268,rot-edgex-device-modbus,0.47,22.1
1790611268,rot-edgex-core-command,0.00,15.3
1790611268,rot-edgex-ui,0.00,6.8
1790611268,rot-edgex-core-data,0.24,24.8
1790611268,rot-edgex-core-metadata,0.00,14.7
1790611268,rot-edgex-common-config,0.00,0.9
1790611268,rot-edgex-core-keeper,0.58,21.8
1790611268,rot-flink-taskmanager,6.05,1489.9
1790611268,rot-telegraf-sink,1.49,108.9
1790611268,rot-alert-republisher,0.38,80.1
1790611268,rot-kafka-exporter,8.24,21.2
1790611268,rot-telegraf-bridge,0.44,135.1
1790611268,rot-fuxa,0.25,83.5
1790611268,rot-grafana,0.15,99.2
1790611268,rot-edgex-postgres,0.30,58.4
1790611268,rot-edgex-mqtt-broker,0.08,1.8
1790611268,rot-flink-jobmanager,1.71,757.5
1790611268,rot-kafka,14.50,472.8
1790611268,rot-influxdb,0.17,103.0
1790611268,rot-prometheus,0.36,122.8
1790611268,rot-emqx,0.70,203.3
1790611268,rot-alertmanager,0.13,28.6
1790611268,rot-plant-simulator,0.64,39.4
1790611268,rot-cadvisor,0.36,51.1
1790611271,rot-ai-web-1,0.00,12.5
1790611271,rot-ai-knowledge-1,0.18,154.3
1790611271,rot-ai-alarm-worker-1,0.08,38.3
1790611271,rot-ai-work-db-1,4.83,48.9
1790611271,rot-ai-graph-1,0.96,680.7
1790611271,rot-edgex-app-mqtt-export,0.46,26.7
1790611271,rot-edgex-device-modbus,0.43,24.4
1790611271,rot-edgex-core-command,0.08,15.1
1790611271,rot-edgex-ui,0.00,6.8
1790611271,rot-edgex-core-data,0.25,25.1
1790611271,rot-edgex-core-metadata,0.06,14.7
1790611271,rot-edgex-common-config,0.00,0.9
1790611271,rot-edgex-core-keeper,0.02,21.3
1790611271,rot-flink-taskmanager,8.38,1490.9
1790611271,rot-telegraf-sink,1.57,109.1
1790611271,rot-alert-republisher,0.28,79.1
1790611271,rot-kafka-exporter,0.05,20.8
1790611271,rot-telegraf-bridge,0.50,135.6
1790611271,rot-fuxa,0.20,84.0
1790611271,rot-grafana,0.09,99.2
1790611271,rot-edgex-postgres,0.09,57.8
1790611271,rot-edgex-mqtt-broker,0.06,1.8
1790611271,rot-flink-jobmanager,6.86,759.4
1790611271,rot-kafka,153.84,528.7
1790611271,rot-influxdb,0.04,102.8
1790611271,rot-prometheus,0.24,122.8
1790611271,rot-emqx,1.24,204.3
1790611271,rot-alertmanager,0.09,28.6
1790611271,rot-plant-simulator,0.51,39.5
1790611271,rot-cadvisor,1.07,50.8
1790611275,rot-ai-web-1,0.00,12.5
1790611275,rot-ai-knowledge-1,0.17,154.6
1790611275,rot-ai-alarm-worker-1,0.08,38.3
1790611275,rot-ai-work-db-1,0.00,48.5
1790611275,rot-ai-graph-1,0.96,680.7
1790611275,rot-edgex-app-mqtt-export,0.10,26.5
1790611275,rot-edgex-device-modbus,0.28,24.4
1790611275,rot-edgex-core-command,0.00,15.0
1790611275,rot-edgex-ui,0.00,6.8
1790611275,rot-edgex-core-data,0.10,25.4
1790611275,rot-edgex-core-metadata,0.00,14.7
1790611275,rot-edgex-common-config,0.00,0.9
1790611275,rot-edgex-core-keeper,0.07,21.3
1790611275,rot-flink-taskmanager,4.05,1490.9
1790611275,rot-telegraf-sink,0.93,109.1
1790611275,rot-alert-republisher,0.19,79.9
1790611275,rot-kafka-exporter,0.08,21.1
1790611275,rot-telegraf-bridge,0.26,135.9
1790611275,rot-fuxa,0.14,84.2
1790611275,rot-grafana,0.10,99.2
1790611275,rot-edgex-postgres,0.10,58.1
1790611275,rot-edgex-mqtt-broker,0.05,2.0
1790611275,rot-flink-jobmanager,0.76,760.9
1790611275,rot-kafka,4.73,475.0
1790611275,rot-influxdb,0.24,104.1
1790611275,rot-prometheus,0.06,122.9
1790611275,rot-emqx,2.47,204.0
1790611275,rot-alertmanager,0.12,28.6
1790611275,rot-plant-simulator,0.32,39.7
1790611275,rot-cadvisor,0.08,51.3
1790611278,rot-ai-web-1,0.00,12.5
1790611278,rot-ai-knowledge-1,0.97,154.1
1790611278,rot-ai-alarm-worker-1,0.14,38.3
1790611278,rot-ai-work-db-1,0.86,47.8
1790611278,rot-ai-graph-1,214.38,841.4
1790611278,rot-edgex-app-mqtt-export,0.17,26.4
1790611278,rot-edgex-device-modbus,0.59,23.9
1790611278,rot-edgex-core-command,0.00,14.8
1790611278,rot-edgex-ui,0.00,6.8
1790611278,rot-edgex-core-data,0.27,24.7
1790611278,rot-edgex-core-metadata,0.04,14.5
1790611278,rot-edgex-common-config,0.00,0.9
1790611278,rot-edgex-core-keeper,0.07,21.2
1790611278,rot-flink-taskmanager,17.95,1492.0
1790611278,rot-telegraf-sink,2.28,106.9
1790611278,rot-alert-republisher,0.35,77.7
1790611278,rot-kafka-exporter,0.07,20.4
1790611278,rot-telegraf-bridge,1.02,133.3
1790611278,rot-fuxa,0.24,82.7
1790611278,rot-grafana,0.76,98.5
1790611278,rot-edgex-postgres,5.23,57.7
1790611278,rot-edgex-mqtt-broker,0.09,2.0
1790611278,rot-flink-jobmanager,1.54,763.6
1790611278,rot-kafka,6.22,472.2
1790611278,rot-influxdb,0.45,102.8
1790611278,rot-prometheus,0.83,122.2
1790611278,rot-emqx,1.77,203.7
1790611278,rot-alertmanager,0.14,28.2
1790611278,rot-plant-simulator,16.49,50.8
1790611278,rot-cadvisor,0.37,50.2
1790611282,rot-ai-web-1,0.00,12.5
1790611282,rot-ai-knowledge-1,0.48,154.3
1790611282,rot-ai-alarm-worker-1,0.04,38.3
1790611282,rot-ai-work-db-1,4.06,48.6
1790611282,rot-ai-graph-1,0.60,680.1
1790611282,rot-edgex-app-mqtt-export,0.60,26.7
1790611282,rot-edgex-device-modbus,0.69,24.3
1790611282,rot-edgex-core-command,0.04,14.8
1790611282,rot-edgex-ui,0.00,6.8
1790611282,rot-edgex-core-data,0.51,25.0
1790611282,rot-edgex-core-metadata,0.00,14.4
1790611282,rot-edgex-common-config,0.00,0.9
1790611282,rot-edgex-core-keeper,0.16,20.9
1790611282,rot-flink-taskmanager,7.80,1507.3
1790611282,rot-telegraf-sink,0.80,106.2
1790611282,rot-alert-republisher,0.33,76.7
1790611282,rot-kafka-exporter,0.03,20.2
1790611282,rot-telegraf-bridge,0.30,131.9
1790611282,rot-fuxa,0.40,83.3
1790611282,rot-grafana,0.05,97.0
1790611282,rot-edgex-postgres,0.30,58.0
1790611282,rot-edgex-mqtt-broker,0.05,1.8
1790611282,rot-flink-jobmanager,2.00,767.7
1790611282,rot-kafka,3.48,471.0
1790611282,rot-influxdb,0.03,102.2
1790611282,rot-prometheus,0.08,122.0
1790611282,rot-emqx,0.57,203.8
1790611282,rot-alertmanager,0.06,28.0
1790611282,rot-plant-simulator,0.77,39.7
1790611282,rot-cadvisor,0.20,49.8
1790611285,rot-ai-web-1,0.00,12.5
1790611285,rot-ai-knowledge-1,0.19,154.1
1790611285,rot-ai-alarm-worker-1,0.10,38.0
1790611285,rot-ai-work-db-1,0.43,48.6
1790611285,rot-ai-graph-1,1.00,680.1
1790611285,rot-edgex-app-mqtt-export,0.16,26.0
1790611285,rot-edgex-device-modbus,0.63,23.8
1790611285,rot-edgex-core-command,0.00,14.7
1790611285,rot-edgex-ui,0.00,6.8
1790611285,rot-edgex-core-data,0.25,24.6
1790611285,rot-edgex-core-metadata,0.08,14.4
1790611285,rot-edgex-common-config,0.00,0.9
1790611285,rot-edgex-core-keeper,0.28,21.9
1790611285,rot-flink-taskmanager,32.59,1508.4
1790611285,rot-telegraf-sink,1.18,107.2
1790611285,rot-alert-republisher,0.26,76.7
1790611285,rot-kafka-exporter,0.04,20.2
1790611285,rot-telegraf-bridge,0.46,134.8
1790611285,rot-fuxa,0.25,82.8
1790611285,rot-grafana,0.04,97.0
1790611285,rot-edgex-postgres,0.18,58.1
1790611285,rot-edgex-mqtt-broker,0.07,1.8
1790611285,rot-flink-jobmanager,7.19,771.3
1790611285,rot-kafka,4.01,472.2
1790611285,rot-influxdb,0.41,104.3
1790611285,rot-prometheus,0.21,122.0
1790611285,rot-emqx,0.59,204.0
1790611285,rot-alertmanager,0.08,28.0
1790611285,rot-plant-simulator,0.68,39.2
1790611285,rot-cadvisor,0.24,50.5
1790611289,rot-ai-web-1,1.73,13.6
1790611289,rot-ai-knowledge-1,3.07,156.2
1790611289,rot-ai-alarm-worker-1,0.07,38.3
1790611289,rot-ai-work-db-1,0.00,48.7
1790611289,rot-ai-graph-1,1.43,680.1
1790611289,rot-edgex-app-mqtt-export,0.10,26.0
1790611289,rot-edgex-device-modbus,0.55,24.1
1790611289,rot-edgex-core-command,0.05,14.8
1790611289,rot-edgex-ui,0.00,6.8
1790611289,rot-edgex-core-data,0.37,25.1
1790611289,rot-edgex-core-metadata,0.01,14.4
1790611289,rot-edgex-common-config,0.00,0.9
1790611289,rot-edgex-core-keeper,0.00,21.0
1790611289,rot-flink-taskmanager,3.91,1506.3
1790611289,rot-telegraf-sink,1.37,106.5
1790611289,rot-alert-republisher,0.16,77.2
1790611289,rot-kafka-exporter,0.04,20.2
1790611289,rot-telegraf-bridge,0.19,134.8
1790611289,rot-fuxa,0.44,82.3
1790611289,rot-grafana,0.04,97.0
1790611289,rot-edgex-postgres,1.21,58.1
1790611289,rot-edgex-mqtt-broker,0.08,2.3
1790611289,rot-flink-jobmanager,0.94,769.0
1790611289,rot-kafka,3.22,472.3
1790611289,rot-influxdb,0.31,104.3
1790611289,rot-prometheus,0.00,123.8
1790611289,rot-emqx,0.65,204.5
1790611289,rot-alertmanager,0.12,28.0
1790611289,rot-plant-simulator,7.39,40.7
1790611289,rot-cadvisor,0.33,50.0
1790611292,rot-ai-web-1,0.00,12.4
1790611292,rot-ai-knowledge-1,0.18,152.6
1790611292,rot-ai-alarm-worker-1,0.09,37.2
1790611292,rot-ai-work-db-1,0.00,46.7
1790611292,rot-ai-graph-1,49.33,677.6
1790611292,rot-edgex-app-mqtt-export,0.38,25.0
1790611292,rot-edgex-device-modbus,0.59,23.2
1790611292,rot-edgex-core-command,0.00,14.4
1790611292,rot-edgex-ui,0.00,6.8
1790611292,rot-edgex-core-data,0.26,23.5
1790611292,rot-edgex-core-metadata,0.00,13.8
1790611292,rot-edgex-common-config,0.00,0.9
1790611292,rot-edgex-core-keeper,0.09,19.8
1790611292,rot-flink-taskmanager,5.84,1508.4
1790611292,rot-telegraf-sink,1.29,100.4
1790611292,rot-alert-republisher,0.27,72.8
1790611292,rot-kafka-exporter,0.05,19.1
1790611292,rot-telegraf-bridge,0.51,126.0
1790611292,rot-fuxa,1.07,79.7
1790611292,rot-grafana,0.07,91.5
1790611292,rot-edgex-postgres,0.14,56.0
1790611292,rot-edgex-mqtt-broker,0.06,1.8
1790611292,rot-flink-jobmanager,1.46,754.8
1790611292,rot-kafka,5.49,469.4
1790611292,rot-influxdb,0.43,99.4
1790611292,rot-prometheus,0.20,119.3
1790611292,rot-emqx,58.48,204.2
1790611292,rot-alertmanager,0.12,26.6
1790611292,rot-plant-simulator,0.65,37.6
1790611292,rot-cadvisor,0.13,48.2
1790611296,rot-ai-web-1,0.00,12.4
1790611296,rot-ai-knowledge-1,0.45,152.6
1790611296,rot-ai-alarm-worker-1,0.06,37.7
1790611296,rot-ai-work-db-1,3.98,48.8
1790611296,rot-ai-graph-1,0.64,677.5
1790611296,rot-edgex-app-mqtt-export,0.12,24.7
1790611296,rot-edgex-device-modbus,0.22,22.4
1790611296,rot-edgex-core-command,0.05,14.9
1790611296,rot-edgex-ui,0.00,6.8
1790611296,rot-edgex-core-data,0.18,24.8
1790611296,rot-edgex-core-metadata,0.08,14.1
1790611296,rot-edgex-common-config,0.00,0.9
1790611296,rot-edgex-core-keeper,0.59,20.8
1790611296,rot-flink-taskmanager,9.79,1495.0
1790611296,rot-telegraf-sink,0.99,101.2
1790611296,rot-alert-republisher,0.22,72.6
1790611296,rot-kafka-exporter,2.54,21.1
1790611296,rot-telegraf-bridge,0.24,126.0
1790611296,rot-fuxa,0.13,79.9
1790611296,rot-grafana,0.03,91.5
1790611296,rot-edgex-postgres,0.19,57.3
1790611296,rot-edgex-mqtt-broker,0.04,1.8
1790611296,rot-flink-jobmanager,0.64,757.5
1790611296,rot-kafka,37.18,469.5
1790611296,rot-influxdb,0.31,101.3
1790611296,rot-prometheus,0.90,119.1
1790611296,rot-emqx,0.39,204.2
1790611296,rot-alertmanager,0.07,26.6
1790611296,rot-plant-simulator,0.68,37.9
1790611296,rot-cadvisor,0.18,50.5
1790611300,rot-ai-web-1,0.00,12.4
1790611300,rot-ai-knowledge-1,3.20,156.1
1790611300,rot-ai-alarm-worker-1,0.06,37.4
1790611300,rot-ai-work-db-1,0.49,49.0
1790611300,rot-ai-graph-1,0.70,677.5
1790611300,rot-edgex-app-mqtt-export,0.18,25.5
1790611300,rot-edgex-device-modbus,0.71,22.9
1790611300,rot-edgex-core-command,0.00,14.4
1790611300,rot-edgex-ui,0.00,6.8
1790611300,rot-edgex-core-data,0.39,24.3
1790611300,rot-edgex-core-metadata,0.00,13.8
1790611300,rot-edgex-common-config,0.00,0.9
1790611300,rot-edgex-core-keeper,0.04,20.1
1790611300,rot-flink-taskmanager,5.57,1494.0
1790611300,rot-telegraf-sink,1.29,101.2
1790611300,rot-alert-republisher,0.34,72.8
1790611300,rot-kafka-exporter,0.04,19.6
1790611300,rot-telegraf-bridge,0.24,125.5
1790611300,rot-fuxa,0.82,80.2
1790611300,rot-grafana,0.05,91.6
1790611300,rot-edgex-postgres,0.29,58.7
1790611300,rot-edgex-mqtt-broker,0.10,2.3
1790611300,rot-flink-jobmanager,1.42,758.2
1790611300,rot-kafka,4.03,482.1
1790611300,rot-influxdb,0.35,107.7
1790611300,rot-prometheus,0.03,118.6
1790611300,rot-emqx,0.52,204.4
1790611300,rot-alertmanager,0.13,26.9
1790611300,rot-plant-simulator,0.43,39.0
1790611300,rot-cadvisor,0.17,51.0
1790611303,rot-ai-web-1,0.00,12.4
1790611303,rot-ai-knowledge-1,0.18,152.9
1790611303,rot-ai-alarm-worker-1,0.08,37.2
1790611303,rot-ai-work-db-1,0.00,48.7
1790611303,rot-ai-graph-1,211.51,853.1
1790611303,rot-edgex-app-mqtt-export,0.17,24.7
1790611303,rot-edgex-device-modbus,0.44,22.4
1790611303,rot-edgex-core-command,0.00,14.4
1790611303,rot-edgex-ui,0.00,6.8
1790611303,rot-edgex-core-data,0.20,27.2
1790611303,rot-edgex-core-metadata,0.06,13.8
1790611303,rot-edgex-common-config,0.00,0.9
1790611303,rot-edgex-core-keeper,0.00,19.8
1790611303,rot-flink-taskmanager,5.53,1506.3
1790611303,rot-telegraf-sink,1.24,100.5
1790611303,rot-alert-republisher,0.38,72.6
1790611303,rot-kafka-exporter,0.05,19.6
1790611303,rot-telegraf-bridge,0.38,125.7
1790611303,rot-fuxa,0.18,80.3
1790611303,rot-grafana,0.04,91.6
1790611303,rot-edgex-postgres,4.15,60.2
1790611303,rot-edgex-mqtt-broker,0.08,2.0
1790611303,rot-flink-jobmanager,1.65,760.9
1790611303,rot-kafka,4.45,472.2
1790611303,rot-influxdb,0.07,107.5
1790611303,rot-prometheus,0.23,118.9
1790611303,rot-emqx,92.89,205.6
1790611303,rot-alertmanager,0.10,26.6
1790611303,rot-plant-simulator,0.51,39.0
1790611303,rot-cadvisor,0.27,51.1
1790611307,rot-ai-web-1,0.00,12.4
1790611307,rot-ai-knowledge-1,0.20,152.8
1790611307,rot-ai-alarm-worker-1,0.08,37.2
1790611307,rot-ai-work-db-1,4.89,48.7
1790611307,rot-ai-graph-1,0.98,679.5
1790611307,rot-edgex-app-mqtt-export,0.94,26.0
1790611307,rot-edgex-device-modbus,1.04,22.6
1790611307,rot-edgex-core-command,0.09,14.4
1790611307,rot-edgex-ui,0.00,6.8
1790611307,rot-edgex-core-data,0.54,27.9
1790611307,rot-edgex-core-metadata,0.00,13.8
1790611307,rot-edgex-common-config,0.00,0.9
1790611307,rot-edgex-core-keeper,1.10,19.8
1790611307,rot-flink-taskmanager,13.45,1501.2
1790611307,rot-telegraf-sink,2.09,114.5
1790611307,rot-alert-republisher,0.42,72.6
1790611307,rot-kafka-exporter,6.99,19.3
1790611307,rot-telegraf-bridge,0.57,126.0
1790611307,rot-fuxa,0.26,79.9
1790611307,rot-grafana,0.05,91.6
1790611307,rot-edgex-postgres,0.66,60.5
1790611307,rot-edgex-mqtt-broker,0.11,2.3
1790611307,rot-flink-jobmanager,2.07,765.6
1790611307,rot-kafka,165.16,526.0
1790611307,rot-influxdb,0.58,107.5
1790611307,rot-prometheus,2.09,118.8
1790611307,rot-emqx,0.65,204.5
1790611307,rot-alertmanager,0.16,26.6
1790611307,rot-plant-simulator,1.12,39.5
1790611307,rot-cadvisor,0.16,50.5
1790611310,rot-ai-web-1,0.00,12.4
1790611310,rot-ai-knowledge-1,0.80,153.5
1790611310,rot-ai-alarm-worker-1,0.07,37.7
1790611310,rot-ai-work-db-1,0.00,48.7
1790611310,rot-ai-graph-1,9.54,682.1
1790611310,rot-edgex-app-mqtt-export,0.15,25.2
1790611310,rot-edgex-device-modbus,0.30,22.7
1790611310,rot-edgex-core-command,0.00,14.7
1790611310,rot-edgex-ui,0.00,6.8
1790611310,rot-edgex-core-data,0.11,27.2
1790611310,rot-edgex-core-metadata,0.02,14.1
1790611310,rot-edgex-common-config,0.01,0.9
1790611310,rot-edgex-core-keeper,0.04,19.8
1790611310,rot-flink-taskmanager,4.07,1502.2
1790611310,rot-telegraf-sink,0.95,113.7
1790611310,rot-alert-republisher,0.32,72.6
1790611310,rot-kafka-exporter,0.04,19.3
1790611310,rot-telegraf-bridge,0.19,125.7
1790611310,rot-fuxa,0.11,80.1
1790611310,rot-grafana,2.48,135.1
1790611310,rot-edgex-postgres,0.06,59.9
1790611310,rot-edgex-mqtt-broker,0.05,1.8
1790611310,rot-flink-jobmanager,1.39,766.1
1790611310,rot-kafka,3.18,474.1
1790611310,rot-influxdb,0.26,107.7
1790611310,rot-prometheus,0.02,118.8
1790611310,rot-emqx,1.93,204.7
1790611310,rot-alertmanager,0.12,26.6
1790611310,rot-plant-simulator,0.33,39.5
1790611310,rot-cadvisor,0.24,51.1
1790611314,rot-ai-web-1,0.00,12.4
1790611314,rot-ai-knowledge-1,0.50,152.5
1790611314,rot-ai-alarm-worker-1,0.08,37.7
1790611314,rot-ai-work-db-1,0.47,48.2
1790611314,rot-ai-graph-1,0.91,679.2
1790611314,rot-edgex-app-mqtt-export,0.09,24.8
1790611314,rot-edgex-device-modbus,0.31,22.2
1790611314,rot-edgex-core-command,0.03,14.4
1790611314,rot-edgex-ui,0.00,6.8
1790611314,rot-edgex-core-data,0.19,26.9
1790611314,rot-edgex-core-metadata,0.03,13.7
1790611314,rot-edgex-common-config,0.00,0.9
1790611314,rot-edgex-core-keeper,0.00,19.6
1790611314,rot-flink-taskmanager,5.13,1499.1
1790611314,rot-telegraf-sink,1.26,112.4
1790611314,rot-alert-republisher,0.21,90.8
1790611314,rot-kafka-exporter,0.05,19.3
1790611314,rot-telegraf-bridge,0.77,129.7
1790611314,rot-fuxa,0.15,79.8
1790611314,rot-grafana,0.08,133.9
1790611314,rot-edgex-postgres,3.25,60.1
1790611314,rot-edgex-mqtt-broker,0.06,2.0
1790611314,rot-flink-jobmanager,0.78,763.7
1790611314,rot-kafka,5.08,470.8
1790611314,rot-influxdb,0.04,108.2
1790611314,rot-prometheus,0.00,118.1
1790611314,rot-emqx,91.45,205.0
1790611314,rot-alertmanager,0.17,26.6
1790611314,rot-plant-simulator,0.33,38.7
1790611314,rot-cadvisor,0.23,49.1
1790611318,rot-ai-web-1,0.00,12.3
1790611318,rot-ai-knowledge-1,0.21,150.0
1790611318,rot-ai-alarm-worker-1,0.10,36.4
1790611318,rot-ai-work-db-1,5.40,49.6
1790611318,rot-ai-graph-1,77.89,672.6
1790611318,rot-edgex-app-mqtt-export,0.29,23.6
1790611318,rot-edgex-device-modbus,0.32,21.5
1790611318,rot-edgex-core-command,0.00,14.0
1790611318,rot-edgex-ui,0.00,6.7
1790611318,rot-edgex-core-data,0.21,25.3
1790611318,rot-edgex-core-metadata,0.00,13.2
1790611318,rot-edgex-common-config,0.00,0.9
1790611318,rot-edgex-core-keeper,0.34,18.9
1790611318,rot-flink-taskmanager,4.39,1480.7
1790611318,rot-telegraf-sink,0.87,113.0
1790611318,rot-alert-republisher,0.36,85.0
1790611318,rot-kafka-exporter,6.46,19.6
1790611318,rot-telegraf-bridge,0.28,123.6
1790611318,rot-fuxa,0.25,77.8
1790611318,rot-grafana,0.57,128.7
1790611318,rot-edgex-postgres,0.28,58.0
1790611318,rot-edgex-mqtt-broker,0.05,1.8
1790611318,rot-flink-jobmanager,1.21,756.6
1790611318,rot-kafka,12.92,469.3
1790611318,rot-influxdb,0.15,102.8
1790611318,rot-prometheus,0.28,115.5
1790611318,rot-emqx,1.03,201.2
1790611318,rot-alertmanager,0.12,25.3
1790611318,rot-plant-simulator,0.40,37.1
1790611318,rot-cadvisor,0.35,47.8
1790611321,rot-ai-web-1,0.00,12.4
1790611321,rot-ai-knowledge-1,0.16,150.3
1790611321,rot-ai-alarm-worker-1,0.06,36.2
1790611321,rot-ai-work-db-1,0.00,49.8
1790611321,rot-ai-graph-1,0.69,672.4
1790611321,rot-edgex-app-mqtt-export,0.12,23.6
1790611321,rot-edgex-device-modbus,1.01,25.4
1790611321,rot-edgex-core-command,0.02,14.2
1790611321,rot-edgex-ui,0.00,6.7
1790611321,rot-edgex-core-data,0.16,25.8
1790611321,rot-edgex-core-metadata,0.03,13.2
1790611321,rot-edgex-common-config,0.00,0.9
1790611321,rot-edgex-core-keeper,0.08,18.9
1790611321,rot-flink-taskmanager,6.85,1481.7
1790611321,rot-telegraf-sink,1.39,113.2
1790611321,rot-alert-republisher,0.21,85.0
1790611321,rot-kafka-exporter,0.02,19.6
1790611321,rot-telegraf-bridge,0.45,123.4
1790611321,rot-fuxa,0.24,77.2
1790611321,rot-grafana,0.09,128.7
1790611321,rot-edgex-postgres,0.10,57.8
1790611321,rot-edgex-mqtt-broker,0.05,2.0
1790611321,rot-flink-jobmanager,3.97,758.7
1790611321,rot-kafka,3.82,470.4
1790611321,rot-influxdb,0.04,102.8
1790611321,rot-prometheus,0.24,115.5
1790611321,rot-emqx,0.55,200.8
1790611321,rot-alertmanager,0.09,25.3
1790611321,rot-plant-simulator,0.32,40.4
1790611321,rot-cadvisor,0.91,48.3
1790611325,rot-ai-web-1,0.00,12.3
1790611325,rot-ai-knowledge-1,0.53,150.0
1790611325,rot-ai-alarm-worker-1,0.05,36.4
1790611325,rot-ai-work-db-1,0.00,49.9
1790611325,rot-ai-graph-1,1.18,672.6
1790611325,rot-edgex-app-mqtt-export,0.09,23.6
1790611325,rot-edgex-device-modbus,0.44,25.6
1790611325,rot-edgex-core-command,0.00,14.0
1790611325,rot-edgex-ui,0.00,6.7
1790611325,rot-edgex-core-data,0.08,25.3
1790611325,rot-edgex-core-metadata,0.00,13.2
1790611325,rot-edgex-common-config,0.00,0.9
1790611325,rot-edgex-core-keeper,0.04,19.1
1790611325,rot-flink-taskmanager,3.39,1480.7
1790611325,rot-telegraf-sink,0.88,113.9
1790611325,rot-alert-republisher,0.17,84.5
1790611325,rot-kafka-exporter,0.05,19.6
1790611325,rot-telegraf-bridge,0.22,123.1
1790611325,rot-fuxa,0.18,77.6
1790611325,rot-grafana,0.04,128.7
1790611325,rot-edgex-postgres,0.05,58.1
1790611325,rot-edgex-mqtt-broker,0.06,2.0
1790611325,rot-flink-jobmanager,1.13,760.0
1790611325,rot-kafka,3.54,471.9
1790611325,rot-influxdb,2.36,104.9
1790611325,rot-prometheus,0.21,115.5
1790611325,rot-emqx,84.52,245.8
1790611325,rot-alertmanager,0.14,25.3
1790611325,rot-plant-simulator,0.28,39.9
1790611325,rot-cadvisor,1.69,50.6
1790611328,rot-ai-web-1,0.00,12.2
1790611328,rot-ai-knowledge-1,0.66,149.8
1790611328,rot-ai-alarm-worker-1,0.07,36.0
1790611328,rot-ai-work-db-1,1.18,50.3
1790611328,rot-ai-graph-1,218.17,839.4
1790611328,rot-edgex-app-mqtt-export,0.18,23.7
1790611328,rot-edgex-device-modbus,0.44,25.1
1790611328,rot-edgex-core-command,0.00,13.8
1790611328,rot-edgex-ui,0.00,6.7
1790611328,rot-edgex-core-data,0.16,25.3
1790611328,rot-edgex-core-metadata,0.03,13.1
1790611328,rot-edgex-common-config,0.00,0.9
1790611328,rot-edgex-core-keeper,0.02,21.8
1790611328,rot-flink-taskmanager,5.72,1481.7
1790611328,rot-telegraf-sink,1.33,111.3
1790611328,rot-alert-republisher,0.30,83.4
1790611328,rot-kafka-exporter,0.06,18.6
1790611328,rot-telegraf-bridge,0.31,123.1
1790611328,rot-fuxa,0.18,78.2
1790611328,rot-grafana,0.20,126.7
1790611328,rot-edgex-postgres,1.12,58.0
1790611328,rot-edgex-mqtt-broker,0.05,2.0
1790611328,rot-flink-jobmanager,1.11,763.2
1790611328,rot-kafka,3.88,471.7
1790611328,rot-influxdb,0.43,103.5
1790611328,rot-prometheus,0.64,115.4
1790611328,rot-emqx,0.68,203.4
1790611328,rot-alertmanager,0.12,25.3
1790611328,rot-plant-simulator,0.44,39.9
1790611328,rot-cadvisor,0.15,48.8
1790611332,rot-ai-web-1,0.00,12.2
1790611332,rot-ai-knowledge-1,0.14,149.7
1790611332,rot-ai-alarm-worker-1,0.10,36.2
1790611332,rot-ai-work-db-1,0.00,49.8
1790611332,rot-ai-graph-1,0.87,677.2
1790611332,rot-edgex-app-mqtt-export,0.23,23.2
1790611332,rot-edgex-device-modbus,0.52,25.0
1790611332,rot-edgex-core-command,0.05,13.8
1790611332,rot-edgex-ui,0.00,6.7
1790611332,rot-edgex-core-data,0.19,25.2
1790611332,rot-edgex-core-metadata,0.04,13.1
1790611332,rot-edgex-common-config,0.00,0.9
1790611332,rot-edgex-core-keeper,0.08,22.0
1790611332,rot-flink-taskmanager,6.97,1481.7
1790611332,rot-telegraf-sink,2.27,119.4
1790611332,rot-alert-republisher,0.24,82.9
1790611332,rot-kafka-exporter,0.04,18.6
1790611332,rot-telegraf-bridge,0.34,122.8
1790611332,rot-fuxa,0.25,77.6
1790611332,rot-grafana,0.08,126.4
1790611332,rot-edgex-postgres,0.19,58.4
1790611332,rot-edgex-mqtt-broker,0.07,1.8
1790611332,rot-flink-jobmanager,9.31,768.9
1790611332,rot-kafka,99.78,470.1
1790611332,rot-influxdb,0.07,103.1
1790611332,rot-prometheus,0.55,114.5
1790611332,rot-emqx,1.43,203.4
1790611332,rot-alertmanager,0.09,25.3
1790611332,rot-plant-simulator,0.49,40.5
1790611332,rot-cadvisor,2.38,47.9
1790611335,rot-ai-web-1,0.00,12.2
1790611335,rot-ai-knowledge-1,0.16,149.5
1790611335,rot-ai-alarm-worker-1,0.09,35.9
1790611335,rot-ai-work-db-1,0.00,49.5
1790611335,rot-ai-graph-1,0.93,676.0
1790611335,rot-edgex-app-mqtt-export,0.13,23.1
1790611335,rot-edgex-device-modbus,0.28,25.1
1790611335,rot-edgex-core-command,0.00,13.7
1790611335,rot-edgex-ui,0.00,6.7
1790611335,rot-edgex-core-data,0.16,25.9
1790611335,rot-edgex-core-metadata,0.00,13.1
1790611335,rot-edgex-common-config,0.00,0.9
1790611335,rot-edgex-core-keeper,0.02,21.6
1790611335,rot-flink-taskmanager,13.75,1481.7
1790611335,rot-telegraf-sink,1.11,117.4
1790611335,rot-alert-republisher,0.49,82.2
1790611335,rot-kafka-exporter,0.05,18.5
1790611335,rot-telegraf-bridge,0.30,122.1
1790611335,rot-fuxa,0.13,76.7
1790611335,rot-grafana,0.07,125.2
1790611335,rot-edgex-postgres,0.10,58.3
1790611335,rot-edgex-mqtt-broker,0.04,1.8
1790611335,rot-flink-jobmanager,12.92,774.9
1790611335,rot-kafka,4.23,469.5
1790611335,rot-influxdb,0.26,104.0
1790611335,rot-prometheus,0.09,113.9
1790611335,rot-emqx,31.59,229.1
1790611335,rot-alertmanager,0.10,25.2
1790611335,rot-plant-simulator,0.32,40.2
1790611335,rot-cadvisor,0.24,47.4
1790611339,rot-ai-web-1,0.00,12.2
1790611339,rot-ai-knowledge-1,0.61,149.5
1790611339,rot-ai-alarm-worker-1,0.07,36.4
1790611339,rot-ai-work-db-1,0.73,50.0
1790611339,rot-ai-graph-1,0.67,676.0
1790611339,rot-edgex-app-mqtt-export,0.10,23.7
1790611339,rot-edgex-device-modbus,0.29,25.7
1790611339,rot-edgex-core-command,0.00,13.7
1790611339,rot-edgex-ui,0.00,6.7
1790611339,rot-edgex-core-data,0.13,26.1
1790611339,rot-edgex-core-metadata,0.05,13.3
1790611339,rot-edgex-common-config,0.00,0.9
1790611339,rot-edgex-core-keeper,0.00,21.8
1790611339,rot-flink-taskmanager,3.77,1484.8
1790611339,rot-telegraf-sink,0.72,118.1
1790611339,rot-alert-republisher,0.13,83.0
1790611339,rot-kafka-exporter,0.06,21.6
1790611339,rot-telegraf-bridge,0.29,121.9
1790611339,rot-fuxa,0.15,76.9
1790611339,rot-grafana,0.84,130.7
1790611339,rot-edgex-postgres,2.66,59.4
1790611339,rot-edgex-mqtt-broker,0.05,2.0
1790611339,rot-flink-jobmanager,0.73,774.0
1790611339,rot-kafka,5.53,469.2
1790611339,rot-influxdb,0.24,104.0
1790611339,rot-prometheus,0.92,116.0
1790611339,rot-emqx,0.55,203.9
1790611339,rot-alertmanager,0.07,25.2
1790611339,rot-plant-simulator,0.34,40.5
1790611339,rot-cadvisor,0.22,47.9
1790611342,rot-ai-web-1,0.00,12.0
1790611342,rot-ai-knowledge-1,0.51,147.5
1790611342,rot-ai-alarm-worker-1,0.10,35.2
1790611342,rot-ai-work-db-1,5.67,51.4
1790611342,rot-ai-graph-1,38.83,667.9
1790611342,rot-edgex-app-mqtt-export,0.27,21.6
1790611342,rot-edgex-device-modbus,0.35,24.0
1790611342,rot-edgex-core-command,0.00,12.7
1790611342,rot-edgex-ui,0.00,6.6
1790611342,rot-edgex-core-data,0.13,24.1
1790611342,rot-edgex-core-metadata,0.00,12.2
1790611342,rot-edgex-common-config,0.00,0.8
1790611342,rot-edgex-core-keeper,0.07,20.0
1790611342,rot-flink-taskmanager,8.77,1485.8
1790611342,rot-telegraf-sink,1.18,111.5
1790611342,rot-alert-republisher,0.35,71.6
1790611342,rot-kafka-exporter,0.03,19.8
1790611342,rot-telegraf-bridge,0.34,111.2
1790611342,rot-fuxa,0.18,74.8
1790611342,rot-grafana,0.08,117.8
1790611342,rot-edgex-postgres,0.17,57.6
1790611342,rot-edgex-mqtt-broker,0.07,1.7
1790611342,rot-flink-jobmanager,1.40,775.6
1790611342,rot-kafka,123.17,524.3
1790611342,rot-influxdb,0.33,96.7
1790611342,rot-prometheus,0.00,109.3
1790611342,rot-emqx,0.78,199.9
1790611342,rot-alertmanager,0.08,23.5
1790611342,rot-plant-simulator,0.37,37.5
1790611342,rot-cadvisor,0.31,46.5
1790611346,rot-ai-web-1,0.00,12.0
1790611346,rot-ai-knowledge-1,0.55,148.0
1790611346,rot-ai-alarm-worker-1,0.08,37.8
1790611346,rot-ai-work-db-1,0.55,50.3
1790611346,rot-ai-graph-1,0.86,667.4
1790611346,rot-edgex-app-mqtt-export,0.31,21.6
1790611346,rot-edgex-device-modbus,0.39,24.3
1790611346,rot-edgex-core-command,0.00,12.7
1790611346,rot-edgex-ui,0.00,6.6
1790611346,rot-edgex-core-data,0.48,24.9
1790611346,rot-edgex-core-metadata,0.11,12.3
1790611346,rot-edgex-common-config,0.00,0.8
1790611346,rot-edgex-core-keeper,0.51,20.7
1790611346,rot-flink-taskmanager,19.77,1489.9
1790611346,rot-telegraf-sink,1.09,112.3
1790611346,rot-alert-republisher,0.18,71.8
1790611346,rot-kafka-exporter,0.05,19.8
1790611346,rot-telegraf-bridge,0.34,110.9
1790611346,rot-fuxa,0.26,74.4
1790611346,rot-grafana,0.06,117.8
1790611346,rot-edgex-postgres,0.28,57.3
1790611346,rot-edgex-mqtt-broker,0.05,1.7
1790611346,rot-flink-jobmanager,3.35,779.6
1790611346,rot-kafka,3.46,471.6
1790611346,rot-influxdb,0.85,105.3
1790611346,rot-prometheus,1.24,109.8
1790611346,rot-emqx,24.11,223.1
1790611346,rot-alertmanager,0.09,23.3
1790611346,rot-plant-simulator,0.48,37.5
1790611346,rot-cadvisor,0.95,45.5
1790611350,rot-ai-web-1,0.00,12.0
1790611350,rot-ai-knowledge-1,2.27,148.8
1790611350,rot-ai-alarm-worker-1,0.08,38.0
1790611350,rot-ai-work-db-1,0.01,50.1
1790611350,rot-ai-graph-1,0.69,668.2
1790611350,rot-edgex-app-mqtt-export,0.08,21.6
1790611350,rot-edgex-device-modbus,0.28,24.1
1790611350,rot-edgex-core-command,0.00,12.7
1790611350,rot-edgex-ui,0.00,6.6
1790611350,rot-edgex-core-data,0.08,24.1
1790611350,rot-edgex-core-metadata,0.00,12.2
1790611350,rot-edgex-common-config,0.00,0.8
1790611350,rot-edgex-core-keeper,0.00,19.7
1790611350,rot-flink-taskmanager,3.84,1494.0
1790611350,rot-telegraf-sink,1.12,112.7
1790611350,rot-alert-republisher,0.22,71.8
1790611350,rot-kafka-exporter,0.04,19.8
1790611350,rot-telegraf-bridge,0.29,110.4
1790611350,rot-fuxa,0.14,74.4
1790611350,rot-grafana,0.07,117.8
1790611350,rot-edgex-postgres,0.08,56.9
1790611350,rot-edgex-mqtt-broker,0.05,1.7
1790611350,rot-flink-jobmanager,1.08,780.4
1790611350,rot-kafka,10.18,474.9
1790611350,rot-influxdb,0.05,104.6
1790611350,rot-prometheus,0.03,109.4
1790611350,rot-emqx,1.68,201.2
1790611350,rot-alertmanager,0.10,23.3
1790611350,rot-plant-simulator,7.46,41.0
1790611350,rot-cadvisor,0.26,46.2
1790611353,rot-ai-web-1,0.00,12.1
1790611353,rot-ai-knowledge-1,0.15,148.1
1790611353,rot-ai-alarm-worker-1,0.10,37.8
1790611353,rot-ai-work-db-1,0.01,50.1
1790611353,rot-ai-graph-1,146.29,681.8
1790611353,rot-edgex-app-mqtt-export,0.35,25.6
1790611353,rot-edgex-device-modbus,0.34,24.0
1790611353,rot-edgex-core-command,0.00,12.7
1790611353,rot-edgex-ui,0.00,6.6
1790611353,rot-edgex-core-data,0.21,24.1
1790611353,rot-edgex-core-metadata,0.01,12.2
1790611353,rot-edgex-common-config,0.00,0.8
1790611353,rot-edgex-core-keeper,0.02,20.0
1790611353,rot-flink-taskmanager,4.24,1494.0
1790611353,rot-telegraf-sink,1.01,121.1
1790611353,rot-alert-republisher,0.24,71.3
1790611353,rot-kafka-exporter,0.04,19.8
1790611353,rot-telegraf-bridge,0.26,111.3
1790611353,rot-fuxa,0.20,74.8
1790611353,rot-grafana,0.07,117.8
1790611353,rot-edgex-postgres,0.12,57.2
1790611353,rot-edgex-mqtt-broker,0.07,1.7
1790611353,rot-flink-jobmanager,1.27,782.8
1790611353,rot-kafka,4.25,473.3
1790611353,rot-influxdb,0.05,104.5
1790611353,rot-prometheus,0.14,109.5
1790611353,rot-emqx,2.25,201.8
1790611353,rot-alertmanager,0.08,23.2
1790611353,rot-plant-simulator,0.39,40.2
1790611353,rot-cadvisor,0.10,46.3
1790611357,rot-ai-web-1,0.00,12.1
1790611357,rot-ai-knowledge-1,0.15,148.3
1790611357,rot-ai-alarm-worker-1,0.13,38.1
1790611357,rot-ai-work-db-1,0.00,50.1
1790611357,rot-ai-graph-1,45.71,710.2
1790611357,rot-edgex-app-mqtt-export,0.37,25.5
1790611357,rot-edgex-device-modbus,0.47,24.0
1790611357,rot-edgex-core-command,0.00,12.7
1790611357,rot-edgex-ui,0.00,6.6
1790611357,rot-edgex-core-data,0.15,27.9
1790611357,rot-edgex-core-metadata,0.14,12.2
1790611357,rot-edgex-common-config,0.00,0.8
1790611357,rot-edgex-core-keeper,0.46,19.8
1790611357,rot-flink-taskmanager,5.26,1492.0
1790611357,rot-telegraf-sink,1.00,120.4
1790611357,rot-alert-republisher,0.38,71.5
1790611357,rot-kafka-exporter,2.86,20.3
1790611357,rot-telegraf-bridge,0.32,118.5
1790611357,rot-fuxa,0.21,79.5
1790611357,rot-grafana,0.17,117.7
1790611357,rot-edgex-postgres,0.28,57.2
1790611357,rot-edgex-mqtt-broker,0.06,1.7
1790611357,rot-flink-jobmanager,1.30,791.3
1790611357,rot-kafka,7.63,475.2
1790611357,rot-influxdb,0.16,104.5
1790611357,rot-prometheus,0.45,115.7
1790611357,rot-emqx,62.18,217.5
1790611357,rot-alertmanager,0.08,23.2
1790611357,rot-plant-simulator,0.42,40.2
1790611357,rot-cadvisor,0.29,47.5
1790611361,rot-ai-web-1,0.00,12.1
1790611361,rot-ai-knowledge-1,0.53,148.2
1790611361,rot-ai-alarm-worker-1,0.09,38.1
1790611361,rot-ai-work-db-1,0.43,50.4
1790611361,rot-ai-graph-1,0.78,710.8
1790611361,rot-edgex-app-mqtt-export,0.91,25.8
1790611361,rot-edgex-device-modbus,0.91,24.5
1790611361,rot-edgex-core-command,0.00,12.7
1790611361,rot-edgex-ui,0.00,6.6
1790611361,rot-edgex-core-data,0.15,27.9
1790611361,rot-edgex-core-metadata,0.11,12.5
1790611361,rot-edgex-common-config,0.00,0.8
1790611361,rot-edgex-core-keeper,0.04,19.7
1790611361,rot-flink-taskmanager,3.77,1494.0
1790611361,rot-telegraf-sink,0.97,120.1
1790611361,rot-alert-republisher,0.19,71.5
1790611361,rot-kafka-exporter,0.08,20.3
1790611361,rot-telegraf-bridge,0.66,118.9
1790611361,rot-fuxa,0.45,80.0
1790611361,rot-grafana,0.06,117.6
1790611361,rot-edgex-postgres,0.39,57.4
1790611361,rot-edgex-mqtt-broker,0.05,2.0
1790611361,rot-flink-jobmanager,2.81,793.9
1790611361,rot-kafka,3.94,474.0
1790611361,rot-influxdb,0.41,104.4
1790611361,rot-prometheus,0.21,115.7
1790611361,rot-emqx,0.59,201.3
1790611361,rot-alertmanager,0.11,23.2
1790611361,rot-plant-simulator,1.51,41.2
1790611361,rot-cadvisor,1.53,46.0
1790611364,rot-ai-web-1,0.00,12.0
1790611364,rot-ai-knowledge-1,0.19,147.8
1790611364,rot-ai-alarm-worker-1,0.07,37.9
1790611364,rot-ai-work-db-1,0.80,50.4
1790611364,rot-ai-graph-1,207.74,903.2
1790611364,rot-edgex-app-mqtt-export,0.19,25.0
1790611364,rot-edgex-device-modbus,0.40,24.2
1790611364,rot-edgex-core-command,0.00,12.4
1790611364,rot-edgex-ui,0.00,6.6
1790611364,rot-edgex-core-data,0.21,28.1
1790611364,rot-edgex-core-metadata,0.00,12.2
1790611364,rot-edgex-common-config,0.00,0.8
1790611364,rot-edgex-core-keeper,0.00,19.4
1790611364,rot-flink-taskmanager,4.63,1493.0
1790611364,rot-telegraf-sink,1.26,120.1
1790611364,rot-alert-republisher,0.22,70.5
1790611364,rot-kafka-exporter,0.12,20.0
1790611364,rot-telegraf-bridge,0.29,117.9
1790611364,rot-fuxa,0.21,87.7
1790611364,rot-grafana,0.10,117.2
1790611364,rot-edgex-postgres,3.01,57.0
1790611364,rot-edgex-mqtt-broker,0.07,1.7
1790611364,rot-flink-jobmanager,1.12,790.7
1790611364,rot-kafka,9.41,479.8
1790611364,rot-influxdb,3.93,104.9
1790611364,rot-prometheus,0.07,115.1
1790611364,rot-emqx,3.50,200.8
1790611364,rot-alertmanager,0.15,22.8
1790611364,rot-plant-simulator,0.44,40.3
1790611364,rot-cadvisor,0.09,45.7
1790611368,rot-ai-web-1,0.00,12.1
1790611368,rot-ai-knowledge-1,0.68,148.3
1790611368,rot-ai-alarm-worker-1,0.08,38.2
1790611368,rot-ai-work-db-1,4.85,51.2
1790611368,rot-ai-graph-1,0.83,715.2
1790611368,rot-edgex-app-mqtt-export,0.10,25.6
1790611368,rot-edgex-device-modbus,0.33,24.2
1790611368,rot-edgex-core-command,0.00,12.7
1790611368,rot-edgex-ui,0.00,6.7
1790611368,rot-edgex-core-data,0.13,28.1
1790611368,rot-edgex-core-metadata,0.03,12.5
1790611368,rot-edgex-common-config,0.00,0.8
1790611368,rot-edgex-core-keeper,0.02,20.5
1790611368,rot-flink-taskmanager,5.04,1495.0
1790611368,rot-telegraf-sink,1.17,123.1
1790611368,rot-alert-republisher,0.24,70.7
1790611368,rot-kafka-exporter,0.05,21.0
1790611368,rot-telegraf-bridge,0.30,126.7
1790611368,rot-fuxa,0.31,87.6
1790611368,rot-grafana,0.68,117.3
1790611368,rot-edgex-postgres,0.51,57.0
1790611368,rot-edgex-mqtt-broker,0.05,2.0
1790611368,rot-flink-jobmanager,0.96,794.6
1790611368,rot-kafka,4.83,480.3
1790611368,rot-influxdb,0.40,105.0
1790611368,rot-prometheus,0.42,116.1
1790611368,rot-emqx,51.50,210.6
1790611368,rot-alertmanager,0.10,23.2
1790611368,rot-plant-simulator,0.41,40.3
1790611368,rot-cadvisor,0.29,45.7
1790611372,rot-ai-web-1,0.00,12.1
1790611372,rot-ai-knowledge-1,0.85,148.0
1790611372,rot-ai-alarm-worker-1,0.05,38.0
1790611372,rot-ai-work-db-1,0.00,50.6
1790611372,rot-ai-graph-1,0.69,715.4
1790611372,rot-edgex-app-mqtt-export,0.16,25.6
1790611372,rot-edgex-device-modbus,0.26,24.7
1790611372,rot-edgex-core-command,0.06,12.7
1790611372,rot-edgex-ui,0.00,6.7
1790611372,rot-edgex-core-data,0.12,27.8
1790611372,rot-edgex-core-metadata,0.00,12.2
1790611372,rot-edgex-common-config,0.00,0.8
1790611372,rot-edgex-core-keeper,0.18,20.5
1790611372,rot-flink-taskmanager,6.69,1496.1
1790611372,rot-telegraf-sink,0.90,122.4
1790611372,rot-alert-republisher,0.26,70.7
1790611372,rot-kafka-exporter,0.02,21.0
1790611372,rot-telegraf-bridge,0.27,126.5
1790611372,rot-fuxa,0.14,88.0
1790611372,rot-grafana,0.05,117.1
1790611372,rot-edgex-postgres,0.13,56.5
1790611372,rot-edgex-mqtt-broker,0.05,2.0
1790611372,rot-flink-jobmanager,6.41,798.9
1790611372,rot-kafka,3.68,478.7
1790611372,rot-influxdb,0.06,104.5
1790611372,rot-prometheus,0.15,116.3
1790611372,rot-emqx,1.73,202.2
1790611372,rot-alertmanager,0.12,23.2
1790611372,rot-plant-simulator,0.38,40.7
1790611372,rot-cadvisor,0.14,47.5
1790611375,rot-ai-web-1,0.00,12.1
1790611375,rot-ai-knowledge-1,0.17,147.8
1790611375,rot-ai-alarm-worker-1,0.11,38.0
1790611375,rot-ai-work-db-1,0.00,50.6
1790611375,rot-ai-graph-1,14.21,741.3
1790611375,rot-edgex-app-mqtt-export,0.33,30.8
1790611375,rot-edgex-device-modbus,0.32,24.4
1790611375,rot-edgex-core-command,0.00,12.7
1790611375,rot-edgex-ui,0.00,6.7
1790611375,rot-edgex-core-data,0.39,27.7
1790611375,rot-edgex-core-metadata,0.00,12.2
1790611375,rot-edgex-common-config,0.00,0.8
1790611375,rot-edgex-core-keeper,0.04,20.5
1790611375,rot-flink-taskmanager,13.26,1495.0
1790611375,rot-telegraf-sink,1.18,122.9
1790611375,rot-alert-republisher,0.25,70.2
1790611375,rot-kafka-exporter,0.06,21.0
1790611375,rot-telegraf-bridge,0.32,126.7
1790611375,rot-fuxa,0.16,88.3
1790611375,rot-grafana,0.07,117.1
1790611375,rot-edgex-postgres,0.10,56.7
1790611375,rot-edgex-mqtt-broker,0.07,1.7
1790611375,rot-flink-jobmanager,4.44,803.0
1790611375,rot-kafka,5.62,480.0
1790611375,rot-influxdb,0.18,111.7
1790611375,rot-prometheus,0.15,116.3
1790611375,rot-emqx,1.20,201.9
1790611375,rot-alertmanager,0.12,23.2
1790611375,rot-plant-simulator,0.35,41.2
1790611375,rot-cadvisor,0.12,47.2
1790611379,rot-ai-web-1,0.00,11.7
1790611379,rot-ai-knowledge-1,0.92,145.9
1790611379,rot-ai-alarm-worker-1,0.09,36.0
1790611379,rot-ai-work-db-1,8.96,46.8
1790611379,rot-ai-graph-1,90.31,700.5
1790611379,rot-edgex-app-mqtt-export,0.63,25.7
1790611379,rot-edgex-device-modbus,0.54,20.9
1790611379,rot-edgex-core-command,0.01,11.8
1790611379,rot-edgex-ui,0.00,6.5
1790611379,rot-edgex-core-data,0.24,24.0
1790611379,rot-edgex-core-metadata,0.03,11.2
1790611379,rot-edgex-common-config,0.00,0.8
1790611379,rot-edgex-core-keeper,0.00,18.0
1790611379,rot-flink-taskmanager,5.95,1489.9
1790611379,rot-telegraf-sink,1.55,104.5
1790611379,rot-alert-republisher,0.32,57.1
1790611379,rot-kafka-exporter,0.08,19.6
1790611379,rot-telegraf-bridge,0.44,111.2
1790611379,rot-fuxa,0.42,80.2
1790611379,rot-grafana,0.10,99.0
1790611379,rot-edgex-postgres,0.11,52.6
1790611379,rot-edgex-mqtt-broker,0.07,1.7
1790611379,rot-flink-jobmanager,1.47,797.7
1790611379,rot-kafka,187.48,540.4
1790611379,rot-influxdb,0.51,98.4
1790611379,rot-prometheus,1.06,116.8
1790611379,rot-emqx,25.16,224.1
1790611379,rot-alertmanager,0.14,20.8
1790611379,rot-plant-simulator,0.82,35.9
1790611379,rot-cadvisor,0.16,43.2
1790611382,rot-ai-web-1,0.00,11.9
1790611382,rot-ai-knowledge-1,0.14,150.3
1790611382,rot-ai-alarm-worker-1,0.10,36.2
1790611382,rot-ai-work-db-1,0.00,46.5
1790611382,rot-ai-graph-1,0.77,699.9
1790611382,rot-edgex-app-mqtt-export,0.26,26.7
1790611382,rot-edgex-device-modbus,0.69,23.3
1790611382,rot-edgex-core-command,0.04,11.8
1790611382,rot-edgex-ui,0.00,6.5
1790611382,rot-edgex-core-data,0.44,24.2
1790611382,rot-edgex-core-metadata,0.00,11.2
1790611382,rot-edgex-common-config,0.00,0.8
1790611382,rot-edgex-core-keeper,0.13,18.2
1790611382,rot-flink-taskmanager,4.55,1494.0
1790611382,rot-telegraf-sink,0.83,104.4
1790611382,rot-alert-republisher,0.35,57.1
1790611382,rot-kafka-exporter,0.08,19.6
1790611382,rot-telegraf-bridge,0.69,118.7
1790611382,rot-fuxa,0.38,80.6
1790611382,rot-grafana,0.06,99.0
1790611382,rot-edgex-postgres,0.25,57.6
1790611382,rot-edgex-mqtt-broker,0.07,1.9
1790611382,rot-flink-jobmanager,4.96,802.3
1790611382,rot-kafka,3.89,473.4
1790611382,rot-influxdb,0.04,98.2
1790611382,rot-prometheus,0.13,124.2
1790611382,rot-emqx,1.73,204.1
1790611382,rot-alertmanager,0.12,20.8
1790611382,rot-plant-simulator,0.55,40.8
1790611382,rot-cadvisor,0.12,46.3
1790611385,rot-ai-web-1,0.00,11.9
1790611385,rot-ai-knowledge-1,0.44,150.6
1790611385,rot-ai-alarm-worker-1,0.18,36.0
1790611385,rot-ai-work-db-1,0.00,47.5
1790611385,rot-ai-graph-1,2.05,700.5
1790611385,rot-edgex-app-mqtt-export,0.20,25.7
1790611385,rot-edgex-device-modbus,0.78,23.0
1790611385,rot-edgex-core-command,0.00,11.8
1790611385,rot-edgex-ui,0.00,6.5
1790611385,rot-edgex-core-data,0.44,24.2
1790611385,rot-edgex-core-metadata,0.00,11.2
1790611385,rot-edgex-common-config,0.00,0.8
1790611385,rot-edgex-core-keeper,0.04,17.9
1790611385,rot-flink-taskmanager,31.76,1496.1
1790611385,rot-telegraf-sink,2.25,104.7
1790611385,rot-alert-republisher,0.52,57.1
1790611385,rot-kafka-exporter,0.07,19.6
1790611385,rot-telegraf-bridge,0.70,152.8
1790611385,rot-fuxa,0.36,80.7
1790611385,rot-grafana,0.15,99.0
1790611385,rot-edgex-postgres,0.17,57.0
1790611385,rot-edgex-mqtt-broker,0.07,1.7
1790611385,rot-flink-jobmanager,8.49,807.2
1790611385,rot-kafka,9.35,474.0
1790611385,rot-influxdb,5.45,98.7
1790611385,rot-prometheus,0.40,124.2
1790611385,rot-emqx,3.55,204.1
1790611385,rot-alertmanager,0.17,20.8
1790611385,rot-plant-simulator,0.67,40.1
1790611385,rot-cadvisor,1.98,46.0
1790611389,rot-ai-web-1,0.00,11.9
1790611389,rot-ai-knowledge-1,0.69,150.8
1790611389,rot-ai-alarm-worker-1,0.10,35.7
1790611389,rot-ai-work-db-1,6.58,48.6
1790611389,rot-ai-graph-1,42.19,762.8
1790611389,rot-edgex-app-mqtt-export,0.24,25.7
1790611389,rot-edgex-device-modbus,0.49,22.8
1790611389,rot-edgex-core-command,0.00,11.8
1790611389,rot-edgex-ui,0.00,6.5
1790611389,rot-edgex-core-data,0.25,24.0
1790611389,rot-edgex-core-metadata,0.04,11.2
1790611389,rot-edgex-common-config,0.00,0.8
1790611389,rot-edgex-core-keeper,0.00,18.4
1790611389,rot-flink-taskmanager,5.11,1496.1
1790611389,rot-telegraf-sink,1.79,104.5
1790611389,rot-alert-republisher,0.31,56.9
1790611389,rot-kafka-exporter,0.06,20.3
1790611389,rot-telegraf-bridge,0.29,152.4
1790611389,rot-fuxa,1.73,80.8
1790611389,rot-grafana,0.08,99.0
1790611389,rot-edgex-postgres,2.60,57.4
1790611389,rot-edgex-mqtt-broker,0.06,1.7
1790611389,rot-flink-jobmanager,1.29,805.7
1790611389,rot-kafka,4.17,474.1
1790611389,rot-influxdb,10.75,107.1
1790611389,rot-prometheus,1.12,124.4
1790611389,rot-emqx,1.58,203.9
1790611389,rot-alertmanager,0.10,20.8
1790611389,rot-plant-simulator,0.53,40.1
1790611389,rot-cadvisor,0.12,46.0
1790611392,rot-ai-web-1,0.00,12.0
1790611392,rot-ai-knowledge-1,0.25,150.4
1790611392,rot-ai-alarm-worker-1,0.12,36.0
1790611392,rot-ai-work-db-1,0.00,47.6
1790611392,rot-ai-graph-1,1.38,708.9
1790611392,rot-edgex-app-mqtt-export,0.29,25.9
1790611392,rot-edgex-device-modbus,0.62,23.3
1790611392,rot-edgex-core-command,0.08,11.8
1790611392,rot-edgex-ui,0.00,6.5
1790611392,rot-edgex-core-data,0.51,24.5
1790611392,rot-edgex-core-metadata,0.00,11.3
1790611392,rot-edgex-common-config,0.00,0.8
1790611392,rot-edgex-core-keeper,0.21,18.8
1790611392,rot-flink-taskmanager,12.86,1496.1
1790611392,rot-telegraf-sink,1.64,104.5
1790611392,rot-alert-republisher,0.54,57.4
1790611392,rot-kafka-exporter,0.08,20.3
1790611392,rot-telegraf-bridge,0.61,152.1
1790611392,rot-fuxa,0.25,80.3
1790611392,rot-grafana,0.17,99.2
1790611392,rot-edgex-postgres,0.14,57.0
1790611392,rot-edgex-mqtt-broker,0.11,2.2
1790611392,rot-flink-jobmanager,53.04,824.7
1790611392,rot-kafka,193.02,557.7
1790611392,rot-influxdb,0.09,107.0
1790611392,rot-prometheus,0.29,124.7
1790611392,rot-emqx,52.28,204.4
1790611392,rot-alertmanager,0.16,20.8
1790611392,rot-plant-simulator,0.75,39.9
1790611392,rot-cadvisor,0.36,46.0
1790611395,rot-ai-web-1,0.00,12.0
1790611395,rot-ai-knowledge-1,0.57,150.6
1790611395,rot-ai-alarm-worker-1,0.10,35.7
1790611395,rot-ai-work-db-1,0.58,48.0
1790611395,rot-ai-graph-1,1.33,709.0
1790611395,rot-edgex-app-mqtt-export,0.27,27.4
1790611395,rot-edgex-device-modbus,0.48,22.8
1790611395,rot-edgex-core-command,0.00,11.8
1790611395,rot-edgex-ui,0.00,6.5
1790611395,rot-edgex-core-data,1.23,27.5
1790611395,rot-edgex-core-metadata,0.00,11.3
1790611395,rot-edgex-common-config,0.01,0.8
1790611395,rot-edgex-core-keeper,0.04,18.3
1790611395,rot-flink-taskmanager,13.01,1496.1
1790611395,rot-telegraf-sink,1.03,103.5
1790611395,rot-alert-republisher,0.29,57.1
1790611395,rot-kafka-exporter,0.04,20.3
1790611395,rot-telegraf-bridge,0.26,152.6
1790611395,rot-fuxa,0.18,80.8
1790611395,rot-grafana,0.08,99.0
1790611395,rot-edgex-postgres,2.68,57.5
1790611395,rot-edgex-mqtt-broker,0.07,1.9
1790611395,rot-flink-jobmanager,4.25,828.2
1790611395,rot-kafka,4.85,477.7
1790611395,rot-influxdb,3.96,109.8
1790611395,rot-prometheus,0.11,124.2
1790611395,rot-emqx,2.49,203.9
1790611395,rot-alertmanager,0.11,20.8
1790611395,rot-plant-simulator,0.60,40.4
1790611395,rot-cadvisor,0.20,46.2
1790611399,rot-ai-web-1,0.00,12.0
1790611399,rot-ai-knowledge-1,0.78,150.9
1790611399,rot-ai-alarm-worker-1,0.11,36.0
1790611399,rot-ai-work-db-1,6.51,49.4
1790611399,rot-ai-graph-1,0.76,709.1
1790611399,rot-edgex-app-mqtt-export,0.18,27.6
1790611399,rot-edgex-device-modbus,0.63,22.8
1790611399,rot-edgex-core-command,0.00,11.8
1790611399,rot-edgex-ui,0.00,6.5
1790611399,rot-edgex-core-data,0.29,27.3
1790611399,rot-edgex-core-metadata,0.03,11.3
1790611399,rot-edgex-common-config,0.00,0.8
1790611399,rot-edgex-core-keeper,0.06,18.4
1790611399,rot-flink-taskmanager,4.75,1495.0
1790611399,rot-telegraf-sink,1.40,103.8
1790611399,rot-alert-republisher,0.33,57.4
1790611399,rot-kafka-exporter,0.09,20.4
1790611399,rot-telegraf-bridge,0.36,152.6
1790611399,rot-fuxa,0.16,80.7
1790611399,rot-grafana,1.37,100.7
1790611399,rot-edgex-postgres,0.13,57.3
1790611399,rot-edgex-mqtt-broker,0.08,1.7
1790611399,rot-flink-jobmanager,1.01,828.0
1790611399,rot-kafka,4.82,478.0
1790611399,rot-influxdb,0.30,109.8
1790611399,rot-prometheus,0.59,124.2
1790611399,rot-emqx,1.35,203.9
1790611399,rot-alertmanager,0.08,20.8
1790611399,rot-plant-simulator,0.84,39.9
1790611399,rot-cadvisor,0.19,46.0
1790611402,rot-ai-web-1,0.00,12.0
1790611402,rot-ai-knowledge-1,0.18,151.1
1790611402,rot-ai-alarm-worker-1,0.10,35.7
1790611402,rot-ai-work-db-1,0.00,48.0
1790611402,rot-ai-graph-1,158.58,838.1
1790611402,rot-edgex-app-mqtt-export,0.20,27.6
1790611402,rot-edgex-device-modbus,0.39,22.8
1790611402,rot-edgex-core-command,0.03,11.8
1790611402,rot-edgex-ui,0.00,6.5
1790611402,rot-edgex-core-data,0.25,27.3
1790611402,rot-edgex-core-metadata,0.04,11.3
1790611402,rot-edgex-common-config,0.00,0.8
1790611402,rot-edgex-core-keeper,0.10,18.4
1790611402,rot-flink-taskmanager,8.42,1489.9
1790611402,rot-telegraf-sink,1.29,103.5
1790611402,rot-alert-republisher,0.38,57.1
1790611402,rot-kafka-exporter,0.05,20.1
1790611402,rot-telegraf-bridge,0.35,152.6
1790611402,rot-fuxa,0.24,80.9
1790611402,rot-grafana,0.11,117.4
1790611402,rot-edgex-postgres,0.10,57.5
1790611402,rot-edgex-mqtt-broker,0.05,1.7
1790611402,rot-flink-jobmanager,12.43,831.7
1790611402,rot-kafka,9.32,475.8
1790611402,rot-influxdb,0.05,109.6
1790611402,rot-prometheus,0.35,124.2
1790611402,rot-emqx,36.80,228.4
1790611402,rot-alertmanager,0.11,21.0
1790611402,rot-plant-simulator,0.52,40.2
1790611402,rot-cadvisor,0.78,46.2
1790611405,rot-ai-web-1,0.00,12.0
1790611405,rot-ai-knowledge-1,0.94,150.5
1790611405,rot-ai-alarm-worker-1,0.08,35.8
1790611405,rot-ai-work-db-1,1.07,48.2
1790611405,rot-ai-graph-1,1.10,708.2
1790611405,rot-edgex-app-mqtt-export,0.26,26.9
1790611405,rot-edgex-device-modbus,0.60,22.5
1790611405,rot-edgex-core-command,0.00,11.7
1790611405,rot-edgex-ui,0.00,6.5
1790611405,rot-edgex-core-data,0.28,26.6
1790611405,rot-edgex-core-metadata,0.00,11.2
1790611405,rot-edgex-common-config,0.00,0.8
1790611405,rot-edgex-core-keeper,0.04,18.1
1790611405,rot-flink-taskmanager,6.43,1489.9
1790611405,rot-telegraf-sink,1.89,103.4
1790611405,rot-alert-republisher,0.43,56.1
1790611405,rot-kafka-exporter,0.08,19.8
1790611405,rot-telegraf-bridge,0.45,149.7
1790611405,rot-fuxa,0.41,79.7
1790611405,rot-grafana,0.11,115.8
1790611405,rot-edgex-postgres,4.29,57.6
1790611405,rot-edgex-mqtt-broker,0.07,1.6
1790611405,rot-flink-jobmanager,1.32,829.1
1790611405,rot-kafka,104.17,474.9
1790611405,rot-influxdb,4.49,109.7
1790611405,rot-prometheus,0.11,122.9
1790611405,rot-emqx,1.54,203.9
1790611405,rot-alertmanager,0.17,20.6
1790611405,rot-plant-simulator,0.72,39.5
1790611405,rot-cadvisor,0.47,46.3
1790611408,rot-ai-web-1,0.00,12.0
1790611408,rot-ai-knowledge-1,0.18,150.0
1790611408,rot-ai-alarm-worker-1,0.08,35.8
1790611408,rot-ai-work-db-1,0.41,48.5
1790611408,rot-ai-graph-1,1.92,708.5
1790611408,rot-edgex-app-mqtt-export,0.16,27.2
1790611408,rot-edgex-device-modbus,0.37,22.5
1790611408,rot-edgex-core-command,0.00,11.7
1790611408,rot-edgex-ui,0.00,6.5
1790611408,rot-edgex-core-data,0.09,26.8
1790611408,rot-edgex-core-metadata,0.00,11.2
1790611408,rot-edgex-common-config,0.00,0.8
1790611408,rot-edgex-core-keeper,0.03,18.2
1790611408,rot-flink-taskmanager,4.10,1489.9
1790611408,rot-telegraf-sink,1.21,104.0
1790611408,rot-alert-republisher,0.20,56.3
1790611408,rot-kafka-exporter,0.06,18.9
1790611408,rot-telegraf-bridge,0.25,149.4
1790611408,rot-fuxa,0.18,80.1
1790611408,rot-grafana,0.15,121.3
1790611408,rot-edgex-postgres,0.43,57.4
1790611408,rot-edgex-mqtt-broker,0.07,1.6
1790611408,rot-flink-jobmanager,0.92,823.3
1790611408,rot-kafka,3.28,474.8
1790611408,rot-influxdb,0.24,108.9
1790611408,rot-prometheus,0.82,123.2
1790611408,rot-emqx,1.40,203.9
1790611408,rot-alertmanager,0.08,20.6
1790611408,rot-plant-simulator,0.52,40.0
1790611408,rot-cadvisor,0.34,46.6
1790611411,rot-ai-web-1,0.00,12.2
1790611411,rot-ai-knowledge-1,0.57,150.9
1790611411,rot-ai-alarm-worker-1,0.07,35.8
1790611411,rot-ai-work-db-1,0.75,48.0
1790611411,rot-ai-graph-1,0.67,708.3
1790611411,rot-edgex-app-mqtt-export,0.09,27.4
1790611411,rot-edgex-device-modbus,0.28,22.5
1790611411,rot-edgex-core-command,0.05,11.7
1790611411,rot-edgex-ui,0.00,6.5
1790611411,rot-edgex-core-data,0.14,26.9
1790611411,rot-edgex-core-metadata,0.04,11.2
1790611411,rot-edgex-common-config,0.00,0.8
1790611411,rot-edgex-core-keeper,0.09,18.4
1790611411,rot-flink-taskmanager,5.78,1490.9
1790611411,rot-telegraf-sink,0.90,103.7
1790611411,rot-alert-republisher,0.21,56.1
1790611411,rot-kafka-exporter,0.03,18.9
1790611411,rot-telegraf-bridge,0.19,149.9
1790611411,rot-fuxa,0.16,80.1
1790611411,rot-grafana,0.08,121.0
1790611411,rot-edgex-postgres,0.08,57.1
1790611411,rot-edgex-mqtt-broker,0.05,1.9
1790611411,rot-flink-jobmanager,2.42,826.9
1790611411,rot-kafka,11.44,476.1
1790611411,rot-influxdb,0.05,108.9
1790611411,rot-prometheus,0.28,123.4
1790611411,rot-emqx,0.96,203.7
1790611411,rot-alertmanager,0.08,20.6
1790611411,rot-plant-simulator,0.38,40.3
1790611411,rot-cadvisor,2.92,48.6
1790611415,rot-ai-web-1,0.00,12.0
1790611415,rot-ai-knowledge-1,1.03,151.2
1790611415,rot-ai-alarm-worker-1,0.09,35.8
1790611415,rot-ai-work-db-1,7.57,48.1
1790611415,rot-ai-graph-1,222.37,870.9
1790611415,rot-edgex-app-mqtt-export,0.33,27.2
1790611415,rot-edgex-device-modbus,0.70,22.8
1790611415,rot-edgex-core-command,0.02,11.7
1790611415,rot-edgex-ui,0.00,6.5
1790611415,rot-edgex-core-data,0.39,27.3
1790611415,rot-edgex-core-metadata,0.00,11.2
1790611415,rot-edgex-common-config,0.01,0.8
1790611415,rot-edgex-core-keeper,0.00,18.2
1790611415,rot-flink-taskmanager,6.25,1489.9
1790611415,rot-telegraf-sink,1.57,102.9
1790611415,rot-alert-republisher,0.35,56.3
1790611415,rot-kafka-exporter,0.06,18.9
1790611415,rot-telegraf-bridge,0.39,149.4
1790611415,rot-fuxa,0.30,80.4
1790611415,rot-grafana,0.08,121.0
1790611415,rot-edgex-postgres,4.48,58.6
1790611415,rot-edgex-mqtt-broker,0.12,1.7
1790611415,rot-flink-jobmanager,1.46,826.8
1790611415,rot-kafka,5.15,474.6
1790611415,rot-influxdb,5.33,110.6
1790611415,rot-prometheus,0.24,122.9
1790611415,rot-emqx,14.99,203.6
1790611415,rot-alertmanager,0.26,20.6
1790611415,rot-plant-simulator,0.69,40.0
1790611415,rot-cadvisor,0.25,48.6
1790611418,rot-ai-web-1,0.00,11.8
1790611418,rot-ai-knowledge-1,0.17,149.4
1790611418,rot-ai-alarm-worker-1,0.08,38.3
1790611418,rot-ai-work-db-1,0.02,49.6
1790611418,rot-ai-graph-1,0.81,702.2
1790611418,rot-edgex-app-mqtt-export,0.25,25.8
1790611418,rot-edgex-device-modbus,0.42,21.9
1790611418,rot-edgex-core-command,0.00,11.3
1790611418,rot-edgex-ui,0.00,6.4
1790611418,rot-edgex-core-data,0.17,25.8
1790611418,rot-edgex-core-metadata,0.00,11.1
1790611418,rot-edgex-common-config,0.00,0.8
1790611418,rot-edgex-core-keeper,0.23,17.4
1790611418,rot-flink-taskmanager,4.33,1488.9
1790611418,rot-telegraf-sink,1.04,99.1
1790611418,rot-alert-republisher,0.70,107.8
1790611418,rot-kafka-exporter,0.05,20.3
1790611418,rot-telegraf-bridge,0.23,138.9
1790611418,rot-fuxa,0.31,78.9
1790611418,rot-grafana,0.17,114.1
1790611418,rot-edgex-postgres,0.17,55.2
1790611418,rot-edgex-mqtt-broker,0.05,1.6
1790611418,rot-flink-jobmanager,1.20,828.9
1790611418,rot-kafka,6.51,474.2
1790611418,rot-influxdb,0.04,103.6
1790611418,rot-prometheus,0.87,118.7
1790611418,rot-emqx,0.87,200.4
1790611418,rot-alertmanager,0.09,25.4
1790611418,rot-plant-simulator,0.39,38.2
1790611418,rot-cadvisor,0.40,47.1
1790611421,rot-ai-web-1,0.00,11.9
1790611421,rot-ai-knowledge-1,0.54,150.6
1790611421,rot-ai-alarm-worker-1,0.06,38.5
1790611421,rot-ai-work-db-1,0.52,50.5
1790611421,rot-ai-graph-1,0.69,702.9
1790611421,rot-edgex-app-mqtt-export,0.12,26.5
1790611421,rot-edgex-device-modbus,0.24,21.9
1790611421,rot-edgex-core-command,0.00,11.3
1790611421,rot-edgex-ui,0.00,6.4
1790611421,rot-edgex-core-data,0.19,26.3
1790611421,rot-edgex-core-metadata,0.06,10.9
1790611421,rot-edgex-common-config,0.00,0.8
1790611421,rot-edgex-core-keeper,0.05,17.4
1790611421,rot-flink-taskmanager,6.99,1487.9
1790611421,rot-telegraf-sink,1.01,97.9
1790611421,rot-alert-republisher,0.17,108.1
1790611421,rot-kafka-exporter,0.04,20.1
1790611421,rot-telegraf-bridge,0.31,139.2
1790611421,rot-fuxa,0.21,79.3
1790611421,rot-grafana,0.08,114.1
1790611421,rot-edgex-postgres,0.08,57.8
1790611421,rot-edgex-mqtt-broker,0.04,1.8
1790611421,rot-flink-jobmanager,2.91,832.2
1790611421,rot-kafka,24.04,493.5
1790611421,rot-influxdb,0.31,103.4
1790611421,rot-prometheus,0.21,118.0
1790611421,rot-emqx,0.60,201.1
1790611421,rot-alertmanager,0.08,25.4
1790611421,rot-plant-simulator,6.91,39.8
1790611421,rot-cadvisor,1.15,46.9
1790611424,rot-ai-web-1,0.00,11.9
1790611424,rot-ai-knowledge-1,0.19,150.6
1790611424,rot-ai-alarm-worker-1,0.07,38.3
1790611424,rot-ai-work-db-1,4.06,50.4
1790611424,rot-ai-graph-1,0.92,702.6
1790611424,rot-edgex-app-mqtt-export,0.17,26.0
1790611424,rot-edgex-device-modbus,0.36,21.6
1790611424,rot-edgex-core-command,0.02,11.2
1790611424,rot-edgex-ui,0.00,6.4
1790611424,rot-edgex-core-data,0.17,25.8
1790611424,rot-edgex-core-metadata,0.05,10.9
1790611424,rot-edgex-common-config,0.01,0.8
1790611424,rot-edgex-core-keeper,0.00,17.4
1790611424,rot-flink-taskmanager,4.50,1487.9
1790611424,rot-telegraf-sink,1.09,98.7
1790611424,rot-alert-republisher,0.19,108.1
1790611424,rot-kafka-exporter,0.10,20.1
1790611424,rot-telegraf-bridge,0.31,139.2
1790611424,rot-fuxa,0.19,79.5
1790611424,rot-grafana,0.09,114.1
1790611424,rot-edgex-postgres,0.11,58.1
1790611424,rot-edgex-mqtt-broker,0.05,1.8
1790611424,rot-flink-jobmanager,0.99,826.4
1790611424,rot-kafka,3.94,488.3
1790611424,rot-influxdb,0.29,103.4
1790611424,rot-prometheus,0.00,118.0
1790611424,rot-emqx,76.63,239.8
1790611424,rot-alertmanager,0.12,25.6
1790611424,rot-plant-simulator,0.41,40.0
1790611424,rot-cadvisor,0.32,46.4
1790611428,rot-ai-web-1,0.00,11.8
1790611428,rot-ai-knowledge-1,0.21,149.7
1790611428,rot-ai-alarm-worker-1,0.12,38.1
1790611428,rot-ai-work-db-1,1.14,48.8
1790611428,rot-ai-graph-1,223.26,863.8
1790611428,rot-edgex-app-mqtt-export,0.46,25.8
1790611428,rot-edgex-device-modbus,0.69,21.3
1790611428,rot-edgex-core-command,0.00,10.9
1790611428,rot-edgex-ui,0.00,6.4
1790611428,rot-edgex-core-data,0.28,24.7
1790611428,rot-edgex-core-metadata,0.00,10.6
1790611428,rot-edgex-common-config,0.01,0.8
1790611428,rot-edgex-core-keeper,0.77,20.3
1790611428,rot-flink-taskmanager,6.29,1502.2
1790611428,rot-telegraf-sink,1.49,95.7
1790611428,rot-alert-republisher,0.47,105.5
1790611428,rot-kafka-exporter,6.55,19.9
1790611428,rot-telegraf-bridge,0.53,134.1
1790611428,rot-fuxa,0.22,79.3
1790611428,rot-grafana,0.17,110.1
1790611428,rot-edgex-postgres,0.67,57.2
1790611428,rot-edgex-mqtt-broker,0.11,1.8
1790611428,rot-flink-jobmanager,2.72,829.7
1790611428,rot-kafka,51.23,476.1
1790611428,rot-influxdb,0.15,108.6
1790611428,rot-prometheus,0.44,116.8
1790611428,rot-emqx,2.60,201.7
1790611428,rot-alertmanager,0.17,24.7
1790611428,rot-plant-simulator,0.63,39.2
1790611428,rot-cadvisor,0.43,46.4
1790611431,rot-ai-web-1,0.00,12.1
1790611431,rot-ai-knowledge-1,3.52,151.4
1790611431,rot-ai-alarm-worker-1,0.09,38.2
1790611431,rot-ai-work-db-1,0.41,50.8
1790611431,rot-ai-graph-1,0.76,701.3
1790611431,rot-edgex-app-mqtt-export,0.19,24.6
1790611431,rot-edgex-device-modbus,0.39,19.7
1790611431,rot-edgex-core-command,0.00,10.6
1790611431,rot-edgex-ui,0.00,6.3
1790611431,rot-edgex-core-data,0.26,23.0
1790611431,rot-edgex-core-metadata,1.33,19.6
1790611431,rot-edgex-common-config,0.00,0.8
1790611431,rot-edgex-core-keeper,0.05,20.6
1790611431,rot-flink-taskmanager,4.67,1502.2
1790611431,rot-telegraf-sink,1.12,90.0
1790611431,rot-alert-republisher,0.27,96.4
1790611431,rot-kafka-exporter,0.03,19.4
1790611431,rot-telegraf-bridge,0.26,124.3
1790611431,rot-fuxa,0.21,78.9
1790611431,rot-grafana,2.88,151.8
1790611431,rot-edgex-postgres,0.14,58.0
1790611431,rot-edgex-mqtt-broker,0.06,1.6
1790611431,rot-flink-jobmanager,1.33,828.7
1790611431,rot-kafka,8.81,478.0
1790611431,rot-influxdb,0.45,102.7
1790611431,rot-prometheus,0.19,112.2
1790611431,rot-emqx,2.02,198.7
1790611431,rot-alertmanager,0.08,23.4
1790611431,rot-plant-simulator,8.65,39.7
1790611431,rot-cadvisor,2.01,45.6
1790611434,rot-ai-web-1,0.00,11.8
1790611434,rot-ai-knowledge-1,0.20,151.2
1790611434,rot-ai-alarm-worker-1,0.11,37.8
1790611434,rot-ai-work-db-1,3.80,54.0
1790611434,rot-ai-graph-1,1.28,701.2
1790611434,rot-edgex-app-mqtt-export,0.20,24.4
1790611434,rot-edgex-device-modbus,0.51,20.2
1790611434,rot-edgex-core-command,0.03,19.8
1790611434,rot-edgex-ui,0.00,6.3
1790611434,rot-edgex-core-data,0.25,23.6
1790611434,rot-edgex-core-metadata,0.02,19.4
1790611434,rot-edgex-common-config,0.00,0.8
1790611434,rot-edgex-core-keeper,0.00,20.1
1790611434,rot-flink-taskmanager,5.36,1501.2
1790611434,rot-telegraf-sink,1.43,89.2
1790611434,rot-alert-republisher,0.34,113.0
1790611434,rot-kafka-exporter,0.06,19.4
1790611434,rot-telegraf-bridge,0.36,124.0
1790611434,rot-fuxa,0.29,78.8
1790611434,rot-grafana,0.13,152.1
1790611434,rot-edgex-postgres,0.26,58.4
1790611434,rot-edgex-mqtt-broker,0.07,1.8
1790611434,rot-flink-jobmanager,1.28,832.8
1790611434,rot-kafka,4.25,477.5
1790611434,rot-influxdb,0.05,102.7
1790611434,rot-prometheus,0.00,111.9
1790611434,rot-emqx,2.06,198.0
1790611434,rot-alertmanager,0.11,23.4
1790611434,rot-plant-simulator,1.02,40.0
1790611434,rot-cadvisor,0.48,45.2
1790611437,rot-ai-web-1,0.00,11.8
1790611437,rot-ai-knowledge-1,0.64,151.2
1790611437,rot-ai-alarm-worker-1,0.13,38.3
1790611437,rot-ai-work-db-1,0.74,50.6
1790611437,rot-ai-graph-1,0.86,701.8
1790611437,rot-edgex-app-mqtt-export,0.45,26.6
1790611437,rot-edgex-device-modbus,0.60,20.0
1790611437,rot-edgex-core-command,0.00,19.8
1790611437,rot-edgex-ui,0.00,6.3
1790611437,rot-edgex-core-data,0.62,23.4
1790611437,rot-edgex-core-metadata,0.00,19.4
1790611437,rot-edgex-common-config,0.00,0.8
1790611437,rot-edgex-core-keeper,0.63,23.6
1790611437,rot-flink-taskmanager,4.86,1499.1
1790611437,rot-telegraf-sink,1.15,90.0
1790611437,rot-alert-republisher,0.33,113.1
1790611437,rot-kafka-exporter,4.43,20.2
1790611437,rot-telegraf-bridge,0.35,129.0
1790611437,rot-fuxa,0.51,78.5
1790611437,rot-grafana,0.32,152.1
1790611437,rot-edgex-postgres,0.36,58.2
1790611437,rot-edgex-mqtt-broker,0.06,1.8
1790611437,rot-flink-jobmanager,1.53,839.4
1790611437,rot-kafka,8.53,482.7
1790611437,rot-influxdb,0.17,108.0
1790611437,rot-prometheus,0.47,115.7
1790611437,rot-emqx,1.25,202.2
1790611437,rot-alertmanager,0.09,23.4
1790611437,rot-plant-simulator,0.66,39.8
1790611437,rot-cadvisor,0.25,45.1
1790611441,rot-ai-web-1,3.20,11.7
1790611441,rot-ai-knowledge-1,12.24,152.0
1790611441,rot-ai-alarm-worker-1,0.13,37.0
1790611441,rot-ai-work-db-1,1.23,47.8
1790611441,rot-ai-graph-1,196.94,862.9
1790611441,rot-edgex-app-mqtt-export,0.14,24.1
1790611441,rot-edgex-device-modbus,1.40,18.3
1790611441,rot-edgex-core-command,0.00,18.1
1790611441,rot-edgex-ui,0.00,6.3
1790611441,rot-edgex-core-data,0.22,21.4
1790611441,rot-edgex-core-metadata,0.04,18.7
1790611441,rot-edgex-common-config,0.01,0.8
1790611441,rot-edgex-core-keeper,0.06,20.9
1790611441,rot-flink-taskmanager,9.50,1495.0
1790611441,rot-telegraf-sink,2.54,83.1
1790611441,rot-alert-republisher,0.43,98.7
1790611441,rot-kafka-exporter,0.09,18.1
1790611441,rot-telegraf-bridge,0.67,125.2
1790611441,rot-fuxa,0.38,76.0
1790611441,rot-grafana,0.13,135.9
1790611441,rot-edgex-postgres,9.84,55.9
1790611441,rot-edgex-mqtt-broker,0.07,1.6
1790611441,rot-flink-jobmanager,4.42,838.4
1790611441,rot-kafka,144.40,528.0
1790611441,rot-influxdb,0.62,100.7
1790611441,rot-prometheus,0.04,111.9
1790611441,rot-emqx,1.80,198.4
1790611441,rot-alertmanager,0.16,21.9
1790611441,rot-plant-simulator,19.60,39.2
1790611441,rot-cadvisor,0.53,43.5
1790611444,rot-ai-web-1,0.00,11.6
1790611444,rot-ai-knowledge-1,0.18,149.7
1790611444,rot-ai-alarm-worker-1,0.07,36.6
1790611444,rot-ai-work-db-1,0.00,47.3
1790611444,rot-ai-graph-1,1.10,693.4
1790611444,rot-edgex-app-mqtt-export,0.10,23.4
1790611444,rot-edgex-device-modbus,0.27,17.6
1790611444,rot-edgex-core-command,0.05,17.4
1790611444,rot-edgex-ui,0.00,6.3
1790611444,rot-edgex-core-data,0.12,23.4
1790611444,rot-edgex-core-metadata,0.02,17.2
1790611444,rot-edgex-common-config,0.00,0.8
1790611444,rot-edgex-core-keeper,0.00,20.1
1790611444,rot-flink-taskmanager,4.95,1496.1
1790611444,rot-telegraf-sink,5.50,136.8
1790611444,rot-alert-republisher,0.24,88.8
1790611444,rot-kafka-exporter,0.04,17.8
1790611444,rot-telegraf-bridge,0.21,117.1
1790611444,rot-fuxa,2.19,77.7
1790611444,rot-grafana,0.07,124.7
1790611444,rot-edgex-postgres,0.09,53.7
1790611444,rot-edgex-mqtt-broker,0.05,1.8
1790611444,rot-flink-jobmanager,0.95,844.0
1790611444,rot-kafka,3.75,492.7
1790611444,rot-influxdb,0.06,96.0
1790611444,rot-prometheus,0.00,108.9
1790611444,rot-emqx,1.14,197.0
1790611444,rot-alertmanager,0.10,20.9
1790611444,rot-plant-simulator,0.36,37.2
1790611444,rot-cadvisor,0.26,43.5
1790611447,rot-ai-web-1,0.00,11.6
1790611447,rot-ai-knowledge-1,1.16,149.7
1790611447,rot-ai-alarm-worker-1,0.06,36.5
1790611447,rot-ai-work-db-1,1.22,51.0
1790611447,rot-ai-graph-1,0.78,693.8
1790611447,rot-edgex-app-mqtt-export,0.30,23.9
1790611447,rot-edgex-device-modbus,0.39,21.0
1790611447,rot-edgex-core-command,0.07,17.4
1790611447,rot-edgex-ui,0.00,6.3
1790611447,rot-edgex-core-data,0.38,23.7
1790611447,rot-edgex-core-metadata,0.00,17.3
1790611447,rot-edgex-common-config,0.00,0.8
1790611447,rot-edgex-core-keeper,0.67,22.3
1790611447,rot-flink-taskmanager,6.94,1484.8
1790611447,rot-telegraf-sink,1.38,136.2
1790611447,rot-alert-republisher,0.58,89.3
1790611447,rot-kafka-exporter,5.95,19.5
1790611447,rot-telegraf-bridge,0.33,116.6
1790611447,rot-fuxa,0.43,77.9
1790611447,rot-grafana,0.07,126.4
1790611447,rot-edgex-postgres,0.35,56.8
1790611447,rot-edgex-mqtt-broker,0.06,1.8
1790611447,rot-flink-jobmanager,1.53,848.1
1790611447,rot-kafka,10.01,500.0
1790611447,rot-influxdb,0.58,103.3
1790611447,rot-prometheus,0.31,111.4
1790611447,rot-emqx,102.42,246.3
1790611447,rot-alertmanager,0.10,28.1
1790611447,rot-plant-simulator,0.46,36.9
1790611447,rot-cadvisor,0.26,43.7
1790611451,rot-ai-web-1,2.21,12.1
1790611451,rot-ai-knowledge-1,2.54,151.8
1790611451,rot-ai-alarm-worker-1,0.28,36.3
1790611451,rot-ai-work-db-1,0.00,50.7
1790611451,rot-ai-graph-1,0.64,693.6
1790611451,rot-edgex-app-mqtt-export,0.08,23.4
1790611451,rot-edgex-device-modbus,0.34,20.4
1790611451,rot-edgex-core-command,0.00,17.4
1790611451,rot-edgex-ui,0.00,6.3
1790611451,rot-edgex-core-data,0.11,23.3
1790611451,rot-edgex-core-metadata,0.00,17.2
1790611451,rot-edgex-common-config,0.00,0.8
1790611451,rot-edgex-core-keeper,0.02,22.0
1790611451,rot-flink-taskmanager,4.33,1485.8
1790611451,rot-telegraf-sink,0.96,136.4
1790611451,rot-alert-republisher,0.25,88.6
1790611451,rot-kafka-exporter,0.05,19.0
1790611451,rot-telegraf-bridge,0.20,116.7
1790611451,rot-fuxa,0.15,77.7
1790611451,rot-grafana,0.13,128.7
1790611451,rot-edgex-postgres,2.10,57.0
1790611451,rot-edgex-mqtt-broker,0.05,1.8
1790611451,rot-flink-jobmanager,1.33,847.8
1790611451,rot-kafka,6.29,501.3
1790611451,rot-influxdb,0.26,103.0
1790611451,rot-prometheus,0.05,111.0
1790611451,rot-emqx,0.42,201.3
1790611451,rot-alertmanager,0.09,28.0
1790611451,rot-plant-simulator,0.45,37.4
1790611451,rot-cadvisor,0.16,44.2
1790611454,rot-ai-web-1,0.00,11.9
1790611454,rot-ai-knowledge-1,0.88,149.1
1790611454,rot-ai-alarm-worker-1,0.10,35.5
1790611454,rot-ai-work-db-1,0.72,46.7
1790611454,rot-ai-graph-1,196.29,884.0
1790611454,rot-edgex-app-mqtt-export,0.21,21.9
1790611454,rot-edgex-device-modbus,0.68,18.9
1790611454,rot-edgex-core-command,0.00,15.8
1790611454,rot-edgex-ui,0.00,6.3
1790611454,rot-edgex-core-data,0.38,21.9
1790611454,rot-edgex-core-metadata,0.05,15.8
1790611454,rot-edgex-common-config,0.01,0.8
1790611454,rot-edgex-core-keeper,0.00,20.2
1790611454,rot-flink-taskmanager,7.15,1482.8
1790611454,rot-telegraf-sink,1.25,121.9
1790611454,rot-alert-republisher,0.73,84.8
1790611454,rot-kafka-exporter,0.06,18.1
1790611454,rot-telegraf-bridge,0.34,110.0
1790611454,rot-fuxa,0.21,74.7
1790611454,rot-grafana,0.09,115.7
1790611454,rot-edgex-postgres,0.20,53.6
1790611454,rot-edgex-mqtt-broker,0.09,1.5
1790611454,rot-flink-jobmanager,2.26,852.9
1790611454,rot-kafka,192.25,546.2
1790611454,rot-influxdb,0.08,97.5
1790611454,rot-prometheus,0.22,106.0
1790611454,rot-emqx,2.10,196.8
1790611454,rot-alertmanager,0.11,26.1
1790611454,rot-plant-simulator,0.73,35.7
1790611454,rot-cadvisor,0.10,42.7
1790611457,rot-ai-web-1,0.00,11.7
1790611457,rot-ai-knowledge-1,1.04,148.3
1790611457,rot-ai-alarm-worker-1,0.07,34.7
1790611457,rot-ai-work-db-1,0.82,48.9
1790611457,rot-ai-graph-1,0.87,703.5
1790611457,rot-edgex-app-mqtt-export,1.56,27.5
1790611457,rot-edgex-device-modbus,2.25,23.4
1790611457,rot-edgex-core-command,0.13,14.9
1790611457,rot-edgex-ui,0.00,6.2
1790611457,rot-edgex-core-data,0.41,20.2
1790611457,rot-edgex-core-metadata,0.00,14.9
1790611457,rot-edgex-common-config,0.00,0.8
1790611457,rot-edgex-core-keeper,0.91,20.2
1790611457,rot-flink-taskmanager,11.68,1480.7
1790611457,rot-telegraf-sink,1.13,113.4
1790611457,rot-alert-republisher,0.25,77.5
1790611457,rot-kafka-exporter,6.21,16.3
1790611457,rot-telegraf-bridge,0.75,119.5
1790611457,rot-fuxa,0.22,73.0
1790611457,rot-grafana,0.06,118.1
1790611457,rot-edgex-postgres,0.42,54.9
1790611457,rot-edgex-mqtt-broker,0.07,1.5
1790611457,rot-flink-jobmanager,1.32,844.0
1790611457,rot-kafka,8.83,492.6
1790611457,rot-influxdb,0.62,98.0
1790611457,rot-prometheus,1.69,105.5
1790611457,rot-emqx,0.57,194.8
1790611457,rot-alertmanager,0.09,24.7
1790611457,rot-plant-simulator,0.45,34.1
1790611457,rot-cadvisor,0.58,44.2
1790611460,rot-ai-web-1,1.75,12.3
1790611460,rot-ai-knowledge-1,4.84,151.3
1790611460,rot-ai-alarm-worker-1,0.07,34.8
1790611460,rot-ai-work-db-1,5.63,49.2
1790611460,rot-ai-graph-1,0.87,703.6
1790611460,rot-edgex-app-mqtt-export,0.17,27.7
1790611460,rot-edgex-device-modbus,0.36,23.2
1790611460,rot-edgex-core-command,0.00,14.9
1790611460,rot-edgex-ui,0.00,6.2
1790611460,rot-edgex-core-data,0.16,20.6
1790611460,rot-edgex-core-metadata,0.00,14.9
1790611460,rot-edgex-common-config,0.00,0.8
1790611460,rot-edgex-core-keeper,0.01,19.1
1790611460,rot-flink-taskmanager,5.33,1481.7
1790611460,rot-telegraf-sink,1.34,113.9
1790611460,rot-alert-republisher,0.27,77.2
1790611460,rot-kafka-exporter,0.03,15.4
1790611460,rot-telegraf-bridge,0.30,124.3
1790611460,rot-fuxa,0.22,72.6
1790611460,rot-grafana,0.06,155.0
1790611460,rot-edgex-postgres,0.08,54.4
1790611460,rot-edgex-mqtt-broker,0.07,1.5
1790611460,rot-flink-jobmanager,1.83,845.1
1790611460,rot-kafka,4.24,492.9
1790611460,rot-influxdb,0.36,98.3
1790611460,rot-prometheus,0.05,105.3
1790611460,rot-emqx,0.50,199.0
1790611460,rot-alertmanager,0.08,24.7
1790611460,rot-plant-simulator,0.62,34.6
1790611460,rot-cadvisor,0.45,44.2
1790611464,rot-ai-web-1,0.00,11.8
1790611464,rot-ai-knowledge-1,0.84,148.7
1790611464,rot-ai-alarm-worker-1,0.08,34.7
1790611464,rot-ai-work-db-1,0.84,48.8
1790611464,rot-ai-graph-1,1.08,704.2
1790611464,rot-edgex-app-mqtt-export,0.16,27.8
1790611464,rot-edgex-device-modbus,0.45,22.8
1790611464,rot-edgex-core-command,0.00,14.9
1790611464,rot-edgex-ui,0.00,6.2
1790611464,rot-edgex-core-data,0.24,20.6
1790611464,rot-edgex-core-metadata,0.03,14.9
1790611464,rot-edgex-common-config,0.00,0.8
1790611464,rot-edgex-core-keeper,0.03,19.1
1790611464,rot-flink-taskmanager,4.94,1481.7
1790611464,rot-telegraf-sink,0.92,113.0
1790611464,rot-alert-republisher,0.23,77.7
1790611464,rot-kafka-exporter,0.07,15.4
1790611464,rot-telegraf-bridge,0.30,124.3
1790611464,rot-fuxa,0.17,72.6
1790611464,rot-grafana,0.05,155.0
1790611464,rot-edgex-postgres,0.09,53.9
1790611464,rot-edgex-mqtt-broker,0.06,1.5
1790611464,rot-flink-jobmanager,1.81,849.9
1790611464,rot-kafka,3.89,493.6
1790611464,rot-influxdb,0.07,97.8
1790611464,rot-prometheus,0.36,105.0
1790611464,rot-emqx,5.48,199.0
1790611464,rot-alertmanager,0.11,24.7
1790611464,rot-plant-simulator,0.48,38.2
1790611464,rot-cadvisor,0.29,44.3
1790611467,rot-ai-web-1,0.00,11.8
1790611467,rot-ai-knowledge-1,1.03,148.2
1790611467,rot-ai-alarm-worker-1,0.13,34.5
1790611467,rot-ai-work-db-1,0.00,47.2
1790611467,rot-ai-graph-1,205.66,872.9
1790611467,rot-edgex-app-mqtt-export,0.33,26.5
1790611467,rot-edgex-device-modbus,0.66,23.0
1790611467,rot-edgex-core-command,0.27,14.2
1790611467,rot-edgex-ui,0.00,6.3
1790611467,rot-edgex-core-data,0.40,19.6
1790611467,rot-edgex-core-metadata,0.03,14.6
1790611467,rot-edgex-common-config,0.00,0.8
1790611467,rot-edgex-core-keeper,1.16,19.1
1790611467,rot-flink-taskmanager,36.05,1481.7
1790611467,rot-telegraf-sink,2.47,111.0
1790611467,rot-alert-republisher,0.63,77.2
1790611467,rot-kafka-exporter,10.49,19.6
1790611467,rot-telegraf-bridge,0.99,120.4
1790611467,rot-fuxa,0.32,71.6
1790611467,rot-grafana,0.11,148.6
1790611467,rot-edgex-postgres,1.57,53.4
1790611467,rot-edgex-mqtt-broker,0.11,1.5
1790611467,rot-flink-jobmanager,2.67,865.0
1790611467,rot-kafka,232.51,543.3
1790611467,rot-influxdb,3.14,98.7
1790611467,rot-prometheus,5.50,105.0
1790611467,rot-emqx,3.64,197.2
1790611467,rot-alertmanager,0.14,23.7
1790611467,rot-plant-simulator,0.82,37.2
1790611467,rot-cadvisor,0.62,42.7
1790611470,rot-ai-web-1,1.59,12.4
1790611470,rot-ai-knowledge-1,0.16,147.7
1790611470,rot-ai-alarm-worker-1,0.09,35.0
1790611470,rot-ai-work-db-1,3.76,49.5
1790611470,rot-ai-graph-1,0.72,706.6
1790611470,rot-edgex-app-mqtt-export,0.69,27.2
1790611470,rot-edgex-device-modbus,0.78,23.2
1790611470,rot-edgex-core-command,0.00,14.9
1790611470,rot-edgex-ui,0.00,6.3
1790611470,rot-edgex-core-data,0.35,20.0
1790611470,rot-edgex-core-metadata,0.00,15.0
1790611470,rot-edgex-common-config,0.00,0.8
1790611470,rot-edgex-core-keeper,0.02,18.6
1790611470,rot-flink-taskmanager,4.70,1482.8
1790611470,rot-telegraf-sink,0.91,125.1
1790611470,rot-alert-republisher,0.27,79.6
1790611470,rot-kafka-exporter,0.03,18.5
1790611470,rot-telegraf-bridge,0.35,123.2
1790611470,rot-fuxa,0.21,72.1
1790611470,rot-grafana,0.06,148.6
1790611470,rot-edgex-postgres,0.23,54.0
1790611470,rot-edgex-mqtt-broker,0.09,1.7
1790611470,rot-flink-jobmanager,1.70,866.6
1790611470,rot-kafka,3.37,494.7
1790611470,rot-influxdb,0.04,100.4
1790611470,rot-prometheus,0.04,112.4
1790611470,rot-emqx,26.09,200.7
1790611470,rot-alertmanager,0.09,24.1
1790611470,rot-plant-simulator,0.91,37.9
1790611470,rot-cadvisor,0.45,43.9
1790611473,rot-ai-web-1,0.00,11.8
1790611473,rot-ai-knowledge-1,0.49,149.7
1790611473,rot-ai-alarm-worker-1,0.08,34.7
1790611473,rot-ai-work-db-1,0.47,49.6
1790611473,rot-ai-graph-1,0.59,706.9
1790611473,rot-edgex-app-mqtt-export,0.12,27.2
1790611473,rot-edgex-device-modbus,0.25,23.2
1790611473,rot-edgex-core-command,0.00,14.9
1790611473,rot-edgex-ui,0.00,6.3
1790611473,rot-edgex-core-data,0.10,20.2
1790611473,rot-edgex-core-metadata,0.01,15.0
1790611473,rot-edgex-common-config,0.00,0.8
1790611473,rot-edgex-core-keeper,0.02,18.6
1790611473,rot-flink-taskmanager,4.01,1483.8
1790611473,rot-telegraf-sink,0.87,124.9
1790611473,rot-alert-republisher,0.23,88.2
1790611473,rot-kafka-exporter,0.04,18.5
1790611473,rot-telegraf-bridge,0.27,122.7
1790611473,rot-fuxa,0.17,75.2
1790611473,rot-grafana,0.06,148.6
1790611473,rot-edgex-postgres,0.10,55.0
1790611473,rot-edgex-mqtt-broker,0.05,1.7
1790611473,rot-flink-jobmanager,1.77,874.5
1790611473,rot-kafka,2.83,493.6
1790611473,rot-influxdb,0.04,100.4
1790611473,rot-prometheus,0.18,112.4
1790611473,rot-emqx,3.49,201.2
1790611473,rot-alertmanager,0.09,24.1
1790611473,rot-plant-simulator,0.35,39.6
1790611473,rot-cadvisor,0.09,45.1
1790611477,rot-ai-web-1,0.00,11.8
1790611477,rot-ai-knowledge-1,0.20,149.2
1790611477,rot-ai-alarm-worker-1,0.11,34.5
1790611477,rot-ai-work-db-1,0.00,49.6
1790611477,rot-ai-graph-1,0.92,706.9
1790611477,rot-edgex-app-mqtt-export,0.16,26.8
1790611477,rot-edgex-device-modbus,0.37,22.7
1790611477,rot-edgex-core-command,0.15,14.9
1790611477,rot-edgex-ui,0.00,6.3
1790611477,rot-edgex-core-data,0.27,20.0
1790611477,rot-edgex-core-metadata,0.15,15.2
1790611477,rot-edgex-common-config,0.00,0.8
1790611477,rot-edgex-core-keeper,0.68,18.6
1790611477,rot-flink-taskmanager,11.32,1484.8
1790611477,rot-telegraf-sink,1.15,125.4
1790611477,rot-alert-republisher,0.28,88.0
1790611477,rot-kafka-exporter,3.56,20.0
1790611477,rot-telegraf-bridge,0.32,124.1
1790611477,rot-fuxa,0.17,74.4
1790611477,rot-grafana,0.10,148.6
1790611477,rot-edgex-postgres,2.97,54.4
1790611477,rot-edgex-mqtt-broker,0.07,1.5
1790611477,rot-flink-jobmanager,1.15,877.2
1790611477,rot-kafka,4.56,493.6
1790611477,rot-influxdb,1.20,103.4
1790611477,rot-prometheus,1.43,115.1
1790611477,rot-emqx,0.86,200.7
1790611477,rot-alertmanager,0.10,24.5
1790611477,rot-plant-simulator,0.39,39.1
1790611477,rot-cadvisor,1.16,50.2
1790611480,rot-ai-web-1,0.00,11.5
1790611480,rot-ai-knowledge-1,0.83,145.3
1790611480,rot-ai-alarm-worker-1,0.12,33.6
1790611480,rot-ai-work-db-1,1.04,42.4
1790611480,rot-ai-graph-1,199.84,879.1
1790611480,rot-edgex-app-mqtt-export,0.17,23.3
1790611480,rot-edgex-device-modbus,0.60,19.6
1790611480,rot-edgex-core-command,0.04,12.8
1790611480,rot-edgex-ui,0.00,6.3
1790611480,rot-edgex-core-data,0.23,17.8
1790611480,rot-edgex-core-metadata,0.00,13.0
1790611480,rot-edgex-common-config,0.00,0.8
1790611480,rot-edgex-core-keeper,0.03,16.9
1790611480,rot-flink-taskmanager,5.74,1481.7
1790611480,rot-telegraf-sink,1.48,107.0
1790611480,rot-alert-republisher,0.36,71.8
1790611480,rot-kafka-exporter,0.07,16.1
1790611480,rot-telegraf-bridge,0.41,105.2
1790611480,rot-fuxa,0.24,83.3
1790611480,rot-grafana,0.08,117.9
1790611480,rot-edgex-postgres,0.12,50.1
1790611480,rot-edgex-mqtt-broker,0.10,2.0
1790611480,rot-flink-jobmanager,1.66,874.2
1790611480,rot-kafka,197.52,555.2
1790611480,rot-influxdb,0.05,94.4
1790611480,rot-prometheus,0.07,104.0
1790611480,rot-emqx,64.98,234.0
1790611480,rot-alertmanager,0.12,24.5
1790611480,rot-plant-simulator,0.57,35.3
1790611480,rot-cadvisor,0.51,44.9
1790611483,rot-ai-web-1,0.00,11.8
1790611483,rot-ai-knowledge-1,0.65,149.7
1790611483,rot-ai-alarm-worker-1,0.07,33.3
1790611483,rot-ai-work-db-1,0.69,49.0
1790611483,rot-ai-graph-1,0.77,704.9
1790611483,rot-edgex-app-mqtt-export,0.29,24.0
1790611483,rot-edgex-device-modbus,0.73,20.1
1790611483,rot-edgex-core-command,0.00,12.6
1790611483,rot-edgex-ui,0.01,6.3
1790611483,rot-edgex-core-data,0.40,17.5
1790611483,rot-edgex-core-metadata,0.00,12.8
1790611483,rot-edgex-common-config,0.00,0.8
1790611483,rot-edgex-core-keeper,0.03,18.4
1790611483,rot-flink-taskmanager,5.04,1482.8
1790611483,rot-telegraf-sink,1.07,104.8
1790611483,rot-alert-republisher,0.24,69.9
1790611483,rot-kafka-exporter,0.05,16.2
1790611483,rot-telegraf-bridge,0.28,104.4
1790611483,rot-fuxa,0.20,82.9
1790611483,rot-grafana,0.07,115.8
1790611483,rot-edgex-postgres,0.37,56.6
1790611483,rot-edgex-mqtt-broker,0.06,1.7
1790611483,rot-flink-jobmanager,5.74,880.0
1790611483,rot-kafka,3.57,483.8
1790611483,rot-influxdb,0.44,93.4
1790611483,rot-prometheus,0.31,103.6
1790611483,rot-emqx,2.10,197.8
1790611483,rot-alertmanager,0.11,24.2
1790611483,rot-plant-simulator,0.63,40.0
1790611483,rot-cadvisor,0.00,46.4
1790611486,rot-ai-web-1,0.00,11.8
1790611486,rot-ai-knowledge-1,0.15,149.4
1790611486,rot-ai-alarm-worker-1,0.10,33.3
1790611486,rot-ai-work-db-1,0.00,49.5
1790611486,rot-ai-graph-1,0.78,704.8
1790611486,rot-edgex-app-mqtt-export,0.11,23.7
1790611486,rot-edgex-device-modbus,0.24,19.6
1790611486,rot-edgex-core-command,0.08,12.8
1790611486,rot-edgex-ui,0.00,6.3
1790611486,rot-edgex-core-data,0.19,18.0
1790611486,rot-edgex-core-metadata,0.07,13.1
1790611486,rot-edgex-common-config,0.00,0.8
1790611486,rot-edgex-core-keeper,0.76,23.6
1790611486,rot-flink-taskmanager,19.46,1482.8
1790611486,rot-telegraf-sink,1.26,105.4
1790611486,rot-alert-republisher,0.26,77.2
1790611486,rot-kafka-exporter,0.03,16.2
1790611486,rot-telegraf-bridge,0.50,104.7
1790611486,rot-fuxa,0.13,83.3
1790611486,rot-grafana,0.06,115.8
1790611486,rot-edgex-postgres,2.13,56.6
1790611486,rot-edgex-mqtt-broker,0.05,1.7
1790611486,rot-flink-jobmanager,2.27,882.9
1790611486,rot-kafka,4.53,500.2
1790611486,rot-influxdb,0.60,102.8
1790611486,rot-prometheus,1.12,103.4
1790611486,rot-emqx,0.48,197.8
1790611486,rot-alertmanager,0.09,24.2
1790611486,rot-plant-simulator,0.28,39.3
1790611486,rot-cadvisor,0.05,46.6
1790611490,rot-ai-web-1,0.00,11.8
1790611490,rot-ai-knowledge-1,0.58,149.9
1790611490,rot-ai-alarm-worker-1,0.08,33.1
1790611490,rot-ai-work-db-1,0.50,49.8
1790611490,rot-ai-graph-1,0.76,704.9
1790611490,rot-edgex-app-mqtt-export,0.18,23.5
1790611490,rot-edgex-device-modbus,0.36,19.6
1790611490,rot-edgex-core-command,0.01,12.6
1790611490,rot-edgex-ui,0.00,6.3
1790611490,rot-edgex-core-data,0.18,17.6
1790611490,rot-edgex-core-metadata,0.00,12.8
1790611490,rot-edgex-common-config,0.00,0.8
1790611490,rot-edgex-core-keeper,0.00,22.6
1790611490,rot-flink-taskmanager,4.09,1483.8
1790611490,rot-telegraf-sink,0.94,105.4
1790611490,rot-alert-republisher,0.21,78.7
1790611490,rot-kafka-exporter,0.06,19.9
1790611490,rot-telegraf-bridge,0.35,103.9
1790611490,rot-fuxa,0.19,83.3
1790611490,rot-grafana,0.06,136.3
1790611490,rot-edgex-postgres,0.11,55.9
1790611490,rot-edgex-mqtt-broker,0.06,1.7
1790611490,rot-flink-jobmanager,0.88,882.8
1790611490,rot-kafka,3.30,500.9
1790611490,rot-influxdb,0.04,102.5
1790611490,rot-prometheus,0.02,103.0
1790611490,rot-emqx,0.44,198.3
1790611490,rot-alertmanager,0.11,24.2
1790611490,rot-plant-simulator,0.37,39.3
1790611490,rot-cadvisor,0.21,46.6
1790611493,rot-ai-web-1,0.00,11.9
1790611493,rot-ai-knowledge-1,0.21,149.9
1790611493,rot-ai-alarm-worker-1,0.11,33.3
1790611493,rot-ai-work-db-1,0.00,49.5
1790611493,rot-ai-graph-1,203.25,889.9
1790611493,rot-edgex-app-mqtt-export,0.41,23.5
1790611493,rot-edgex-device-modbus,0.60,19.4
1790611493,rot-edgex-core-command,0.00,15.6
1790611493,rot-edgex-ui,0.00,6.3
1790611493,rot-edgex-core-data,0.26,17.5
1790611493,rot-edgex-core-metadata,0.00,12.8
1790611493,rot-edgex-common-config,0.00,0.8
1790611493,rot-edgex-core-keeper,0.13,22.6
1790611493,rot-flink-taskmanager,8.97,1482.8
1790611493,rot-telegraf-sink,1.76,109.0
1790611493,rot-alert-republisher,0.28,77.2
1790611493,rot-kafka-exporter,0.07,19.9
1790611493,rot-telegraf-bridge,0.47,110.7
1790611493,rot-fuxa,0.21,82.6
1790611493,rot-grafana,0.10,136.6
1790611493,rot-edgex-postgres,0.18,55.7
1790611493,rot-edgex-mqtt-broker,0.08,1.7
1790611493,rot-flink-jobmanager,8.89,888.2
1790611493,rot-kafka,166.25,586.8
1790611493,rot-influxdb,0.59,102.7
1790611493,rot-prometheus,0.32,103.8
1790611493,rot-emqx,72.71,200.4
1790611493,rot-alertmanager,0.16,24.4
1790611493,rot-plant-simulator,0.69,39.1
1790611493,rot-cadvisor,0.16,46.9
1790611496,rot-ai-web-1,0.00,11.9
1790611496,rot-ai-knowledge-1,0.74,149.5
1790611496,rot-ai-alarm-worker-1,0.06,33.2
1790611496,rot-ai-work-db-1,4.80,49.8
1790611496,rot-ai-graph-1,0.76,711.8
1790611496,rot-edgex-app-mqtt-export,0.79,25.6
1790611496,rot-edgex-device-modbus,0.66,19.4
1790611496,rot-edgex-core-command,0.00,15.3
1790611496,rot-edgex-ui,0.00,6.2
1790611496,rot-edgex-core-data,0.19,19.6
1790611496,rot-edgex-core-metadata,0.06,13.0
1790611496,rot-edgex-common-config,0.00,0.8
1790611496,rot-edgex-core-keeper,0.13,22.4
1790611496,rot-flink-taskmanager,12.77,1481.7
1790611496,rot-telegraf-sink,0.72,109.9
1790611496,rot-alert-republisher,0.19,77.0
1790611496,rot-kafka-exporter,0.08,19.7
1790611496,rot-telegraf-bridge,0.29,109.5
1790611496,rot-fuxa,0.16,82.1
1790611496,rot-grafana,0.04,134.1
1790611496,rot-edgex-postgres,2.86,56.0
1790611496,rot-edgex-mqtt-broker,0.07,1.7
1790611496,rot-flink-jobmanager,5.98,890.5
1790611496,rot-kafka,3.09,498.0
1790611496,rot-influxdb,3.12,101.6
1790611496,rot-prometheus,0.11,102.8
1790611496,rot-emqx,0.43,199.5
1790611496,rot-alertmanager,0.09,23.9
1790611496,rot-plant-simulator,0.73,39.1
1790611496,rot-cadvisor,0.22,46.2
1790611499,rot-ai-web-1,0.00,11.9
1790611499,rot-ai-knowledge-1,0.59,149.7
1790611499,rot-ai-alarm-worker-1,0.08,33.2
1790611499,rot-ai-work-db-1,0.45,50.1
1790611499,rot-ai-graph-1,0.62,712.2
1790611499,rot-edgex-app-mqtt-export,0.12,25.6
1790611499,rot-edgex-device-modbus,0.38,19.4
1790611499,rot-edgex-core-command,0.04,15.3
1790611499,rot-edgex-ui,0.00,6.2
1790611499,rot-edgex-core-data,0.17,20.1
1790611499,rot-edgex-core-metadata,0.02,12.7
1790611499,rot-edgex-common-config,0.00,0.8
1790611499,rot-edgex-core-keeper,0.00,22.4
1790611499,rot-flink-taskmanager,4.21,1482.8
1790611499,rot-telegraf-sink,0.73,109.9
1790611499,rot-alert-republisher,0.19,76.8
1790611499,rot-kafka-exporter,0.02,19.3
1790611499,rot-telegraf-bridge,0.19,125.2
1790611499,rot-fuxa,0.17,82.5
1790611499,rot-grafana,0.05,134.1
1790611499,rot-edgex-postgres,0.06,56.0
1790611499,rot-edgex-mqtt-broker,0.05,1.7
1790611499,rot-flink-jobmanager,0.72,890.6
1790611499,rot-kafka,2.99,503.7
1790611499,rot-influxdb,0.03,101.2
1790611499,rot-prometheus,0.00,103.3
1790611499,rot-emqx,0.84,199.5
1790611499,rot-alertmanager,0.08,23.9
1790611499,rot-plant-simulator,0.41,39.2
1790611499,rot-cadvisor,0.42,46.7
1790611502,rot-ai-web-1,0.00,11.9
1790611502,rot-ai-knowledge-1,0.16,150.8
1790611502,rot-ai-alarm-worker-1,0.07,33.0
1790611502,rot-ai-work-db-1,0.00,49.6
1790611502,rot-ai-graph-1,0.71,711.8
1790611502,rot-edgex-app-mqtt-export,0.26,25.6
1790611502,rot-edgex-device-modbus,0.35,19.2
1790611502,rot-edgex-core-command,0.00,15.3
1790611502,rot-edgex-ui,0.00,6.2
1790611502,rot-edgex-core-data,0.08,20.1
1790611502,rot-edgex-core-metadata,0.00,12.7
1790611502,rot-edgex-common-config,0.00,0.8
1790611502,rot-edgex-core-keeper,0.08,22.6
1790611502,rot-flink-taskmanager,3.98,1482.8
1790611502,rot-telegraf-sink,1.44,110.6
1790611502,rot-alert-republisher,0.44,77.0
1790611502,rot-kafka-exporter,0.04,19.3
1790611502,rot-telegraf-bridge,0.35,125.0
1790611502,rot-fuxa,0.30,87.2
1790611502,rot-grafana,0.11,134.1
1790611502,rot-edgex-postgres,0.11,55.3
1790611502,rot-edgex-mqtt-broker,0.05,1.7
1790611502,rot-flink-jobmanager,4.80,893.9
1790611502,rot-kafka,8.97,501.2
1790611502,rot-influxdb,0.66,101.5
1790611502,rot-prometheus,0.00,115.2
1790611502,rot-emqx,1.20,200.3
1790611502,rot-alertmanager,0.14,23.9
1790611502,rot-plant-simulator,0.33,39.3
1790611502,rot-cadvisor,0.11,47.6
1790611506,rot-ai-web-1,0.00,11.8
1790611506,rot-ai-knowledge-1,1.00,148.5
1790611506,rot-ai-alarm-worker-1,0.08,32.4
1790611506,rot-ai-work-db-1,6.86,49.7
1790611506,rot-ai-graph-1,216.60,879.9
1790611506,rot-edgex-app-mqtt-export,0.17,23.2
1790611506,rot-edgex-device-modbus,0.63,26.4
1790611506,rot-edgex-core-command,0.00,14.0
1790611506,rot-edgex-ui,0.00,6.2
1790611506,rot-edgex-core-data,0.14,18.0
1790611506,rot-edgex-core-metadata,0.08,12.1
1790611506,rot-edgex-common-config,0.01,0.8
1790611506,rot-edgex-core-keeper,0.30,21.0
1790611506,rot-flink-taskmanager,22.26,1481.7
1790611506,rot-telegraf-sink,1.45,101.1
1790611506,rot-alert-republisher,0.30,69.2
1790611506,rot-kafka-exporter,0.06,18.4
1790611506,rot-telegraf-bridge,0.43,142.9
1790611506,rot-fuxa,0.22,86.1
1790611506,rot-grafana,0.08,122.4
1790611506,rot-edgex-postgres,0.17,54.2
1790611506,rot-edgex-mqtt-broker,0.06,1.4
1790611506,rot-flink-jobmanager,7.06,896.2
1790611506,rot-kafka,89.06,495.0
1790611506,rot-influxdb,7.11,99.9
1790611506,rot-prometheus,0.29,108.3
1790611506,rot-emqx,2.39,198.1
1790611506,rot-alertmanager,0.15,22.6
1790611506,rot-plant-simulator,0.69,36.4
1790611506,rot-cadvisor,3.86,46.7
1790611509,rot-ai-web-1,0.00,11.8
1790611509,rot-ai-knowledge-1,0.17,148.7
1790611509,rot-ai-alarm-worker-1,0.09,33.1
1790611509,rot-ai-work-db-1,0.01,49.5
1790611509,rot-ai-graph-1,0.65,707.9
1790611509,rot-edgex-app-mqtt-export,0.22,26.3
1790611509,rot-edgex-device-modbus,0.38,26.4
1790611509,rot-edgex-core-command,0.01,14.3
1790611509,rot-edgex-ui,0.00,6.2
1790611509,rot-edgex-core-data,0.19,23.2
1790611509,rot-edgex-core-metadata,0.02,12.1
1790611509,rot-edgex-common-config,0.00,0.8
1790611509,rot-edgex-core-keeper,0.00,21.1
1790611509,rot-flink-taskmanager,3.21,1482.8
1790611509,rot-telegraf-sink,0.95,106.5
1790611509,rot-alert-republisher,0.17,69.7
1790611509,rot-kafka-exporter,0.04,18.8
1790611509,rot-telegraf-bridge,0.21,143.7
1790611509,rot-fuxa,0.17,86.3
1790611509,rot-grafana,0.05,122.4
1790611509,rot-edgex-postgres,2.91,55.6
1790611509,rot-edgex-mqtt-broker,0.06,1.7
1790611509,rot-flink-jobmanager,0.78,895.9
1790611509,rot-kafka,3.10,494.2
1790611509,rot-influxdb,4.48,107.9
1790611509,rot-prometheus,0.58,112.8
1790611509,rot-emqx,2.43,198.5
1790611509,rot-alertmanager,0.12,22.6
1790611509,rot-plant-simulator,0.56,36.8
1790611509,rot-cadvisor,0.96,46.0
1790611512,rot-ai-web-1,0.00,11.9
1790611512,rot-ai-knowledge-1,0.62,151.0
1790611512,rot-ai-alarm-worker-1,0.07,32.9
1790611512,rot-ai-work-db-1,0.00,49.2
1790611512,rot-ai-graph-1,0.67,707.6
1790611512,rot-edgex-app-mqtt-export,0.29,26.8
1790611512,rot-edgex-device-modbus,0.39,26.4
1790611512,rot-edgex-core-command,0.03,14.3
1790611512,rot-edgex-ui,0.00,6.2
1790611512,rot-edgex-core-data,0.17,23.1
1790611512,rot-edgex-core-metadata,0.00,12.1
1790611512,rot-edgex-common-config,0.00,0.8
1790611512,rot-edgex-core-keeper,0.16,20.8
1790611512,rot-flink-taskmanager,10.20,1492.0
1790611512,rot-telegraf-sink,0.85,111.1
1790611512,rot-alert-republisher,0.24,69.2
1790611512,rot-kafka-exporter,0.02,18.8
1790611512,rot-telegraf-bridge,0.21,143.1
1790611512,rot-fuxa,0.17,86.4
1790611512,rot-grafana,0.08,122.4
1790611512,rot-edgex-postgres,2.68,56.5
1790611512,rot-edgex-mqtt-broker,0.08,2.2
1790611512,rot-flink-jobmanager,1.24,899.1
1790611512,rot-kafka,11.92,495.4
1790611512,rot-influxdb,0.04,107.4
1790611512,rot-prometheus,0.09,113.2
1790611512,rot-emqx,2.98,198.3
1790611512,rot-alertmanager,0.07,22.6
1790611512,rot-plant-simulator,6.69,39.7
1790611512,rot-cadvisor,0.28,46.0
1790611515,rot-ai-web-1,0.00,11.9
1790611515,rot-ai-knowledge-1,0.86,151.1
1790611515,rot-ai-alarm-worker-1,0.10,33.1
1790611515,rot-ai-work-db-1,1.08,49.8
1790611515,rot-ai-graph-1,0.81,707.9
1790611515,rot-edgex-app-mqtt-export,0.12,26.8
1790611515,rot-edgex-device-modbus,0.58,26.9
1790611515,rot-edgex-core-command,0.00,14.3
1790611515,rot-edgex-ui,0.00,6.2
1790611515,rot-edgex-core-data,0.33,23.1
1790611515,rot-edgex-core-metadata,0.00,12.1
1790611515,rot-edgex-common-config,0.00,0.8
1790611515,rot-edgex-core-keeper,0.02,20.8
1790611515,rot-flink-taskmanager,10.90,1493.0
1790611515,rot-telegraf-sink,0.94,111.6
1790611515,rot-alert-republisher,0.32,69.7
1790611515,rot-kafka-exporter,0.04,18.8
1790611515,rot-telegraf-bridge,0.23,142.9
1790611515,rot-fuxa,0.25,86.7
1790611515,rot-grafana,0.06,122.4
1790611515,rot-edgex-postgres,0.11,55.5
1790611515,rot-edgex-mqtt-broker,0.06,1.5
1790611515,rot-flink-jobmanager,3.19,902.2
1790611515,rot-kafka,7.78,499.1
1790611515,rot-influxdb,0.03,107.4
1790611515,rot-prometheus,0.06,112.7
1790611515,rot-emqx,19.60,200.8
1790611515,rot-alertmanager,0.08,22.6
1790611515,rot-plant-simulator,0.66,39.5
1790611515,rot-cadvisor,0.40,46.5
1790611519,rot-ai-web-1,0.00,11.9
1790611519,rot-ai-knowledge-1,0.21,149.2
1790611519,rot-ai-alarm-worker-1,0.11,32.8
1790611519,rot-ai-work-db-1,0.00,48.9
1790611519,rot-ai-graph-1,208.72,880.5
1790611519,rot-edgex-app-mqtt-export,0.20,26.2
1790611519,rot-edgex-device-modbus,0.51,26.6
1790611519,rot-edgex-core-command,0.00,14.2
1790611519,rot-edgex-ui,0.00,6.2
1790611519,rot-edgex-core-data,0.24,23.4
1790611519,rot-edgex-core-metadata,0.03,12.3
1790611519,rot-edgex-common-config,0.00,0.8
1790611519,rot-edgex-core-keeper,0.00,20.7
1790611519,rot-flink-taskmanager,8.35,1490.9
1790611519,rot-telegraf-sink,1.93,116.4
1790611519,rot-alert-republisher,0.32,71.3
1790611519,rot-kafka-exporter,0.07,19.1
1790611519,rot-telegraf-bridge,0.30,142.4
1790611519,rot-fuxa,0.19,85.9
1790611519,rot-grafana,1.38,121.8
1790611519,rot-edgex-postgres,0.17,55.3
1790611519,rot-edgex-mqtt-broker,0.09,1.5
1790611519,rot-flink-jobmanager,1.32,902.0
1790611519,rot-kafka,68.93,498.3
1790611519,rot-influxdb,0.42,107.6
1790611519,rot-prometheus,1.09,112.7
1790611519,rot-emqx,1.56,200.1
1790611519,rot-alertmanager,0.11,22.5
1790611519,rot-plant-simulator,0.61,38.5
1790611519,rot-cadvisor,0.17,47.1
1790611522,rot-ai-web-1,0.00,12.1
1790611522,rot-ai-knowledge-1,0.63,149.4
1790611522,rot-ai-alarm-worker-1,0.14,33.1
1790611522,rot-ai-work-db-1,0.52,49.4
1790611522,rot-ai-graph-1,0.69,711.1
1790611522,rot-edgex-app-mqtt-export,0.17,26.3
1790611522,rot-edgex-device-modbus,0.29,26.9
1790611522,rot-edgex-core-command,0.02,14.2
1790611522,rot-edgex-ui,0.00,6.2
1790611522,rot-edgex-core-data,0.19,23.2
1790611522,rot-edgex-core-metadata,0.00,12.1
1790611522,rot-edgex-common-config,0.00,0.8
1790611522,rot-edgex-core-keeper,0.07,20.9
1790611522,rot-flink-taskmanager,6.04,1493.0
1790611522,rot-telegraf-sink,1.03,115.4
1790611522,rot-alert-republisher,0.35,71.3
1790611522,rot-kafka-exporter,0.06,19.1
1790611522,rot-telegraf-bridge,0.36,141.9
1790611522,rot-fuxa,0.20,85.8
1790611522,rot-grafana,0.07,121.6
1790611522,rot-edgex-postgres,2.33,55.5
1790611522,rot-edgex-mqtt-broker,0.05,1.5
1790611522,rot-flink-jobmanager,3.23,905.5
1790611522,rot-kafka,8.09,497.0
1790611522,rot-influxdb,0.03,107.4
1790611522,rot-prometheus,0.11,113.0
1790611522,rot-emqx,0.82,200.3
1790611522,rot-alertmanager,0.06,22.5
1790611522,rot-plant-simulator,6.29,39.5
1790611522,rot-cadvisor,1.24,51.6
1790611525,rot-ai-web-1,0.00,11.9
1790611525,rot-ai-knowledge-1,0.18,149.4
1790611525,rot-ai-alarm-worker-1,0.07,32.6
1790611525,rot-ai-work-db-1,0.00,49.2
1790611525,rot-ai-graph-1,1.06,710.8
1790611525,rot-edgex-app-mqtt-export,0.32,26.2
1790611525,rot-edgex-device-modbus,0.90,27.6
1790611525,rot-edgex-core-command,0.00,14.2
1790611525,rot-edgex-ui,0.00,6.2
1790611525,rot-edgex-core-data,0.42,23.2
1790611525,rot-edgex-core-metadata,0.00,12.1
1790611525,rot-edgex-common-config,0.00,0.8
1790611525,rot-edgex-core-keeper,0.06,20.6
1790611525,rot-flink-taskmanager,7.58,1487.9
1790611525,rot-telegraf-sink,1.56,115.4
1790611525,rot-alert-republisher,0.28,71.3
1790611525,rot-kafka-exporter,0.05,19.1
1790611525,rot-telegraf-bridge,0.33,141.9
1790611525,rot-fuxa,0.19,86.3
1790611525,rot-grafana,0.08,121.6
1790611525,rot-edgex-postgres,0.19,55.7
1790611525,rot-edgex-mqtt-broker,0.09,1.7
1790611525,rot-flink-jobmanager,2.19,899.8
1790611525,rot-kafka,5.42,496.5
1790611525,rot-influxdb,0.49,107.4
1790611525,rot-prometheus,0.08,112.8
1790611525,rot-emqx,87.01,217.7
1790611525,rot-alertmanager,0.11,22.7
1790611525,rot-plant-simulator,0.83,39.4
1790611525,rot-cadvisor,0.35,51.4
1790611528,rot-ai-web-1,0.00,11.9
1790611528,rot-ai-knowledge-1,0.17,149.4
1790611528,rot-ai-alarm-worker-1,0.07,32.8
1790611528,rot-ai-work-db-1,0.33,49.7
1790611528,rot-ai-graph-1,0.83,710.9
1790611528,rot-edgex-app-mqtt-export,0.15,26.7
1790611528,rot-edgex-device-modbus,0.42,27.9
1790611528,rot-edgex-core-command,0.00,14.2
1790611528,rot-edgex-ui,0.00,6.2
1790611528,rot-edgex-core-data,0.23,23.7
1790611528,rot-edgex-core-metadata,0.02,18.1
1790611528,rot-edgex-common-config,0.00,0.8
1790611528,rot-edgex-core-keeper,0.01,21.2
1790611528,rot-flink-taskmanager,5.02,1487.9
1790611528,rot-telegraf-sink,1.08,123.3
1790611528,rot-alert-republisher,0.22,71.3
1790611528,rot-kafka-exporter,0.03,21.6
1790611528,rot-telegraf-bridge,0.42,145.8
1790611528,rot-fuxa,0.96,90.5
1790611528,rot-grafana,0.12,121.6
1790611528,rot-edgex-postgres,0.50,56.3
1790611528,rot-edgex-mqtt-broker,0.06,1.7
1790611528,rot-flink-jobmanager,0.89,902.5
1790611528,rot-kafka,4.11,503.4
1790611528,rot-influxdb,0.35,110.6
1790611528,rot-prometheus,0.99,114.0
1790611528,rot-emqx,0.70,200.7
1790611528,rot-alertmanager,0.09,22.5
1790611528,rot-plant-simulator,0.45,38.9
1790611528,rot-cadvisor,0.21,51.4
1790611532,rot-ai-web-1,0.00,11.7
1790611532,rot-ai-knowledge-1,4.98,150.4
1790611532,rot-ai-alarm-worker-1,0.08,32.2
1790611532,rot-ai-work-db-1,7.22,50.3
1790611532,rot-ai-graph-1,181.49,927.5
1790611532,rot-edgex-app-mqtt-export,0.21,22.8
1790611532,rot-edgex-device-modbus,0.45,23.4
1790611532,rot-edgex-core-command,0.03,12.6
1790611532,rot-edgex-ui,0.00,6.2
1790611532,rot-edgex-core-data,0.28,21.1
1790611532,rot-edgex-core-metadata,0.08,15.7
1790611532,rot-edgex-common-config,0.00,0.8
1790611532,rot-edgex-core-keeper,0.14,18.3
1790611532,rot-flink-taskmanager,12.11,1502.2
1790611532,rot-telegraf-sink,1.10,105.2
1790611532,rot-alert-republisher,0.31,59.2
1790611532,rot-kafka-exporter,0.04,19.9
1790611532,rot-telegraf-bridge,0.38,127.1
1790611532,rot-fuxa,0.15,82.8
1790611532,rot-grafana,0.05,105.8
1790611532,rot-edgex-postgres,3.08,55.8
1790611532,rot-edgex-mqtt-broker,0.07,1.4
1790611532,rot-flink-jobmanager,23.83,892.8
1790611532,rot-kafka,8.44,501.4
1790611532,rot-influxdb,0.12,100.1
1790611532,rot-prometheus,0.69,106.6
1790611532,rot-emqx,0.50,193.9
1790611532,rot-alertmanager,0.16,20.4
1790611532,rot-plant-simulator,2.59,39.6
1790611532,rot-cadvisor,1.68,46.0
1790611535,rot-ai-web-1,0.00,11.7
1790611535,rot-ai-knowledge-1,0.17,150.3
1790611535,rot-ai-alarm-worker-1,0.07,32.2
1790611535,rot-ai-work-db-1,0.00,50.2
1790611535,rot-ai-graph-1,0.75,715.7
1790611535,rot-edgex-app-mqtt-export,0.23,28.3
1790611535,rot-edgex-device-modbus,0.47,23.6
1790611535,rot-edgex-core-command,0.00,12.6
1790611535,rot-edgex-ui,0.00,6.2
1790611535,rot-edgex-core-data,0.17,20.9
1790611535,rot-edgex-core-metadata,0.00,15.7
1790611535,rot-edgex-common-config,0.00,0.8
1790611535,rot-edgex-core-keeper,0.00,18.3
1790611535,rot-flink-taskmanager,3.23,1502.2
1790611535,rot-telegraf-sink,1.02,104.7
1790611535,rot-alert-republisher,0.17,59.7
1790611535,rot-kafka-exporter,0.05,19.9
1790611535,rot-telegraf-bridge,0.28,127.3
1790611535,rot-fuxa,0.14,82.3
1790611535,rot-grafana,0.05,105.8
1790611535,rot-edgex-postgres,0.11,55.0
1790611535,rot-edgex-mqtt-broker,0.05,1.4
1790611535,rot-flink-jobmanager,0.90,893.6
1790611535,rot-kafka,4.34,506.1
1790611535,rot-influxdb,0.38,101.1
1790611535,rot-prometheus,0.24,106.4
1790611535,rot-emqx,0.54,194.1
1790611535,rot-alertmanager,0.11,20.4
1790611535,rot-plant-simulator,0.48,37.9
1790611535,rot-cadvisor,2.70,48.7
1790611538,rot-ai-web-1,0.00,11.7
1790611538,rot-ai-knowledge-1,0.49,150.5
1790611538,rot-ai-alarm-worker-1,0.06,32.2
1790611538,rot-ai-work-db-1,0.43,50.3
1790611538,rot-ai-graph-1,0.70,715.6
1790611538,rot-edgex-app-mqtt-export,0.28,31.6
1790611538,rot-edgex-device-modbus,0.89,23.0
1790611538,rot-edgex-core-command,0.00,12.6
1790611538,rot-edgex-ui,0.00,6.2
1790611538,rot-edgex-core-data,0.31,22.6
1790611538,rot-edgex-core-metadata,0.00,15.7
1790611538,rot-edgex-common-config,0.00,0.8
1790611538,rot-edgex-core-keeper,0.03,18.3
1790611538,rot-flink-taskmanager,3.56,1499.1
1790611538,rot-telegraf-sink,0.84,116.1
1790611538,rot-alert-republisher,0.22,59.7
1790611538,rot-kafka-exporter,0.04,18.4
1790611538,rot-telegraf-bridge,0.29,127.6
1790611538,rot-fuxa,0.16,82.3
1790611538,rot-grafana,0.23,105.8
1790611538,rot-edgex-postgres,0.28,56.0
1790611538,rot-edgex-mqtt-broker,0.09,1.9
1790611538,rot-flink-jobmanager,1.19,895.1
1790611538,rot-kafka,2.84,505.5
1790611538,rot-influxdb,0.04,107.7
1790611538,rot-prometheus,0.81,106.4
1790611538,rot-emqx,0.52,198.8
1790611538,rot-alertmanager,0.08,29.0
1790611538,rot-plant-simulator,0.72,38.4
1790611538,rot-cadvisor,0.25,48.5
1790611541,rot-ai-web-1,1.65,11.9
1790611541,rot-ai-knowledge-1,3.17,152.0
1790611541,rot-ai-alarm-worker-1,0.07,32.0
1790611541,rot-ai-work-db-1,6.04,50.7
1790611541,rot-ai-graph-1,0.70,715.4
1790611541,rot-edgex-app-mqtt-export,0.19,31.1
1790611541,rot-edgex-device-modbus,0.45,23.0
1790611541,rot-edgex-core-command,0.06,12.9
1790611541,rot-edgex-ui,0.00,6.2
1790611541,rot-edgex-core-data,0.64,22.5
1790611541,rot-edgex-core-metadata,0.07,15.9
1790611541,rot-edgex-common-config,0.00,0.8
1790611541,rot-edgex-core-keeper,0.16,18.8
1790611541,rot-flink-taskmanager,6.28,1499.1
1790611541,rot-telegraf-sink,0.97,115.3
1790611541,rot-alert-republisher,0.25,59.2
1790611541,rot-kafka-exporter,0.05,18.4
1790611541,rot-telegraf-bridge,0.20,127.3
1790611541,rot-fuxa,0.19,83.0
1790611541,rot-grafana,0.07,105.8
1790611541,rot-edgex-postgres,0.11,55.3
1790611541,rot-edgex-mqtt-broker,0.07,1.4
1790611541,rot-flink-jobmanager,3.60,896.1
1790611541,rot-kafka,132.00,558.1
1790611541,rot-influxdb,0.04,107.7
1790611541,rot-prometheus,0.23,106.4
1790611541,rot-emqx,0.43,198.7
1790611541,rot-alertmanager,0.11,29.0
1790611541,rot-plant-simulator,0.51,38.1
1790611541,rot-cadvisor,1.90,50.0
1790611545,rot-ai-web-1,0.00,11.7
1790611545,rot-ai-knowledge-1,0.16,147.3
1790611545,rot-ai-alarm-worker-1,0.06,31.8
1790611545,rot-ai-work-db-1,0.00,48.6
1790611545,rot-ai-graph-1,73.33,715.0
1790611545,rot-edgex-app-mqtt-export,0.07,28.6
1790611545,rot-edgex-device-modbus,0.28,21.6
1790611545,rot-edgex-core-command,0.01,11.7
1790611545,rot-edgex-ui,0.00,7.0
1790611545,rot-edgex-core-data,0.13,21.3
1790611545,rot-edgex-core-metadata,0.00,15.2
1790611545,rot-edgex-common-config,0.00,0.8
1790611545,rot-edgex-core-keeper,0.00,17.2
1790611545,rot-flink-taskmanager,4.63,1497.1
1790611545,rot-telegraf-sink,1.00,106.6
1790611545,rot-alert-republisher,0.26,57.1
1790611545,rot-kafka-exporter,0.21,16.6
1790611545,rot-telegraf-bridge,0.20,118.4
1790611545,rot-fuxa,0.17,78.6
1790611545,rot-grafana,0.05,96.6
1790611545,rot-edgex-postgres,0.06,53.1
1790611545,rot-edgex-mqtt-broker,0.04,1.9
1790611545,rot-flink-jobmanager,0.93,894.5
1790611545,rot-kafka,2.75,496.9
1790611545,rot-influxdb,0.26,99.6
1790611545,rot-prometheus,0.07,101.6
1790611545,rot-emqx,4.25,194.3
1790611545,rot-alertmanager,0.13,26.4
1790611545,rot-plant-simulator,0.30,35.5
1790611545,rot-cadvisor,0.37,47.0
1790611548,rot-ai-web-1,0.00,11.7
1790611548,rot-ai-knowledge-1,0.82,147.3
1790611548,rot-ai-alarm-worker-1,0.06,31.9
1790611548,rot-ai-work-db-1,1.17,49.9
1790611548,rot-ai-graph-1,0.75,713.8
1790611548,rot-edgex-app-mqtt-export,0.53,29.0
1790611548,rot-edgex-device-modbus,0.70,21.6
1790611548,rot-edgex-core-command,0.00,12.1
1790611548,rot-edgex-ui,0.00,7.3
1790611548,rot-edgex-core-data,0.21,21.2
1790611548,rot-edgex-core-metadata,0.00,15.3
1790611548,rot-edgex-common-config,0.00,0.8
1790611548,rot-edgex-core-keeper,0.38,21.9
1790611548,rot-flink-taskmanager,4.20,1498.1
1790611548,rot-telegraf-sink,0.99,106.5
1790611548,rot-alert-republisher,0.19,63.3
1790611548,rot-kafka-exporter,0.06,18.6
1790611548,rot-telegraf-bridge,0.34,118.9
1790611548,rot-fuxa,0.14,79.0
1790611548,rot-grafana,0.16,96.6
1790611548,rot-edgex-postgres,0.25,55.8
1790611548,rot-edgex-mqtt-broker,0.09,1.4
1790611548,rot-flink-jobmanager,1.34,895.4
1790611548,rot-kafka,3.55,496.5
1790611548,rot-influxdb,0.05,104.2
1790611548,rot-prometheus,0.40,108.1
1790611548,rot-emqx,100.52,197.3
1790611548,rot-alertmanager,0.08,26.8
1790611548,rot-plant-simulator,0.49,35.3
1790611548,rot-cadvisor,0.14,47.0
1790611551,rot-ai-web-1,1.73,11.9
1790611551,rot-ai-knowledge-1,2.67,149.2
1790611551,rot-ai-alarm-worker-1,0.07,31.9
1790611551,rot-ai-work-db-1,0.00,49.3
1790611551,rot-ai-graph-1,0.67,713.9
1790611551,rot-edgex-app-mqtt-export,0.26,29.2
1790611551,rot-edgex-device-modbus,0.58,22.1
1790611551,rot-edgex-core-command,0.00,11.8
1790611551,rot-edgex-ui,0.00,7.3
1790611551,rot-edgex-core-data,0.15,22.2
1790611551,rot-edgex-core-metadata,0.65,20.7
1790611551,rot-edgex-common-config,0.00,0.8
1790611551,rot-edgex-core-keeper,0.06,22.2
1790611551,rot-flink-taskmanager,5.82,1498.1
1790611551,rot-telegraf-sink,1.24,112.0
1790611551,rot-alert-republisher,0.40,71.3
1790611551,rot-kafka-exporter,0.04,18.3
1790611551,rot-telegraf-bridge,0.31,119.0
1790611551,rot-fuxa,0.15,78.4
1790611551,rot-grafana,2.94,135.9
1790611551,rot-edgex-postgres,0.07,58.4
1790611551,rot-edgex-mqtt-broker,0.06,1.9
1790611551,rot-flink-jobmanager,2.77,895.9
1790611551,rot-kafka,7.87,496.8
1790611551,rot-influxdb,0.32,104.1
1790611551,rot-prometheus,0.20,107.9
1790611551,rot-emqx,1.49,195.8
1790611551,rot-alertmanager,0.08,26.8
1790611551,rot-plant-simulator,0.36,36.0
1790611551,rot-cadvisor,0.98,48.8
1790611554,rot-ai-web-1,0.00,11.8
1790611554,rot-ai-knowledge-1,1.12,147.3
1790611554,rot-ai-alarm-worker-1,0.10,32.2
1790611554,rot-ai-work-db-1,1.43,47.7
1790611554,rot-ai-graph-1,40.98,754.7
1790611554,rot-edgex-app-mqtt-export,0.51,28.6
1790611554,rot-edgex-device-modbus,0.52,21.6
1790611554,rot-edgex-core-command,1.58,20.5
1790611554,rot-edgex-ui,0.00,7.3
1790611554,rot-edgex-core-data,0.22,21.8
1790611554,rot-edgex-core-metadata,0.06,19.5
1790611554,rot-edgex-common-config,0.00,0.7
1790611554,rot-edgex-core-keeper,0.00,22.2
1790611554,rot-flink-taskmanager,5.79,1498.1
1790611554,rot-telegraf-sink,1.82,107.4
1790611554,rot-alert-republisher,0.32,99.3
1790611554,rot-kafka-exporter,0.05,18.8
1790611554,rot-telegraf-bridge,0.95,121.7
1790611554,rot-fuxa,0.34,78.3
1790611554,rot-grafana,0.12,129.3
1790611554,rot-edgex-postgres,0.12,56.6
1790611554,rot-edgex-mqtt-broker,0.08,1.6
1790611554,rot-flink-jobmanager,1.42,894.4
1790611554,rot-kafka,200.40,572.9
1790611554,rot-influxdb,0.50,100.7
1790611554,rot-prometheus,0.00,106.8
1790611554,rot-emqx,1.62,194.1
1790611554,rot-alertmanager,0.18,25.7
1790611554,rot-plant-simulator,0.41,35.2
1790611554,rot-cadvisor,0.31,47.8
1790611558,rot-ai-web-1,0.00,11.7
1790611558,rot-ai-knowledge-1,0.57,146.2
1790611558,rot-ai-alarm-worker-1,0.08,31.8
1790611558,rot-ai-work-db-1,0.62,47.9
1790611558,rot-ai-graph-1,56.93,717.0
1790611558,rot-edgex-app-mqtt-export,0.55,28.5
1790611558,rot-edgex-device-modbus,0.61,20.1
1790611558,rot-edgex-core-command,0.00,19.4
1790611558,rot-edgex-ui,0.00,7.2
1790611558,rot-edgex-core-data,0.17,20.3
1790611558,rot-edgex-core-metadata,0.00,19.3
1790611558,rot-edgex-common-config,0.00,0.7
1790611558,rot-edgex-core-keeper,1.03,21.2
1790611558,rot-flink-taskmanager,4.12,1495.0
1790611558,rot-telegraf-sink,0.98,101.0
1790611558,rot-alert-republisher,0.42,89.8
1790611558,rot-kafka-exporter,0.06,20.2
1790611558,rot-telegraf-bridge,0.31,121.8
1790611558,rot-fuxa,0.15,77.7
1790611558,rot-grafana,0.17,120.1
1790611558,rot-edgex-postgres,6.44,55.2
1790611558,rot-edgex-mqtt-broker,0.05,1.4
1790611558,rot-flink-jobmanager,1.34,893.4
1790611558,rot-kafka,5.16,489.3
1790611558,rot-influxdb,0.31,108.7
1790611558,rot-prometheus,0.14,104.3
1790611558,rot-emqx,1.17,192.6
1790611558,rot-alertmanager,0.12,24.4
1790611558,rot-plant-simulator,0.57,35.5
1790611558,rot-cadvisor,0.06,46.9
1790611561,rot-ai-web-1,2.12,12.1
1790611561,rot-ai-knowledge-1,0.18,145.9
1790611561,rot-ai-alarm-worker-1,0.09,31.8
1790611561,rot-ai-work-db-1,0.00,47.9
1790611561,rot-ai-graph-1,0.83,717.1
1790611561,rot-edgex-app-mqtt-export,0.20,27.5
1790611561,rot-edgex-device-modbus,0.38,19.9
1790611561,rot-edgex-core-command,0.00,19.4
1790611561,rot-edgex-ui,0.00,7.2
1790611561,rot-edgex-core-data,0.72,24.6
1790611561,rot-edgex-core-metadata,0.06,19.3
1790611561,rot-edgex-common-config,0.00,0.7
1790611561,rot-edgex-core-keeper,0.09,21.0
1790611561,rot-flink-taskmanager,4.83,1494.0
1790611561,rot-telegraf-sink,1.51,100.1
1790611561,rot-alert-republisher,0.21,90.3
1790611561,rot-kafka-exporter,0.05,20.2
1790611561,rot-telegraf-bridge,0.32,121.3
1790611561,rot-fuxa,0.23,77.9
1790611561,rot-grafana,0.12,119.8
1790611561,rot-edgex-postgres,0.11,55.2
1790611561,rot-edgex-mqtt-broker,0.08,1.4
1790611561,rot-flink-jobmanager,1.56,894.0
1790611561,rot-kafka,7.98,489.4
1790611561,rot-influxdb,0.48,108.6
1790611561,rot-prometheus,0.26,105.4
1790611561,rot-emqx,0.62,197.2
1790611561,rot-alertmanager,0.11,24.4
1790611561,rot-plant-simulator,0.45,35.2
1790611561,rot-cadvisor,2.08,49.6
1790611564,rot-ai-web-1,0.00,11.9
1790611564,rot-ai-knowledge-1,0.52,147.9
1790611564,rot-ai-alarm-worker-1,0.09,32.1
1790611564,rot-ai-work-db-1,0.50,48.4
1790611564,rot-ai-graph-1,0.72,717.3
1790611564,rot-edgex-app-mqtt-export,0.35,28.7
1790611564,rot-edgex-device-modbus,0.52,19.9
1790611564,rot-edgex-core-command,0.02,19.4
1790611564,rot-edgex-ui,0.00,7.2
1790611564,rot-edgex-core-data,0.36,24.9
1790611564,rot-edgex-core-metadata,0.03,19.3
1790611564,rot-edgex-common-config,0.00,0.7
1790611564,rot-edgex-core-keeper,0.00,20.9
1790611564,rot-flink-taskmanager,3.78,1495.0
1790611564,rot-telegraf-sink,4.85,144.6
1790611564,rot-alert-republisher,0.25,90.4
1790611564,rot-kafka-exporter,0.03,20.2
1790611564,rot-telegraf-bridge,0.20,121.6
1790611564,rot-fuxa,1.00,80.0
1790611564,rot-grafana,0.06,119.8
1790611564,rot-edgex-postgres,0.20,56.2
1790611564,rot-edgex-mqtt-broker,0.09,2.1
1790611564,rot-flink-jobmanager,0.78,895.8
1790611564,rot-kafka,3.22,489.7
1790611564,rot-influxdb,0.04,108.6
1790611564,rot-prometheus,0.00,105.7
1790611564,rot-emqx,0.33,197.4
1790611564,rot-alertmanager,0.10,24.4
1790611564,rot-plant-simulator,0.35,37.1
1790611564,rot-cadvisor,0.03,47.8
1790611567,rot-ai-web-1,0.00,11.8
1790611567,rot-ai-knowledge-1,0.18,146.4
1790611567,rot-ai-alarm-worker-1,0.07,31.9
1790611567,rot-ai-work-db-1,4.41,46.7
1790611567,rot-ai-graph-1,41.92,762.6
1790611567,rot-edgex-app-mqtt-export,0.31,27.7
1790611567,rot-edgex-device-modbus,0.57,19.5
1790611567,rot-edgex-core-command,0.00,18.9
1790611567,rot-edgex-ui,0.00,7.2
1790611567,rot-edgex-core-data,0.20,24.2
1790611567,rot-edgex-core-metadata,0.00,18.9
1790611567,rot-edgex-common-config,0.00,0.7
1790611567,rot-edgex-core-keeper,0.50,20.7
1790611567,rot-flink-taskmanager,5.65,1493.0
1790611567,rot-telegraf-sink,1.48,139.3
1790611567,rot-alert-republisher,0.40,87.7
1790611567,rot-kafka-exporter,6.89,19.1
1790611567,rot-telegraf-bridge,1.09,127.1
1790611567,rot-fuxa,0.21,79.9
1790611567,rot-grafana,0.17,112.9
1790611567,rot-edgex-postgres,3.51,56.1
1790611567,rot-edgex-mqtt-broker,0.08,1.4
1790611567,rot-flink-jobmanager,1.76,895.3
1790611567,rot-kafka,64.04,484.2
1790611567,rot-influxdb,0.15,107.7
1790611567,rot-prometheus,0.29,103.9
1790611567,rot-emqx,0.52,195.8
1790611567,rot-alertmanager,0.11,23.9
1790611567,rot-plant-simulator,0.50,36.7
1790611567,rot-cadvisor,0.32,48.1
1790611571,rot-ai-web-1,1.91,13.3
1790611571,rot-ai-knowledge-1,0.16,144.9
1790611571,rot-ai-alarm-worker-1,0.06,31.8
1790611571,rot-ai-work-db-1,0.01,45.2
1790611571,rot-ai-graph-1,34.08,714.3
1790611571,rot-edgex-app-mqtt-export,0.09,25.0
1790611571,rot-edgex-device-modbus,0.31,17.9
1790611571,rot-edgex-core-command,0.00,17.2
1790611571,rot-edgex-ui,0.00,7.0
1790611571,rot-edgex-core-data,0.12,21.9
1790611571,rot-edgex-core-metadata,0.01,17.5
1790611571,rot-edgex-common-config,0.00,0.7
1790611571,rot-edgex-core-keeper,0.05,19.0
1790611571,rot-flink-taskmanager,13.09,1503.2
1790611571,rot-telegraf-sink,1.10,124.7
1790611571,rot-alert-republisher,0.23,79.7
1790611571,rot-kafka-exporter,0.05,18.6
1790611571,rot-telegraf-bridge,0.30,121.6
1790611571,rot-fuxa,0.15,78.2
1790611571,rot-grafana,0.06,104.8
1790611571,rot-edgex-postgres,0.05,54.0
1790611571,rot-edgex-mqtt-broker,0.04,1.4
1790611571,rot-flink-jobmanager,1.61,894.9
1790611571,rot-kafka,6.48,480.4
1790611571,rot-influxdb,0.25,99.2
1790611571,rot-prometheus,0.01,99.3
1790611571,rot-emqx,27.77,198.3
1790611571,rot-alertmanager,0.06,22.5
1790611571,rot-plant-simulator,0.49,34.1
1790611571,rot-cadvisor,0.39,46.4
1790611574,rot-ai-web-1,0.00,11.7
1790611574,rot-ai-knowledge-1,0.81,149.5
1790611574,rot-ai-alarm-worker-1,0.05,32.0
1790611574,rot-ai-work-db-1,0.74,50.1
1790611574,rot-ai-graph-1,0.80,714.2
1790611574,rot-edgex-app-mqtt-export,0.09,24.8
1790611574,rot-edgex-device-modbus,0.30,24.6
1790611574,rot-edgex-core-command,0.02,19.5
1790611574,rot-edgex-ui,0.00,7.0
1790611574,rot-edgex-core-data,0.16,22.1
1790611574,rot-edgex-core-metadata,0.04,19.5
1790611574,rot-edgex-common-config,0.00,0.7
1790611574,rot-edgex-core-keeper,0.00,18.8
1790611574,rot-flink-taskmanager,3.58,1502.2
1790611574,rot-telegraf-sink,0.79,124.3
1790611574,rot-alert-republisher,0.19,79.7
1790611574,rot-kafka-exporter,0.03,18.6
1790611574,rot-telegraf-bridge,0.21,121.3
1790611574,rot-fuxa,0.24,77.6
1790611574,rot-grafana,0.05,104.8
1790611574,rot-edgex-postgres,0.07,56.3
1790611574,rot-edgex-mqtt-broker,0.06,1.6
1790611574,rot-flink-jobmanager,1.27,895.9
1790611574,rot-kafka,5.99,491.9
1790611574,rot-influxdb,0.03,99.0
1790611574,rot-prometheus,0.00,99.3
1790611574,rot-emqx,0.50,198.3
1790611574,rot-alertmanager,0.09,22.5
1790611574,rot-plant-simulator,0.38,37.6
1790611574,rot-cadvisor,0.08,46.3
1790611577,rot-ai-web-1,0.00,11.7
1790611577,rot-ai-knowledge-1,0.16,149.3
1790611577,rot-ai-alarm-worker-1,0.06,31.8
1790611577,rot-ai-work-db-1,3.33,50.2
1790611577,rot-ai-graph-1,0.69,714.1
1790611577,rot-edgex-app-mqtt-export,0.45,25.9
1790611577,rot-edgex-device-modbus,0.37,24.9
1790611577,rot-edgex-core-command,0.06,19.5
1790611577,rot-edgex-ui,0.00,7.0
1790611577,rot-edgex-core-data,0.19,21.9
1790611577,rot-edgex-core-metadata,0.00,19.5
1790611577,rot-edgex-common-config,0.00,0.7
1790611577,rot-edgex-core-keeper,0.81,18.8
1790611577,rot-flink-taskmanager,9.78,1503.2
1790611577,rot-telegraf-sink,0.94,124.0
1790611577,rot-alert-republisher,0.34,79.7
1790611577,rot-kafka-exporter,5.90,18.9
1790611577,rot-telegraf-bridge,0.38,121.3
1790611577,rot-fuxa,0.11,80.1
1790611577,rot-grafana,0.06,104.8
1790611577,rot-edgex-postgres,2.39,57.6
1790611577,rot-edgex-mqtt-broker,0.04,2.1
1790611577,rot-flink-jobmanager,1.19,896.2
1790611577,rot-kafka,23.79,485.8
1790611577,rot-influxdb,0.36,104.9
1790611577,rot-prometheus,1.84,110.4
1790611577,rot-emqx,0.36,199.0
1790611577,rot-alertmanager,0.11,22.5
1790611577,rot-plant-simulator,0.51,37.7
1790611577,rot-cadvisor,0.06,46.3
1790611580,rot-ai-web-1,0.00,11.7
1790611580,rot-ai-knowledge-1,0.55,149.2
1790611580,rot-ai-alarm-worker-1,0.07,32.0
1790611580,rot-ai-work-db-1,0.48,49.8
1790611580,rot-ai-graph-1,82.97,800.4
1790611580,rot-edgex-app-mqtt-export,0.17,25.9
1790611580,rot-edgex-device-modbus,0.36,24.7
1790611580,rot-edgex-core-command,0.00,19.5
1790611580,rot-edgex-ui,0.00,7.0
1790611580,rot-edgex-core-data,0.17,21.9
1790611580,rot-edgex-core-metadata,0.00,19.5
1790611580,rot-edgex-common-config,0.00,0.7
1790611580,rot-edgex-core-keeper,0.02,18.8
1790611580,rot-flink-taskmanager,3.98,1503.2
1790611580,rot-telegraf-sink,1.02,124.5
1790611580,rot-alert-republisher,0.23,89.4
1790611580,rot-kafka-exporter,0.03,18.6
1790611580,rot-telegraf-bridge,0.26,121.3
1790611580,rot-fuxa,0.20,81.0
1790611580,rot-grafana,0.07,116.3
1790611580,rot-edgex-postgres,0.10,56.2
1790611580,rot-edgex-mqtt-broker,0.05,1.6
1790611580,rot-flink-jobmanager,1.45,895.6
1790611580,rot-kafka,3.57,485.8
1790611580,rot-influxdb,0.51,105.1
1790611580,rot-prometheus,0.03,109.6
1790611580,rot-emqx,52.61,245.3
1790611580,rot-alertmanager,0.10,22.5
1790611580,rot-plant-simulator,0.43,37.7
1790611580,rot-cadvisor,0.05,49.1
1790611584,rot-ai-web-1,0.00,11.5
1790611584,rot-ai-knowledge-1,0.66,147.3
1790611584,rot-ai-alarm-worker-1,0.06,31.5
1790611584,rot-ai-work-db-1,0.50,48.1
1790611584,rot-ai-graph-1,59.56,705.4
1790611584,rot-edgex-app-mqtt-export,0.22,22.9
1790611584,rot-edgex-device-modbus,0.52,24.0
1790611584,rot-edgex-core-command,0.00,17.4
1790611584,rot-edgex-ui,0.00,6.8
1790611584,rot-edgex-core-data,0.19,22.8
1790611584,rot-edgex-core-metadata,0.01,18.0
1790611584,rot-edgex-common-config,0.01,0.7
1790611584,rot-edgex-core-keeper,0.00,17.1
1790611584,rot-flink-taskmanager,4.32,1502.2
1790611584,rot-telegraf-sink,1.02,121.3
1790611584,rot-alert-republisher,0.24,76.6
1790611584,rot-kafka-exporter,0.03,16.8
1790611584,rot-telegraf-bridge,0.28,109.2
1790611584,rot-fuxa,0.14,76.1
1790611584,rot-grafana,0.05,103.3
1790611584,rot-edgex-postgres,0.21,54.5
1790611584,rot-edgex-mqtt-broker,0.06,1.6
1790611584,rot-flink-jobmanager,8.01,897.9
1790611584,rot-kafka,3.20,479.1
1790611584,rot-influxdb,0.07,96.1
1790611584,rot-prometheus,0.00,103.5
1790611584,rot-emqx,3.29,197.6
1790611584,rot-alertmanager,0.11,20.8
1790611584,rot-plant-simulator,0.39,36.3
1790611584,rot-cadvisor,0.35,46.9
1790611587,rot-ai-web-1,0.00,11.5
1790611587,rot-ai-knowledge-1,0.15,146.6
1790611587,rot-ai-alarm-worker-1,0.04,31.8
1790611587,rot-ai-work-db-1,0.00,47.8
1790611587,rot-ai-graph-1,0.61,705.8
1790611587,rot-edgex-app-mqtt-export,0.21,23.4
1790611587,rot-edgex-device-modbus,0.32,24.0
1790611587,rot-edgex-core-command,0.07,17.4
1790611587,rot-edgex-ui,0.00,6.8
1790611587,rot-edgex-core-data,0.29,23.8
1790611587,rot-edgex-core-metadata,0.00,18.0
1790611587,rot-edgex-common-config,0.00,0.7
1790611587,rot-edgex-core-keeper,0.43,18.1
1790611587,rot-flink-taskmanager,12.49,1500.2
1790611587,rot-telegraf-sink,0.98,121.6
1790611587,rot-alert-republisher,0.45,80.6
1790611587,rot-kafka-exporter,3.41,20.1
1790611587,rot-telegraf-bridge,0.27,108.9
1790611587,rot-fuxa,0.20,76.2
1790611587,rot-grafana,0.03,103.3
1790611587,rot-edgex-postgres,0.23,54.9
1790611587,rot-edgex-mqtt-broker,0.04,1.4
1790611587,rot-flink-jobmanager,0.76,898.0
1790611587,rot-kafka,5.37,479.7
1790611587,rot-influxdb,2.48,103.3
1790611587,rot-prometheus,1.01,104.3
1790611587,rot-emqx,1.04,196.9
1790611587,rot-alertmanager,0.10,20.8
1790611587,rot-plant-simulator,0.39,36.1
1790611587,rot-cadvisor,0.16,46.4
1790611590,rot-ai-web-1,0.00,11.5
1790611590,rot-ai-knowledge-1,0.68,146.6
1790611590,rot-ai-alarm-worker-1,0.12,31.5
1790611590,rot-ai-work-db-1,0.68,51.1
1790611590,rot-ai-graph-1,0.88,705.4
1790611590,rot-edgex-app-mqtt-export,0.41,23.4
1790611590,rot-edgex-device-modbus,0.81,24.5
1790611590,rot-edgex-core-command,0.00,17.4
1790611590,rot-edgex-ui,0.00,6.8
1790611590,rot-edgex-core-data,0.72,23.9
1790611590,rot-edgex-core-metadata,0.00,18.0
1790611590,rot-edgex-common-config,0.00,0.7
1790611590,rot-edgex-core-keeper,0.02,17.1
1790611590,rot-flink-taskmanager,5.43,1501.2
1790611590,rot-telegraf-sink,1.05,121.3
1790611590,rot-alert-republisher,0.30,80.6
1790611590,rot-kafka-exporter,0.07,19.4
1790611590,rot-telegraf-bridge,0.37,112.6
1790611590,rot-fuxa,0.38,75.8
1790611590,rot-grafana,0.09,103.3
1790611590,rot-edgex-postgres,0.28,55.9
1790611590,rot-edgex-mqtt-broker,0.11,1.6
1790611590,rot-flink-jobmanager,2.19,898.2
1790611590,rot-kafka,157.02,538.6
1790611590,rot-influxdb,0.04,102.4
1790611590,rot-prometheus,0.05,110.8
1790611590,rot-emqx,1.48,197.6
1790611590,rot-alertmanager,0.12,20.8
1790611590,rot-plant-simulator,0.98,36.8
1790611590,rot-cadvisor,0.37,46.6
1790611593,rot-ai-web-1,0.00,11.7
1790611593,rot-ai-knowledge-1,0.17,149.2
1790611593,rot-ai-alarm-worker-1,0.07,31.9
1790611593,rot-ai-work-db-1,0.00,50.8
1790611593,rot-ai-graph-1,33.26,764.8
1790611593,rot-edgex-app-mqtt-export,0.07,30.2
1790611593,rot-edgex-device-modbus,0.24,24.3
1790611593,rot-edgex-core-command,0.00,17.4
1790611593,rot-edgex-ui,0.00,6.8
1790611593,rot-edgex-core-data,0.08,24.1
1790611593,rot-edgex-core-metadata,0.02,18.0
1790611593,rot-edgex-common-config,0.00,0.7
1790611593,rot-edgex-core-keeper,0.03,17.1
1790611593,rot-flink-taskmanager,5.55,1496.1
1790611593,rot-telegraf-sink,1.30,121.6
1790611593,rot-alert-republisher,0.27,80.6
1790611593,rot-kafka-exporter,0.05,19.4
1790611593,rot-telegraf-bridge,0.19,112.3
1790611593,rot-fuxa,0.43,76.3
1790611593,rot-grafana,0.08,103.3
1790611593,rot-edgex-postgres,2.24,55.3
1790611593,rot-edgex-mqtt-broker,0.04,1.8
1790611593,rot-flink-jobmanager,4.50,899.8
1790611593,rot-kafka,4.82,479.6
1790611593,rot-influxdb,0.05,102.4
1790611593,rot-prometheus,0.18,110.9
1790611593,rot-emqx,25.63,201.7
1790611593,rot-alertmanager,0.10,20.8
1790611593,rot-plant-simulator,8.13,38.6
1790611593,rot-cadvisor,0.05,47.6
1790611597,rot-ai-web-1,0.00,11.7
1790611597,rot-ai-knowledge-1,0.78,149.2
1790611597,rot-ai-alarm-worker-1,0.11,31.9
1790611597,rot-ai-work-db-1,0.83,50.8
1790611597,rot-ai-graph-1,0.88,714.4
1790611597,rot-edgex-app-mqtt-export,0.18,29.9
1790611597,rot-edgex-device-modbus,0.42,24.0
1790611597,rot-edgex-core-command,0.09,17.4
1790611597,rot-edgex-ui,0.00,6.8
1790611597,rot-edgex-core-data,0.27,23.7
1790611597,rot-edgex-core-metadata,0.15,18.2
1790611597,rot-edgex-common-config,0.00,0.7
1790611597,rot-edgex-core-keeper,0.91,23.5
1790611597,rot-flink-taskmanager,55.51,1526.8
1790611597,rot-telegraf-sink,1.49,121.2
1790611597,rot-alert-republisher,0.30,80.2
1790611597,rot-kafka-exporter,6.30,21.4
1790611597,rot-telegraf-bridge,0.17,112.7
1790611597,rot-fuxa,0.15,76.2
1790611597,rot-grafana,0.12,103.3
1790611597,rot-edgex-postgres,0.31,55.0
1790611597,rot-edgex-mqtt-broker,0.07,1.6
1790611597,rot-flink-jobmanager,1.21,900.1
1790611597,rot-kafka,9.42,481.0
1790611597,rot-influxdb,3.52,102.4
1790611597,rot-prometheus,1.38,111.1
1790611597,rot-emqx,0.76,201.1
1790611597,rot-alertmanager,0.10,37.1
1790611597,rot-plant-simulator,0.49,37.9
1790611597,rot-cadvisor,2.64,53.9
1790611600,rot-ai-web-1,0.00,11.7
1790611600,rot-ai-knowledge-1,0.49,149.7
1790611600,rot-ai-alarm-worker-1,0.12,31.9
1790611600,rot-ai-work-db-1,0.45,51.7
1790611600,rot-ai-graph-1,0.92,715.0
1790611600,rot-edgex-app-mqtt-export,0.09,30.0
1790611600,rot-edgex-device-modbus,0.25,24.3
1790611600,rot-edgex-core-command,0.01,17.4
1790611600,rot-edgex-ui,0.00,6.8
1790611600,rot-edgex-core-data,0.12,23.7
1790611600,rot-edgex-core-metadata,0.00,18.0
1790611600,rot-edgex-common-config,0.00,0.7
1790611600,rot-edgex-core-keeper,0.06,23.2
1790611600,rot-flink-taskmanager,3.41,1525.8
1790611600,rot-telegraf-sink,0.67,122.2
1790611600,rot-alert-republisher,0.20,88.2
1790611600,rot-kafka-exporter,0.04,20.4
1790611600,rot-telegraf-bridge,0.38,119.9
1790611600,rot-fuxa,0.19,76.3
1790611600,rot-grafana,0.07,103.3
1790611600,rot-edgex-postgres,0.19,55.7
1790611600,rot-edgex-mqtt-broker,0.04,1.4
1790611600,rot-flink-jobmanager,8.21,906.2
1790611600,rot-kafka,2.68,482.3
1790611600,rot-influxdb,0.06,105.0
1790611600,rot-prometheus,0.06,110.8
1790611600,rot-emqx,0.77,200.7
1790611600,rot-alertmanager,0.10,37.1
1790611600,rot-plant-simulator,0.41,37.9
1790611600,rot-cadvisor,0.34,54.1
1790611603,rot-ai-web-1,0.00,11.7
1790611603,rot-ai-knowledge-1,0.21,148.9
1790611603,rot-ai-alarm-worker-1,0.10,31.6
1790611603,rot-ai-work-db-1,5.28,50.0
1790611603,rot-ai-graph-1,0.96,710.9
1790611603,rot-edgex-app-mqtt-export,0.35,29.3
1790611603,rot-edgex-device-modbus,0.98,23.4
1790611603,rot-edgex-core-command,0.00,17.0
1790611603,rot-edgex-ui,0.01,6.7
1790611603,rot-edgex-core-data,0.61,23.8
1790611603,rot-edgex-core-metadata,0.00,17.6
1790611603,rot-edgex-common-config,0.00,0.7
1790611603,rot-edgex-core-keeper,0.04,23.0
1790611603,rot-flink-taskmanager,5.50,1524.7
1790611603,rot-telegraf-sink,1.50,117.5
1790611603,rot-alert-republisher,0.32,85.5
1790611603,rot-kafka-exporter,0.09,20.0
1790611603,rot-telegraf-bridge,0.31,117.6
1790611603,rot-fuxa,0.21,75.7
1790611603,rot-grafana,0.10,102.3
1790611603,rot-edgex-postgres,3.51,54.7
1790611603,rot-edgex-mqtt-broker,0.12,1.6
1790611603,rot-flink-jobmanager,9.08,917.7
1790611603,rot-kafka,51.52,478.2
1790611603,rot-influxdb,0.54,103.0
1790611603,rot-prometheus,0.63,111.9
1790611603,rot-emqx,72.92,243.2
1790611603,rot-alertmanager,0.10,36.1
1790611603,rot-plant-simulator,13.71,38.6
1790611603,rot-cadvisor,0.17,53.1
1790611606,rot-ai-web-1,0.00,11.6
1790611606,rot-ai-knowledge-1,0.75,147.7
1790611606,rot-ai-alarm-worker-1,0.10,31.8
1790611606,rot-ai-work-db-1,0.59,48.0
1790611606,rot-ai-graph-1,201.99,874.0
1790611606,rot-edgex-app-mqtt-export,0.16,27.6
1790611606,rot-edgex-device-modbus,0.55,22.5
1790611606,rot-edgex-core-command,0.11,16.6
1790611606,rot-edgex-ui,0.00,6.5
1790611606,rot-edgex-core-data,0.32,23.0
1790611606,rot-edgex-core-metadata,0.09,16.6
1790611606,rot-edgex-common-config,0.00,0.7
1790611606,rot-edgex-core-keeper,0.70,23.2
1790611606,rot-flink-taskmanager,22.36,1523.7
1790611606,rot-telegraf-sink,1.35,113.1
1790611606,rot-alert-republisher,0.33,82.0
1790611606,rot-kafka-exporter,0.05,19.6
1790611606,rot-telegraf-bridge,0.28,113.7
1790611606,rot-fuxa,0.44,73.7
1790611606,rot-grafana,0.06,97.4
1790611606,rot-edgex-postgres,0.42,54.0
1790611606,rot-edgex-mqtt-broker,0.07,1.9
1790611606,rot-flink-jobmanager,11.44,912.5
1790611606,rot-kafka,4.31,480.1
1790611606,rot-influxdb,4.15,105.5
1790611606,rot-prometheus,1.70,110.5
1790611606,rot-emqx,16.34,194.9
1790611606,rot-alertmanager,0.12,34.1
1790611606,rot-plant-simulator,1.04,37.0
1790611606,rot-cadvisor,0.19,51.8
1790611610,rot-ai-web-1,0.00,11.6
1790611610,rot-ai-knowledge-1,0.17,146.6
1790611610,rot-ai-alarm-worker-1,0.11,32.0
1790611610,rot-ai-work-db-1,0.00,49.4
1790611610,rot-ai-graph-1,0.61,713.6
1790611610,rot-edgex-app-mqtt-export,0.12,26.7
1790611610,rot-edgex-device-modbus,0.34,25.9
1790611610,rot-edgex-core-command,0.02,15.6
1790611610,rot-edgex-ui,0.00,6.6
1790611610,rot-edgex-core-data,0.13,22.8
1790611610,rot-edgex-core-metadata,0.00,16.5
1790611610,rot-edgex-common-config,0.01,0.7
1790611610,rot-edgex-core-keeper,0.00,21.5
1790611610,rot-flink-taskmanager,3.65,1521.7
1790611610,rot-telegraf-sink,0.83,109.8
1790611610,rot-alert-republisher,0.17,82.8
1790611610,rot-kafka-exporter,0.07,19.1
1790611610,rot-telegraf-bridge,0.22,110.8
1790611610,rot-fuxa,0.15,73.1
1790611610,rot-grafana,0.06,156.3
1790611610,rot-edgex-postgres,0.12,57.7
1790611610,rot-edgex-mqtt-broker,0.04,1.6
1790611610,rot-flink-jobmanager,0.73,912.1
1790611610,rot-kafka,3.05,474.2
1790611610,rot-influxdb,0.04,106.0
1790611610,rot-prometheus,0.04,108.7
1790611610,rot-emqx,0.37,189.7
1790611610,rot-alertmanager,0.12,33.0
1790611610,rot-plant-simulator,0.52,35.6
1790611610,rot-cadvisor,0.27,51.0
1790611613,rot-ai-web-1,0.00,11.7
1790611613,rot-ai-knowledge-1,0.15,148.2
1790611613,rot-ai-alarm-worker-1,0.06,31.8
1790611613,rot-ai-work-db-1,4.17,49.9
1790611613,rot-ai-graph-1,0.67,713.7
1790611613,rot-edgex-app-mqtt-export,0.45,26.9
1790611613,rot-edgex-device-modbus,0.45,25.4
1790611613,rot-edgex-core-command,0.00,15.6
1790611613,rot-edgex-ui,0.00,6.6
1790611613,rot-edgex-core-data,0.11,22.6
1790611613,rot-edgex-core-metadata,0.00,16.2
1790611613,rot-edgex-common-config,0.00,0.7
1790611613,rot-edgex-core-keeper,0.05,21.5
1790611613,rot-flink-taskmanager,3.38,1522.7
1790611613,rot-telegraf-sink,0.96,109.1
1790611613,rot-alert-republisher,0.22,82.8
1790611613,rot-kafka-exporter,0.03,19.1
1790611613,rot-telegraf-bridge,0.26,110.3
1790611613,rot-fuxa,0.16,73.0
1790611613,rot-grafana,0.06,156.2
1790611613,rot-edgex-postgres,2.50,59.0
1790611613,rot-edgex-mqtt-broker,0.07,1.4
1790611613,rot-flink-jobmanager,4.24,913.0
1790611613,rot-kafka,19.96,477.2
1790611613,rot-influxdb,0.30,106.0
1790611613,rot-prometheus,0.27,109.2
1790611613,rot-emqx,3.00,190.2
1790611613,rot-alertmanager,0.10,33.0
1790611613,rot-plant-simulator,0.54,37.0
1790611613,rot-cadvisor,0.40,52.1
1790611616,rot-ai-web-1,0.00,11.5
1790611616,rot-ai-knowledge-1,0.54,146.4
1790611616,rot-ai-alarm-worker-1,0.08,31.6
1790611616,rot-ai-work-db-1,0.43,49.0
1790611616,rot-ai-graph-1,0.93,706.3
1790611616,rot-edgex-app-mqtt-export,0.15,25.1
1790611616,rot-edgex-device-modbus,0.33,24.9
1790611616,rot-edgex-core-command,0.00,14.5
1790611616,rot-edgex-ui,0.00,6.5
1790611616,rot-edgex-core-data,0.56,21.4
1790611616,rot-edgex-core-metadata,0.09,15.1
1790611616,rot-edgex-common-config,0.00,0.7
1790611616,rot-edgex-core-keeper,0.52,21.4
1790611616,rot-flink-taskmanager,27.42,1519.6
1790611616,rot-telegraf-sink,1.25,100.5
1790611616,rot-alert-republisher,0.29,74.4
1790611616,rot-kafka-exporter,0.06,18.5
1790611616,rot-telegraf-bridge,0.42,103.3
1790611616,rot-fuxa,0.38,80.5
1790611616,rot-grafana,0.05,140.3
1790611616,rot-edgex-postgres,0.24,56.2
1790611616,rot-edgex-mqtt-broker,0.08,1.6
1790611616,rot-flink-jobmanager,52.38,921.5
1790611616,rot-kafka,4.47,472.0
1790611616,rot-influxdb,0.32,99.4
1790611616,rot-prometheus,0.21,104.0
1790611616,rot-emqx,0.88,190.2
1790611616,rot-alertmanager,0.11,30.9
1790611616,rot-plant-simulator,0.97,35.5
1790611616,rot-cadvisor,0.06,49.3
1790611619,rot-ai-web-1,0.00,11.4
1790611619,rot-ai-knowledge-1,0.20,144.9
1790611619,rot-ai-alarm-worker-1,0.08,31.2
1790611619,rot-ai-work-db-1,0.00,47.5
1790611619,rot-ai-graph-1,193.93,928.7
1790611619,rot-edgex-app-mqtt-export,0.12,23.8
1790611619,rot-edgex-device-modbus,0.40,23.9
1790611619,rot-edgex-core-command,0.03,14.0
1790611619,rot-edgex-ui,0.00,6.1
1790611619,rot-edgex-core-data,0.20,20.7
1790611619,rot-edgex-core-metadata,0.00,19.1
1790611619,rot-edgex-common-config,0.00,0.6
1790611619,rot-edgex-core-keeper,0.00,19.2
1790611619,rot-flink-taskmanager,4.48,1518.6
1790611619,rot-telegraf-sink,1.03,96.5
1790611619,rot-alert-republisher,0.29,70.8
1790611619,rot-kafka-exporter,0.05,19.3
1790611619,rot-telegraf-bridge,0.30,100.6
1790611619,rot-fuxa,0.36,79.9
1790611619,rot-grafana,0.05,134.2
1790611619,rot-edgex-postgres,0.09,56.5
1790611619,rot-edgex-mqtt-broker,0.06,1.6
1790611619,rot-flink-jobmanager,1.07,920.8
1790611619,rot-kafka,3.34,471.1
1790611619,rot-influxdb,0.04,98.4
1790611619,rot-prometheus,0.00,102.0
1790611619,rot-emqx,0.36,188.1
1790611619,rot-alertmanager,0.11,29.7
1790611619,rot-plant-simulator,0.59,35.1
1790611619,rot-cadvisor,0.29,48.7
1790611623,rot-ai-web-1,0.00,11.7
1790611623,rot-ai-knowledge-1,3.81,149.0
1790611623,rot-ai-alarm-worker-1,0.07,31.5
1790611623,rot-ai-work-db-1,0.54,47.7
1790611623,rot-ai-graph-1,0.64,717.7
1790611623,rot-edgex-app-mqtt-export,0.22,24.1
1790611623,rot-edgex-device-modbus,0.37,24.1
1790611623,rot-edgex-core-command,0.00,14.4
1790611623,rot-edgex-ui,0.00,6.4
1790611623,rot-edgex-core-data,0.10,20.7
1790611623,rot-edgex-core-metadata,0.00,19.1
1790611623,rot-edgex-common-config,0.00,0.7
1790611623,rot-edgex-core-keeper,0.10,19.2
1790611623,rot-flink-taskmanager,5.10,1506.3
1790611623,rot-telegraf-sink,0.96,97.0
1790611623,rot-alert-republisher,0.30,71.0
1790611623,rot-kafka-exporter,0.05,19.3
1790611623,rot-telegraf-bridge,0.21,100.8
1790611623,rot-fuxa,0.20,79.8
1790611623,rot-grafana,0.09,134.2
1790611623,rot-edgex-postgres,0.10,56.5
1790611623,rot-edgex-mqtt-broker,0.03,1.4
1790611623,rot-flink-jobmanager,1.06,917.1
1790611623,rot-kafka,3.12,472.6
1790611623,rot-influxdb,0.47,100.0
1790611623,rot-prometheus,0.00,102.0
1790611623,rot-emqx,0.87,188.4
1790611623,rot-alertmanager,0.12,29.7
1790611623,rot-plant-simulator,0.37,35.4
1790611623,rot-cadvisor,0.30,48.0
1790611626,rot-ai-web-1,0.00,11.7
1790611626,rot-ai-knowledge-1,0.28,148.7
1790611626,rot-ai-alarm-worker-1,0.08,31.5
1790611626,rot-ai-work-db-1,0.00,48.1
1790611626,rot-ai-graph-1,1.14,717.4
1790611626,rot-edgex-app-mqtt-export,0.19,23.8
1790611626,rot-edgex-device-modbus,0.60,23.6
1790611626,rot-edgex-core-command,0.00,14.4
1790611626,rot-edgex-ui,0.00,6.4
1790611626,rot-edgex-core-data,0.24,20.4
1790611626,rot-edgex-core-metadata,0.10,19.3
1790611626,rot-edgex-common-config,0.01,0.7
1790611626,rot-edgex-core-keeper,0.36,19.7
1790611626,rot-flink-taskmanager,42.84,1506.3
1790611626,rot-telegraf-sink,1.74,96.6
1790611626,rot-alert-republisher,0.35,70.7
1790611626,rot-kafka-exporter,0.04,19.3
1790611626,rot-telegraf-bridge,0.85,176.2
1790611626,rot-fuxa,0.26,80.2
1790611626,rot-grafana,0.07,134.0
1790611626,rot-edgex-postgres,0.30,56.6
1790611626,rot-edgex-mqtt-broker,0.08,1.4
1790611626,rot-flink-jobmanager,11.50,917.7
1790611626,rot-kafka,208.73,535.2
1790611626,rot-influxdb,0.46,100.2
1790611626,rot-prometheus,0.19,125.9
1790611626,rot-emqx,121.51,215.2
1790611626,rot-alertmanager,0.15,29.7
1790611626,rot-plant-simulator,0.77,37.8
1790611626,rot-cadvisor,1.86,49.1
1790611629,rot-ai-web-1,0.00,11.7
1790611629,rot-ai-knowledge-1,0.19,148.1
1790611629,rot-ai-alarm-worker-1,0.13,31.9
1790611629,rot-ai-work-db-1,0.00,47.6
1790611629,rot-ai-graph-1,0.77,715.9
1790611629,rot-edgex-app-mqtt-export,0.21,27.3
1790611629,rot-edgex-device-modbus,0.67,23.5
1790611629,rot-edgex-core-command,0.04,14.2
1790611629,rot-edgex-ui,0.00,6.4
1790611629,rot-edgex-core-data,0.46,21.3
1790611629,rot-edgex-core-metadata,0.02,18.8
1790611629,rot-edgex-common-config,0.00,0.7
1790611629,rot-edgex-core-keeper,0.00,19.0
1790611629,rot-flink-taskmanager,4.89,1506.3
1790611629,rot-telegraf-sink,1.04,98.4
1790611629,rot-alert-republisher,0.26,70.0
1790611629,rot-kafka-exporter,0.07,18.1
1790611629,rot-telegraf-bridge,0.42,173.6
1790611629,rot-fuxa,0.17,80.4
1790611629,rot-grafana,0.07,131.4
1790611629,rot-edgex-postgres,4.32,56.7
1790611629,rot-edgex-mqtt-broker,0.11,1.6
1790611629,rot-flink-jobmanager,0.82,916.6
1790611629,rot-kafka,3.53,472.2
1790611629,rot-influxdb,2.60,106.0
1790611629,rot-prometheus,0.00,125.2
1790611629,rot-emqx,1.84,190.6
1790611629,rot-alertmanager,0.11,29.3
1790611629,rot-plant-simulator,0.70,38.5
1790611629,rot-cadvisor,0.40,48.5
1790611632,rot-ai-web-1,0.00,11.7
1790611632,rot-ai-knowledge-1,4.87,149.0
1790611632,rot-ai-alarm-worker-1,0.09,31.7
1790611632,rot-ai-work-db-1,0.98,43.6
1790611632,rot-ai-graph-1,112.76,709.4
1790611632,rot-edgex-app-mqtt-export,0.26,21.9
1790611632,rot-edgex-device-modbus,0.44,18.4
1790611632,rot-edgex-core-command,0.00,11.1
1790611632,rot-edgex-ui,0.00,6.1
1790611632,rot-edgex-core-data,0.57,17.5
1790611632,rot-edgex-core-metadata,0.00,14.1
1790611632,rot-edgex-common-config,0.00,0.6
1790611632,rot-edgex-core-keeper,0.12,15.9
1790611632,rot-flink-taskmanager,5.27,1502.2
1790611632,rot-telegraf-sink,1.18,81.8
1790611632,rot-alert-republisher,0.45,49.9
1790611632,rot-kafka-exporter,0.04,15.8
1790611632,rot-telegraf-bridge,0.52,141.4
1790611632,rot-fuxa,0.58,73.7
1790611632,rot-grafana,0.08,96.2
1790611632,rot-edgex-postgres,0.19,52.9
1790611632,rot-edgex-mqtt-broker,0.06,1.6
1790611632,rot-flink-jobmanager,2.65,915.4
1790611632,rot-kafka,4.51,463.1
1790611632,rot-influxdb,0.30,88.0
1790611632,rot-prometheus,0.20,107.2
1790611632,rot-emqx,1.73,179.8
1790611632,rot-alertmanager,0.12,22.5
1790611632,rot-plant-simulator,0.56,31.9
1790611632,rot-cadvisor,0.00,43.6
1790611636,rot-ai-web-1,0.00,11.7
1790611636,rot-ai-knowledge-1,0.17,148.9
1790611636,rot-ai-alarm-worker-1,0.09,31.7
1790611636,rot-ai-work-db-1,0.00,47.6
1790611636,rot-ai-graph-1,0.80,709.4
1790611636,rot-edgex-app-mqtt-export,0.20,21.7
1790611636,rot-edgex-device-modbus,0.34,19.9
1790611636,rot-edgex-core-command,0.00,11.5
1790611636,rot-edgex-ui,0.00,6.2
1790611636,rot-edgex-core-data,0.56,20.8
1790611636,rot-edgex-core-metadata,0.00,14.1
1790611636,rot-edgex-common-config,0.01,0.6
1790611636,rot-edgex-core-keeper,0.02,15.7
1790611636,rot-flink-taskmanager,15.88,1504.3
1790611636,rot-telegraf-sink,1.11,81.6
1790611636,rot-alert-republisher,0.28,49.6
1790611636,rot-kafka-exporter,0.07,18.3
1790611636,rot-telegraf-bridge,0.43,141.7
1790611636,rot-fuxa,0.17,73.6
1790611636,rot-grafana,0.13,96.2
1790611636,rot-edgex-postgres,0.08,58.8
1790611636,rot-edgex-mqtt-broker,0.10,1.4
1790611636,rot-flink-jobmanager,6.97,918.4
1790611636,rot-kafka,4.84,463.6
1790611636,rot-influxdb,0.23,91.9
1790611636,rot-prometheus,0.15,107.3
1790611636,rot-emqx,2.12,179.8
1790611636,rot-alertmanager,0.09,22.5
1790611636,rot-plant-simulator,0.48,35.1
1790611636,rot-cadvisor,0.25,43.8
1790611639,rot-ai-web-1,0.00,11.7
1790611639,rot-ai-knowledge-1,1.27,148.3
1790611639,rot-ai-alarm-worker-1,0.14,31.4
1790611639,rot-ai-work-db-1,15.01,50.5
1790611639,rot-ai-graph-1,1.33,706.1
1790611639,rot-edgex-app-mqtt-export,0.20,24.6
1790611639,rot-edgex-device-modbus,0.65,19.5
1790611639,rot-edgex-core-command,0.03,11.4
1790611639,rot-edgex-ui,0.00,6.1
1790611639,rot-edgex-core-data,0.33,20.8
1790611639,rot-edgex-core-metadata,0.01,13.8
1790611639,rot-edgex-common-config,0.01,0.6
1790611639,rot-edgex-core-keeper,0.00,22.1
1790611639,rot-flink-taskmanager,9.30,1503.2
1790611639,rot-telegraf-sink,1.77,86.4
1790611639,rot-alert-republisher,0.55,61.0
1790611639,rot-kafka-exporter,0.07,19.3
1790611639,rot-telegraf-bridge,0.66,139.7
1790611639,rot-fuxa,0.31,73.0
1790611639,rot-grafana,6.66,127.7
1790611639,rot-edgex-postgres,5.06,57.4
1790611639,rot-edgex-mqtt-broker,0.15,1.4
1790611639,rot-flink-jobmanager,2.35,917.5
1790611639,rot-kafka,204.05,541.2
1790611639,rot-influxdb,0.86,102.7
1790611639,rot-prometheus,1.93,115.1
1790611639,rot-emqx,1.95,191.7
1790611639,rot-alertmanager,0.20,22.1
1790611639,rot-plant-simulator,0.87,34.9
1790611639,rot-cadvisor,0.45,43.0
1790611642,rot-ai-web-1,0.00,12.3
1790611642,rot-ai-knowledge-1,2.79,150.9
1790611642,rot-ai-alarm-worker-1,0.09,31.7
1790611642,rot-ai-work-db-1,0.51,50.5
1790611642,rot-ai-graph-1,0.78,707.1
1790611642,rot-edgex-app-mqtt-export,0.52,29.6
1790611642,rot-edgex-device-modbus,0.27,22.6
1790611642,rot-edgex-core-command,0.06,11.5
1790611642,rot-edgex-ui,0.00,6.1
1790611642,rot-edgex-core-data,0.35,20.9
1790611642,rot-edgex-core-metadata,0.00,13.9
1790611642,rot-edgex-common-config,0.00,0.6
1790611642,rot-edgex-core-keeper,0.15,22.4
1790611642,rot-flink-taskmanager,5.64,1509.4
1790611642,rot-telegraf-sink,1.05,86.1
1790611642,rot-alert-republisher,0.21,59.5
1790611642,rot-kafka-exporter,0.05,19.0
1790611642,rot-telegraf-bridge,0.46,140.2
1790611642,rot-fuxa,0.23,73.1
1790611642,rot-grafana,0.07,126.8
1790611642,rot-edgex-postgres,0.06,57.9
1790611642,rot-edgex-mqtt-broker,0.12,1.6
1790611642,rot-flink-jobmanager,2.60,917.3
1790611642,rot-kafka,4.50,474.6
1790611642,rot-influxdb,0.03,102.5
1790611642,rot-prometheus,0.09,115.1
1790611642,rot-emqx,0.45,191.7
1790611642,rot-alertmanager,0.08,22.0
1790611642,rot-plant-simulator,0.60,35.2
1790611642,rot-cadvisor,0.26,50.3
1790611645,rot-ai-web-1,0.00,11.6
1790611645,rot-ai-knowledge-1,0.20,147.0
1790611645,rot-ai-alarm-worker-1,0.07,32.6
1790611645,rot-ai-work-db-1,0.01,48.2
1790611645,rot-ai-graph-1,55.22,711.8
1790611645,rot-edgex-app-mqtt-export,0.17,25.4
1790611645,rot-edgex-device-modbus,0.46,19.9
1790611645,rot-edgex-core-command,0.00,10.7
1790611645,rot-edgex-ui,0.00,6.1
1790611645,rot-edgex-core-data,0.19,21.5
1790611645,rot-edgex-core-metadata,0.00,13.6
1790611645,rot-edgex-common-config,0.00,0.6
1790611645,rot-edgex-core-keeper,0.02,19.5
1790611645,rot-flink-taskmanager,11.21,1506.3
1790611645,rot-telegraf-sink,1.23,78.1
1790611645,rot-alert-republisher,0.47,54.6
1790611645,rot-kafka-exporter,0.05,17.6
1790611645,rot-telegraf-bridge,0.31,124.7
1790611645,rot-fuxa,0.67,70.5
1790611645,rot-grafana,0.05,108.3
1790611645,rot-edgex-postgres,0.11,54.2
1790611645,rot-edgex-mqtt-broker,0.06,1.6
1790611645,rot-flink-jobmanager,6.52,917.4
1790611645,rot-kafka,4.24,469.0
1790611645,rot-influxdb,0.04,92.6
1790611645,rot-prometheus,0.08,106.3
1790611645,rot-emqx,0.55,185.8
1790611645,rot-alertmanager,0.14,20.2
1790611645,rot-plant-simulator,0.65,37.6
1790611645,rot-cadvisor,0.24,44.9
1790611649,rot-ai-web-1,0.00,11.6
1790611649,rot-ai-knowledge-1,0.84,147.0
1790611649,rot-ai-alarm-worker-1,0.09,32.9
1790611649,rot-ai-work-db-1,5.77,49.6
1790611649,rot-ai-graph-1,0.71,712.5
1790611649,rot-edgex-app-mqtt-export,0.16,25.5
1790611649,rot-edgex-device-modbus,0.40,26.0
1790611649,rot-edgex-core-command,0.00,10.7
1790611649,rot-edgex-ui,0.00,6.1
1790611649,rot-edgex-core-data,1.08,27.3
1790611649,rot-edgex-core-metadata,0.03,13.6
1790611649,rot-edgex-common-config,0.01,0.6
1790611649,rot-edgex-core-keeper,0.00,21.9
1790611649,rot-flink-taskmanager,4.27,1509.4
1790611649,rot-telegraf-sink,1.04,89.6
1790611649,rot-alert-republisher,0.18,53.9
1790611649,rot-kafka-exporter,0.04,20.5
1790611649,rot-telegraf-bridge,0.31,132.1
1790611649,rot-fuxa,0.15,69.8
1790611649,rot-grafana,0.08,108.3
1790611649,rot-edgex-postgres,3.19,56.7
1790611649,rot-edgex-mqtt-broker,0.04,1.3
1790611649,rot-flink-jobmanager,1.02,916.6
1790611649,rot-kafka,3.56,473.6
1790611649,rot-influxdb,0.34,102.2
1790611649,rot-prometheus,1.52,114.0
1790611649,rot-emqx,100.63,192.0
1790611649,rot-alertmanager,0.08,20.2
1790611649,rot-plant-simulator,0.35,36.6
1790611649,rot-cadvisor,0.29,45.4
1790611652,rot-ai-web-1,2.19,12.1
1790611652,rot-ai-knowledge-1,2.10,149.3
1790611652,rot-ai-alarm-worker-1,0.08,32.9
1790611652,rot-ai-work-db-1,0.01,49.2
1790611652,rot-ai-graph-1,0.82,713.1
1790611652,rot-edgex-app-mqtt-export,0.24,26.2
1790611652,rot-edgex-device-modbus,0.58,25.8
1790611652,rot-edgex-core-command,0.04,10.7
1790611652,rot-edgex-ui,0.00,6.1
1790611652,rot-edgex-core-data,0.30,27.3
1790611652,rot-edgex-core-metadata,0.00,13.6
1790611652,rot-edgex-common-config,0.00,0.6
1790611652,rot-edgex-core-keeper,0.09,22.1
1790611652,rot-flink-taskmanager,6.56,1509.4
1790611652,rot-telegraf-sink,0.81,89.8
1790611652,rot-alert-republisher,0.58,61.1
1790611652,rot-kafka-exporter,0.04,20.5
1790611652,rot-telegraf-bridge,0.76,143.5
1790611652,rot-fuxa,0.14,69.8
1790611652,rot-grafana,0.05,108.3
1790611652,rot-edgex-postgres,0.12,56.4
1790611652,rot-edgex-mqtt-broker,0.09,1.3
1790611652,rot-flink-jobmanager,6.06,917.7
1790611652,rot-kafka,71.39,472.9
1790611652,rot-influxdb,0.03,102.3
1790611652,rot-prometheus,0.56,114.2
1790611652,rot-emqx,0.49,191.5
1790611652,rot-alertmanager,0.10,20.2
1790611652,rot-plant-simulator,0.57,36.4
1790611652,rot-cadvisor,1.67,45.7
1790611655,rot-ai-web-1,0.00,11.8
1790611655,rot-ai-knowledge-1,0.18,147.8
1790611655,rot-ai-alarm-worker-1,0.08,32.6
1790611655,rot-ai-work-db-1,0.00,49.3
1790611655,rot-ai-graph-1,86.71,803.3
1790611655,rot-edgex-app-mqtt-export,0.41,25.3
1790611655,rot-edgex-device-modbus,0.42,25.4
1790611655,rot-edgex-core-command,0.00,10.6
1790611655,rot-edgex-ui,0.00,6.1
1790611655,rot-edgex-core-data,0.39,26.9
1790611655,rot-edgex-core-metadata,0.00,14.9
1790611655,rot-edgex-common-config,0.01,0.6
1790611655,rot-edgex-core-keeper,0.02,21.6
1790611655,rot-flink-taskmanager,8.20,1506.3
1790611655,rot-telegraf-sink,1.14,88.3
1790611655,rot-alert-republisher,0.20,59.8
1790611655,rot-kafka-exporter,0.05,20.4
1790611655,rot-telegraf-bridge,0.37,141.5
1790611655,rot-fuxa,0.18,69.6
1790611655,rot-grafana,0.04,107.3
1790611655,rot-edgex-postgres,0.25,57.1
1790611655,rot-edgex-mqtt-broker,0.09,1.8
1790611655,rot-flink-jobmanager,2.06,916.9
1790611655,rot-kafka,3.92,472.1
1790611655,rot-influxdb,0.40,100.9
1790611655,rot-prometheus,0.38,117.7
1790611655,rot-emqx,0.69,190.6
1790611655,rot-alertmanager,0.17,20.0
1790611655,rot-plant-simulator,1.03,37.5
1790611655,rot-cadvisor,4.19,46.9
1790611658,rot-ai-web-1,0.00,11.6
1790611658,rot-ai-knowledge-1,0.46,145.2
1790611658,rot-ai-alarm-worker-1,0.05,32.6
1790611658,rot-ai-work-db-1,0.43,48.6
1790611658,rot-ai-graph-1,0.67,714.1
1790611658,rot-edgex-app-mqtt-export,0.12,22.9
1790611658,rot-edgex-device-modbus,0.28,23.5
1790611658,rot-edgex-core-command,0.00,10.1
1790611658,rot-edgex-ui,0.00,6.0
1790611658,rot-edgex-core-data,0.13,25.2
1790611658,rot-edgex-core-metadata,0.01,13.7
1790611658,rot-edgex-common-config,0.00,0.6
1790611658,rot-edgex-core-keeper,0.01,20.9
1790611658,rot-flink-taskmanager,3.25,1502.2
1790611658,rot-telegraf-sink,0.85,81.3
1790611658,rot-alert-republisher,0.25,52.8
1790611658,rot-kafka-exporter,0.04,20.8
1790611658,rot-telegraf-bridge,0.22,128.3
1790611658,rot-fuxa,0.41,68.0
1790611658,rot-grafana,0.12,95.8
1790611658,rot-edgex-postgres,1.91,56.1
1790611658,rot-edgex-mqtt-broker,0.06,1.3
1790611658,rot-flink-jobmanager,0.75,915.8
1790611658,rot-kafka,7.28,475.3
1790611658,rot-influxdb,0.29,104.7
1790611658,rot-prometheus,0.56,110.1
1790611658,rot-emqx,0.32,186.2
1790611658,rot-alertmanager,0.09,33.3
1790611658,rot-plant-simulator,0.44,34.4
1790611658,rot-cadvisor,0.10,44.9
1790611662,rot-ai-web-1,1.68,12.2
1790611662,rot-ai-knowledge-1,0.17,144.9
1790611662,rot-ai-alarm-worker-1,0.07,32.6
1790611662,rot-ai-work-db-1,0.00,49.0
1790611662,rot-ai-graph-1,0.80,714.1
1790611662,rot-edgex-app-mqtt-export,0.16,22.9
1790611662,rot-edgex-device-modbus,0.30,23.8
1790611662,rot-edgex-core-command,0.03,10.3
1790611662,rot-edgex-ui,0.00,6.0
1790611662,rot-edgex-core-data,0.20,24.9
1790611662,rot-edgex-core-metadata,0.08,13.7
1790611662,rot-edgex-common-config,0.00,0.6
1790611662,rot-edgex-core-keeper,0.07,20.6
1790611662,rot-flink-taskmanager,14.95,1514.5
1790611662,rot-telegraf-sink,1.56,82.1
1790611662,rot-alert-republisher,0.22,52.5
1790611662,rot-kafka-exporter,0.03,20.8
1790611662,rot-telegraf-bridge,0.30,128.3
1790611662,rot-fuxa,0.24,70.2
1790611662,rot-grafana,0.07,95.8
1790611662,rot-edgex-postgres,0.09,55.6
1790611662,rot-edgex-mqtt-broker,0.06,1.6
1790611662,rot-flink-jobmanager,8.70,903.4
1790611662,rot-kafka,4.45,476.2
1790611662,rot-influxdb,0.05,111.1
1790611662,rot-prometheus,0.33,110.1
1790611662,rot-emqx,1.84,190.9
1790611662,rot-alertmanager,0.10,33.3
1790611662,rot-plant-simulator,0.42,34.4
1790611662,rot-cadvisor,1.50,46.3
1790611665,rot-ai-web-1,0.00,11.8
1790611665,rot-ai-knowledge-1,0.59,149.3
1790611665,rot-ai-alarm-worker-1,0.07,32.9
1790611665,rot-ai-work-db-1,0.51,49.1
1790611665,rot-ai-graph-1,5.65,721.4
1790611665,rot-edgex-app-mqtt-export,0.24,22.6
1790611665,rot-edgex-device-modbus,0.58,23.8
1790611665,rot-edgex-core-command,0.34,15.8
1790611665,rot-edgex-ui,0.00,19.2
1790611665,rot-edgex-core-data,0.31,25.6
1790611665,rot-edgex-core-metadata,0.00,13.7
1790611665,rot-edgex-common-config,0.00,0.6
1790611665,rot-edgex-core-keeper,0.00,20.6
1790611665,rot-flink-taskmanager,19.15,1510.4
1790611665,rot-telegraf-sink,1.36,82.0
1790611665,rot-alert-republisher,0.39,52.5
1790611665,rot-kafka-exporter,0.10,20.8
1790611665,rot-telegraf-bridge,0.38,135.7
1790611665,rot-fuxa,0.18,70.7
1790611665,rot-grafana,0.06,95.8
1790611665,rot-edgex-postgres,0.18,55.9
1790611665,rot-edgex-mqtt-broker,0.12,1.6
1790611665,rot-flink-jobmanager,0.97,899.2
1790611665,rot-kafka,3.89,477.3
1790611665,rot-influxdb,0.34,111.2
1790611665,rot-prometheus,0.10,109.9
1790611665,rot-emqx,5.62,191.3
1790611665,rot-alertmanager,0.14,33.3
1790611665,rot-plant-simulator,7.38,36.9
1790611665,rot-cadvisor,0.33,47.0
1790611668,rot-ai-web-1,0.00,11.6
1790611668,rot-ai-knowledge-1,1.08,144.0
1790611668,rot-ai-alarm-worker-1,1.55,38.2
1790611668,rot-ai-work-db-1,4.55,46.6
1790611668,rot-ai-graph-1,145.27,828.2
1790611668,rot-edgex-app-mqtt-export,0.46,20.7
1790611668,rot-edgex-device-modbus,0.93,19.9
1790611668,rot-edgex-core-command,0.00,13.9
1790611668,rot-edgex-ui,0.00,14.9
1790611668,rot-edgex-core-data,0.45,21.6
1790611668,rot-edgex-core-metadata,0.00,11.8
1790611668,rot-edgex-common-config,0.00,0.6
1790611668,rot-edgex-core-keeper,0.01,22.5
1790611668,rot-flink-taskmanager,35.96,1520.6
1790611668,rot-telegraf-sink,1.28,82.6
1790611668,rot-alert-republisher,0.34,88.8
1790611668,rot-kafka-exporter,0.08,16.7
1790611668,rot-telegraf-bridge,0.36,114.6
1790611668,rot-fuxa,0.23,68.0
1790611668,rot-grafana,4.86,94.9
1790611668,rot-edgex-postgres,1.43,53.8
1790611668,rot-edgex-mqtt-broker,0.09,1.6
1790611668,rot-flink-jobmanager,1.73,896.4
1790611668,rot-kafka,4.06,462.6
1790611668,rot-influxdb,0.07,98.0
1790611668,rot-prometheus,1.27,107.8
1790611668,rot-emqx,1.86,182.9
1790611668,rot-alertmanager,0.13,27.2
1790611668,rot-plant-simulator,0.89,32.2
1790611668,rot-cadvisor,0.29,43.3
1790611671,rot-ai-web-1,1.51,11.9
1790611671,rot-ai-knowledge-1,2.47,149.3
1790611671,rot-ai-alarm-worker-1,0.12,38.4
1790611671,rot-ai-work-db-1,0.01,49.5
1790611671,rot-ai-graph-1,0.61,732.2
1790611671,rot-edgex-app-mqtt-export,0.22,29.5
1790611671,rot-edgex-device-modbus,0.19,19.9
1790611671,rot-edgex-core-command,0.04,14.1
1790611671,rot-edgex-ui,0.00,14.8
1790611671,rot-edgex-core-data,0.12,23.5
1790611671,rot-edgex-core-metadata,0.00,11.8
1790611671,rot-edgex-common-config,0.00,0.6
1790611671,rot-edgex-core-keeper,0.15,22.5
1790611671,rot-flink-taskmanager,5.48,1527.8
1790611671,rot-telegraf-sink,0.71,92.7
1790611671,rot-alert-republisher,0.31,95.8
1790611671,rot-kafka-exporter,0.03,16.7
1790611671,rot-telegraf-bridge,0.22,114.6
1790611671,rot-fuxa,0.14,68.3
1790611671,rot-grafana,0.06,114.5
1790611671,rot-edgex-postgres,0.08,56.4
1790611671,rot-edgex-mqtt-broker,0.04,1.6
1790611671,rot-flink-jobmanager,3.57,898.0
1790611671,rot-kafka,3.27,486.9
1790611671,rot-influxdb,0.09,104.9
1790611671,rot-prometheus,0.08,107.8
1790611671,rot-emqx,1.13,186.6
1790611671,rot-alertmanager,0.11,27.1
1790611671,rot-plant-simulator,0.27,32.1
1790611671,rot-cadvisor,0.32,46.5
1790611675,rot-ai-web-1,0.00,11.7
1790611675,rot-ai-knowledge-1,0.24,146.6
1790611675,rot-ai-alarm-worker-1,2.82,39.7
1790611675,rot-ai-work-db-1,11.60,49.4
1790611675,rot-ai-graph-1,1.52,729.8
1790611675,rot-edgex-app-mqtt-export,0.23,28.6
1790611675,rot-edgex-device-modbus,0.59,19.9
1790611675,rot-edgex-core-command,0.00,13.0
1790611675,rot-edgex-ui,0.00,14.5
1790611675,rot-edgex-core-data,0.23,23.1
1790611675,rot-edgex-core-metadata,0.12,24.4
1790611675,rot-edgex-common-config,0.00,0.6
1790611675,rot-edgex-core-keeper,0.31,22.8
1790611675,rot-flink-taskmanager,61.20,1530.9
1790611675,rot-telegraf-sink,3.50,91.9
1790611675,rot-alert-republisher,1.08,109.0
1790611675,rot-kafka-exporter,0.08,16.8
1790611675,rot-telegraf-bridge,0.53,114.3
1790611675,rot-fuxa,0.28,67.8
1790611675,rot-grafana,0.22,113.9
1790611675,rot-edgex-postgres,0.21,55.9
1790611675,rot-edgex-mqtt-broker,0.07,1.3
1790611675,rot-flink-jobmanager,11.11,897.4
1790611675,rot-kafka,166.42,578.5
1790611675,rot-influxdb,0.81,105.1
1790611675,rot-prometheus,0.29,106.6
1790611675,rot-emqx,1.50,185.8
1790611675,rot-alertmanager,0.17,26.7
1790611675,rot-plant-simulator,0.68,35.4
1790611675,rot-cadvisor,0.07,45.8
1790611679,rot-ai-web-1,0.00,11.7
1790611679,rot-ai-knowledge-1,0.51,147.4
1790611679,rot-ai-alarm-worker-1,0.06,38.7
1790611679,rot-ai-work-db-1,0.48,49.0
1790611679,rot-ai-graph-1,0.65,730.4
1790611679,rot-edgex-app-mqtt-export,0.08,28.6
1790611679,rot-edgex-device-modbus,0.22,19.9
1790611679,rot-edgex-core-command,0.03,23.6
1790611679,rot-edgex-ui,0.00,14.5
1790611679,rot-edgex-core-data,0.13,23.6
1790611679,rot-edgex-core-metadata,0.05,24.2
1790611679,rot-edgex-common-config,0.00,0.6
1790611679,rot-edgex-core-keeper,0.00,22.1
1790611679,rot-flink-taskmanager,4.03,1523.7
1790611679,rot-telegraf-sink,0.81,91.8
1790611679,rot-alert-republisher,0.20,109.3
1790611679,rot-kafka-exporter,0.03,22.9
1790611679,rot-telegraf-bridge,0.34,115.1
1790611679,rot-fuxa,0.10,68.0
1790611679,rot-grafana,0.06,114.5
1790611679,rot-edgex-postgres,2.27,57.2
1790611679,rot-edgex-mqtt-broker,0.06,1.3
1790611679,rot-flink-jobmanager,0.74,897.1
1790611679,rot-kafka,2.68,492.6
1790611679,rot-influxdb,0.26,114.5
1790611679,rot-prometheus,0.88,110.1
1790611679,rot-emqx,1.11,185.3
1790611679,rot-alertmanager,0.10,26.7
1790611679,rot-plant-simulator,0.30,35.7
1790611679,rot-cadvisor,0.22,47.8
1790611682,rot-ai-web-1,0.00,11.7
1790611682,rot-ai-knowledge-1,0.22,142.6
1790611682,rot-ai-alarm-worker-1,0.09,35.5
1790611682,rot-ai-work-db-1,0.00,40.5
1790611682,rot-ai-graph-1,111.88,713.3
1790611682,rot-edgex-app-mqtt-export,0.36,22.9
1790611682,rot-edgex-device-modbus,0.57,18.9
1790611682,rot-edgex-core-command,0.00,17.5
1790611682,rot-edgex-ui,0.00,10.8
1790611682,rot-edgex-core-data,0.25,18.2
1790611682,rot-edgex-core-metadata,0.00,18.0
1790611682,rot-edgex-common-config,0.00,0.6
1790611682,rot-edgex-core-keeper,0.08,18.3
1790611682,rot-flink-taskmanager,6.75,1514.5
1790611682,rot-telegraf-sink,1.96,75.3
1790611682,rot-alert-republisher,0.40,74.6
1790611682,rot-kafka-exporter,0.07,18.6
1790611682,rot-telegraf-bridge,0.55,99.1
1790611682,rot-fuxa,0.35,71.6
1790611682,rot-grafana,0.11,87.6
1790611682,rot-edgex-postgres,0.36,52.7
1790611682,rot-edgex-mqtt-broker,0.06,1.3
1790611682,rot-flink-jobmanager,1.76,895.2
1790611682,rot-kafka,6.45,475.0
1790611682,rot-influxdb,0.69,93.0
1790611682,rot-prometheus,0.00,98.3
1790611682,rot-emqx,94.61,188.8
1790611682,rot-alertmanager,0.11,21.1
1790611682,rot-plant-simulator,0.58,31.4
1790611682,rot-cadvisor,3.13,44.0
1790611686,rot-ai-web-1,0.00,11.5
1790611686,rot-ai-knowledge-1,0.75,148.8
1790611686,rot-ai-alarm-worker-1,0.07,35.3
1790611686,rot-ai-work-db-1,0.00,48.7
1790611686,rot-ai-graph-1,0.87,713.1
1790611686,rot-edgex-app-mqtt-export,0.24,23.1
1790611686,rot-edgex-device-modbus,0.46,21.2
1790611686,rot-edgex-core-command,0.00,17.5
1790611686,rot-edgex-ui,0.00,10.8
1790611686,rot-edgex-core-data,0.19,18.3
1790611686,rot-edgex-core-metadata,0.16,18.5
1790611686,rot-edgex-common-config,0.00,0.6
1790611686,rot-edgex-core-keeper,0.45,19.6
1790611686,rot-flink-taskmanager,19.46,1516.5
1790611686,rot-telegraf-sink,1.79,145.4
1790611686,rot-alert-republisher,0.54,74.8
1790611686,rot-kafka-exporter,0.04,18.6
1790611686,rot-telegraf-bridge,0.31,98.8
1790611686,rot-fuxa,0.19,87.0
1790611686,rot-grafana,0.10,87.6
1790611686,rot-edgex-postgres,0.26,58.5
1790611686,rot-edgex-mqtt-broker,0.04,1.6
1790611686,rot-flink-jobmanager,6.04,895.8
1790611686,rot-kafka,30.90,502.1
1790611686,rot-influxdb,0.28,97.1
1790611686,rot-prometheus,2.26,105.7
1790611686,rot-emqx,1.77,188.2
1790611686,rot-alertmanager,0.09,25.9
1790611686,rot-plant-simulator,0.47,35.6
1790611686,rot-cadvisor,1.18,44.5
1790611689,rot-ai-web-1,0.00,11.5
1790611689,rot-ai-knowledge-1,0.17,147.8
1790611689,rot-ai-alarm-worker-1,0.11,35.5
1790611689,rot-ai-work-db-1,6.18,49.6
1790611689,rot-ai-graph-1,0.80,712.6
1790611689,rot-edgex-app-mqtt-export,0.17,22.4
1790611689,rot-edgex-device-modbus,0.42,20.8
1790611689,rot-edgex-core-command,0.04,17.2
1790611689,rot-edgex-ui,0.00,10.5
1790611689,rot-edgex-core-data,0.21,17.9
1790611689,rot-edgex-core-metadata,0.00,18.5
1790611689,rot-edgex-common-config,0.00,0.6
1790611689,rot-edgex-core-keeper,0.00,17.8
1790611689,rot-flink-taskmanager,4.39,1516.5
1790611689,rot-telegraf-sink,1.28,144.5
1790611689,rot-alert-republisher,0.40,75.5
1790611689,rot-kafka-exporter,0.07,17.9
1790611689,rot-telegraf-bridge,0.34,101.7
1790611689,rot-fuxa,0.41,87.5
1790611689,rot-grafana,0.10,87.6
1790611689,rot-edgex-postgres,3.31,58.2
1790611689,rot-edgex-mqtt-broker,0.07,1.6
1790611689,rot-flink-jobmanager,1.01,894.7
1790611689,rot-kafka,7.60,503.2
1790611689,rot-influxdb,0.06,105.4
1790611689,rot-prometheus,0.00,104.7
1790611689,rot-emqx,1.63,188.5
1790611689,rot-alertmanager,0.11,28.3
1790611689,rot-plant-simulator,0.60,35.0
1790611689,rot-cadvisor,0.31,43.7
1790611693,rot-ai-web-1,1.99,12.2
1790611693,rot-ai-knowledge-1,0.14,148.3
1790611693,rot-ai-alarm-worker-1,0.14,34.8
1790611693,rot-ai-work-db-1,0.70,49.0
1790611693,rot-ai-graph-1,122.70,845.2
1790611693,rot-edgex-app-mqtt-export,0.19,28.9
1790611693,rot-edgex-device-modbus,0.76,21.4
1790611693,rot-edgex-core-command,0.00,18.6
1790611693,rot-edgex-ui,0.00,10.7
1790611693,rot-edgex-core-data,0.38,23.2
1790611693,rot-edgex-core-metadata,0.00,18.8
1790611693,rot-edgex-common-config,0.00,0.6
1790611693,rot-edgex-core-keeper,0.02,18.6
1790611693,rot-flink-taskmanager,5.31,1518.6
1790611693,rot-telegraf-sink,1.64,145.3
1790611693,rot-alert-republisher,0.28,79.7
1790611693,rot-kafka-exporter,0.23,18.7
1790611693,rot-telegraf-bridge,0.31,101.5
1790611693,rot-fuxa,0.16,89.5
1790611693,rot-grafana,0.11,87.6
1790611693,rot-edgex-postgres,0.13,58.1
1790611693,rot-edgex-mqtt-broker,0.06,1.3
1790611693,rot-flink-jobmanager,1.76,896.5
1790611693,rot-kafka,5.30,503.2
1790611693,rot-influxdb,0.49,105.5
1790611693,rot-prometheus,0.23,105.1
1790611693,rot-emqx,87.07,222.7
1790611693,rot-alertmanager,0.12,28.6
1790611693,rot-plant-simulator,0.84,34.7
1790611693,rot-cadvisor,0.19,46.9
1790611696,rot-ai-web-1,0.00,11.5
1790611696,rot-ai-knowledge-1,0.21,145.2
1790611696,rot-ai-alarm-worker-1,0.07,34.3
1790611696,rot-ai-work-db-1,0.77,48.3
1790611696,rot-ai-graph-1,1.42,723.0
1790611696,rot-edgex-app-mqtt-export,0.29,26.2
1790611696,rot-edgex-device-modbus,0.53,23.4
1790611696,rot-edgex-core-command,0.10,16.3
1790611696,rot-edgex-ui,0.00,9.7
1790611696,rot-edgex-core-data,4.38,25.1
1790611696,rot-edgex-core-metadata,0.00,20.9
1790611696,rot-edgex-common-config,0.00,0.6
1790611696,rot-edgex-core-keeper,1.02,20.0
1790611696,rot-flink-taskmanager,15.15,1516.5
1790611696,rot-telegraf-sink,1.01,131.0
1790611696,rot-alert-republisher,0.27,68.2
1790611696,rot-kafka-exporter,2.76,21.4
1790611696,rot-telegraf-bridge,0.59,116.4
1790611696,rot-fuxa,0.18,87.1
1790611696,rot-grafana,0.05,80.0
1790611696,rot-edgex-postgres,0.38,57.9
1790611696,rot-edgex-mqtt-broker,0.07,1.6
1790611696,rot-flink-jobmanager,1.01,895.9
1790611696,rot-kafka,5.19,491.0
1790611696,rot-influxdb,2.91,101.7
1790611696,rot-prometheus,2.02,109.5
1790611696,rot-emqx,1.06,184.2
1790611696,rot-alertmanager,0.10,25.6
1790611696,rot-plant-simulator,0.55,35.6
1790611696,rot-cadvisor,0.04,45.1
1790611700,rot-ai-web-1,0.00,11.5
1790611700,rot-ai-knowledge-1,0.18,145.2
1790611700,rot-ai-alarm-worker-1,0.11,34.5
1790611700,rot-ai-work-db-1,0.69,48.6
1790611700,rot-ai-graph-1,0.78,722.8
1790611700,rot-edgex-app-mqtt-export,0.14,28.2
1790611700,rot-edgex-device-modbus,0.42,23.4
1790611700,rot-edgex-core-command,0.00,16.2
1790611700,rot-edgex-ui,0.00,9.7
1790611700,rot-edgex-core-data,0.11,24.9
1790611700,rot-edgex-core-metadata,0.00,20.8
1790611700,rot-edgex-common-config,0.01,0.6
1790611700,rot-edgex-core-keeper,0.02,19.6
1790611700,rot-flink-taskmanager,4.18,1518.6
1790611700,rot-telegraf-sink,1.44,137.5
1790611700,rot-alert-republisher,0.25,67.2
1790611700,rot-kafka-exporter,0.05,19.8
1790611700,rot-telegraf-bridge,0.55,117.6
1790611700,rot-fuxa,0.18,86.1
1790611700,rot-grafana,0.07,118.1
1790611700,rot-edgex-postgres,0.16,57.9
1790611700,rot-edgex-mqtt-broker,0.05,1.6
1790611700,rot-flink-jobmanager,1.44,896.3
1790611700,rot-kafka,6.41,498.4
1790611700,rot-influxdb,0.52,101.0
1790611700,rot-prometheus,0.02,117.9
1790611700,rot-emqx,1.85,183.9
1790611700,rot-alertmanager,0.12,25.5
1790611700,rot-plant-simulator,0.47,36.4
1790611700,rot-cadvisor,0.31,47.1
1790611704,rot-ai-web-1,0.00,11.7
1790611704,rot-ai-knowledge-1,4.63,147.3
1790611704,rot-ai-alarm-worker-1,0.09,34.1
1790611704,rot-ai-work-db-1,0.00,42.5
1790611704,rot-ai-graph-1,1.33,712.0
1790611704,rot-edgex-app-mqtt-export,0.37,25.4
1790611704,rot-edgex-device-modbus,0.40,21.2
1790611704,rot-edgex-core-command,0.02,14.2
1790611704,rot-edgex-ui,0.00,8.8
1790611704,rot-edgex-core-data,0.15,21.2
1790611704,rot-edgex-core-metadata,0.03,17.6
1790611704,rot-edgex-common-config,0.00,0.6
1790611704,rot-edgex-core-keeper,0.00,17.2
1790611704,rot-flink-taskmanager,3.64,1513.5
1790611704,rot-telegraf-sink,1.04,121.9
1790611704,rot-alert-republisher,0.24,57.1
1790611704,rot-kafka-exporter,0.04,17.4
1790611704,rot-telegraf-bridge,0.29,107.1
1790611704,rot-fuxa,0.16,81.4
1790611704,rot-grafana,0.10,99.6
1790611704,rot-edgex-postgres,2.52,56.1
1790611704,rot-edgex-mqtt-broker,0.06,1.3
1790611704,rot-flink-jobmanager,4.20,905.6
1790611704,rot-kafka,3.42,494.6
1790611704,rot-influxdb,0.04,91.1
1790611704,rot-prometheus,0.00,111.5
1790611704,rot-emqx,94.40,185.0
1790611704,rot-alertmanager,0.09,22.5
1790611704,rot-plant-simulator,0.42,32.8
1790611704,rot-cadvisor,0.31,41.0
1790611707,rot-ai-web-1,0.00,11.6
1790611707,rot-ai-knowledge-1,0.17,143.8
1790611707,rot-ai-alarm-worker-1,0.10,33.5
1790611707,rot-ai-work-db-1,0.01,46.8
1790611707,rot-ai-graph-1,102.21,728.3
1790611707,rot-edgex-app-mqtt-export,0.39,25.1
1790611707,rot-edgex-device-modbus,0.45,21.0
1790611707,rot-edgex-core-command,0.00,13.9
1790611707,rot-edgex-ui,0.00,8.5
1790611707,rot-edgex-core-data,0.16,20.5
1790611707,rot-edgex-core-metadata,0.00,17.0
1790611707,rot-edgex-common-config,0.00,0.6
1790611707,rot-edgex-core-keeper,0.51,17.0
1790611707,rot-flink-taskmanager,4.99,1516.5
1790611707,rot-telegraf-sink,1.42,124.1
1790611707,rot-alert-republisher,0.30,55.1
1790611707,rot-kafka-exporter,4.67,16.6
1790611707,rot-telegraf-bridge,0.27,106.0
1790611707,rot-fuxa,0.14,80.6
1790611707,rot-grafana,0.19,96.2
1790611707,rot-edgex-postgres,0.25,54.4
1790611707,rot-edgex-mqtt-broker,0.06,1.6
1790611707,rot-flink-jobmanager,1.18,905.8
1790611707,rot-kafka,4.59,496.6
1790611707,rot-influxdb,3.20,95.9
1790611707,rot-prometheus,0.50,113.0
1790611707,rot-emqx,1.93,183.5
1790611707,rot-alertmanager,0.08,22.0
1790611707,rot-plant-simulator,0.40,35.1
1790611707,rot-cadvisor,0.25,40.7
1790611711,rot-ai-web-1,0.00,11.6
1790611711,rot-ai-knowledge-1,0.79,143.7
1790611711,rot-ai-alarm-worker-1,0.08,33.7
1790611711,rot-ai-work-db-1,0.79,50.0
1790611711,rot-ai-graph-1,0.96,725.8
1790611711,rot-edgex-app-mqtt-export,0.17,25.0
1790611711,rot-edgex-device-modbus,0.38,20.9
1790611711,rot-edgex-core-command,0.31,19.8
1790611711,rot-edgex-ui,0.00,8.5
1790611711,rot-edgex-core-data,0.27,20.5
1790611711,rot-edgex-core-metadata,0.07,16.9
1790611711,rot-edgex-common-config,0.00,0.6
1790611711,rot-edgex-core-keeper,0.21,16.7
1790611711,rot-flink-taskmanager,9.84,1515.5
1790611711,rot-telegraf-sink,1.51,129.6
1790611711,rot-alert-republisher,0.36,61.8
1790611711,rot-kafka-exporter,0.09,16.5
1790611711,rot-telegraf-bridge,0.30,105.0
1790611711,rot-fuxa,0.41,80.5
1790611711,rot-grafana,0.06,94.7
1790611711,rot-edgex-postgres,0.09,56.0
1790611711,rot-edgex-mqtt-broker,0.06,1.6
1790611711,rot-flink-jobmanager,10.75,910.1
1790611711,rot-kafka,152.29,582.7
1790611711,rot-influxdb,0.06,94.9
1790611711,rot-prometheus,0.49,118.0
1790611711,rot-emqx,1.09,182.4
1790611711,rot-alertmanager,0.10,21.9
1790611711,rot-plant-simulator,0.68,35.0
1790611711,rot-cadvisor,1.33,44.5
1790611715,rot-ai-web-1,0.00,11.9
1790611715,rot-ai-knowledge-1,0.56,147.4
1790611715,rot-ai-alarm-worker-1,0.11,33.4
1790611715,rot-ai-work-db-1,5.35,49.5
1790611715,rot-ai-graph-1,1.06,726.9
1790611715,rot-edgex-app-mqtt-export,0.23,24.6
1790611715,rot-edgex-device-modbus,0.47,20.7
1790611715,rot-edgex-core-command,0.00,19.6
1790611715,rot-edgex-ui,0.00,8.5
1790611715,rot-edgex-core-data,0.17,21.3
1790611715,rot-edgex-core-metadata,0.00,16.7
1790611715,rot-edgex-common-config,0.00,0.6
1790611715,rot-edgex-core-keeper,0.00,16.6
1790611715,rot-flink-taskmanager,6.22,1517.6
1790611715,rot-telegraf-sink,1.08,129.8
1790611715,rot-alert-republisher,0.26,68.8
1790611715,rot-kafka-exporter,0.04,16.4
1790611715,rot-telegraf-bridge,0.24,105.0
1790611715,rot-fuxa,0.18,79.5
1790611715,rot-grafana,0.13,94.7
1790611715,rot-edgex-postgres,2.12,56.4
1790611715,rot-edgex-mqtt-broker,0.06,1.8
1790611715,rot-flink-jobmanager,2.37,910.7
1790611715,rot-kafka,3.54,512.3
1790611715,rot-influxdb,0.31,94.9
1790611715,rot-prometheus,0.63,121.3
1790611715,rot-emqx,91.20,185.3
1790611715,rot-alertmanager,0.10,21.9
1790611715,rot-plant-simulator,9.59,37.9
1790611715,rot-cadvisor,4.42,57.5
1790611718,rot-ai-web-1,0.00,11.6
1790611718,rot-ai-knowledge-1,0.21,143.1
1790611718,rot-ai-alarm-worker-1,0.11,33.0
1790611718,rot-ai-work-db-1,0.01,42.0
1790611718,rot-ai-graph-1,198.99,855.0
1790611718,rot-edgex-app-mqtt-export,0.25,21.5
1790611718,rot-edgex-device-modbus,0.57,17.7
1790611718,rot-edgex-core-command,0.00,15.8
1790611718,rot-edgex-ui,0.00,7.5
1790611718,rot-edgex-core-data,0.20,18.8
1790611718,rot-edgex-core-metadata,0.04,13.8
1790611718,rot-edgex-common-config,0.00,0.6
1790611718,rot-edgex-core-keeper,0.06,14.5
1790611718,rot-flink-taskmanager,5.86,1513.5
1790611718,rot-telegraf-sink,1.71,109.4
1790611718,rot-alert-republisher,0.39,55.0
1790611718,rot-kafka-exporter,0.05,17.8
1790611718,rot-telegraf-bridge,0.36,94.8
1790611718,rot-fuxa,0.42,74.1
1790611718,rot-grafana,0.22,82.1
1790611718,rot-edgex-postgres,0.15,50.9
1790611718,rot-edgex-mqtt-broker,0.11,1.6
1790611718,rot-flink-jobmanager,1.61,908.1
1790611718,rot-kafka,4.41,491.8
1790611718,rot-influxdb,0.42,85.3
1790611718,rot-prometheus,0.97,110.3
1790611718,rot-emqx,1.51,179.5
1790611718,rot-alertmanager,0.15,19.5
1790611718,rot-plant-simulator,0.83,32.6
1790611718,rot-cadvisor,0.29,50.1
1790611722,rot-ai-web-1,0.00,11.6
1790611722,rot-ai-knowledge-1,0.86,142.7
1790611722,rot-ai-alarm-worker-1,0.05,33.3
1790611722,rot-ai-work-db-1,0.66,52.4
1790611722,rot-ai-graph-1,0.74,723.0
1790611722,rot-edgex-app-mqtt-export,0.20,21.2
1790611722,rot-edgex-device-modbus,1.35,23.9
1790611722,rot-edgex-core-command,0.07,15.6
1790611722,rot-edgex-ui,0.00,7.6
1790611722,rot-edgex-core-data,0.19,19.3
1790611722,rot-edgex-core-metadata,0.00,14.3
1790611722,rot-edgex-common-config,0.00,0.6
1790611722,rot-edgex-core-keeper,0.12,15.2
1790611722,rot-flink-taskmanager,6.29,1514.5
1790611722,rot-telegraf-sink,0.77,107.6
1790611722,rot-alert-republisher,0.33,54.4
1790611722,rot-kafka-exporter,0.04,18.2
1790611722,rot-telegraf-bridge,0.26,115.8
1790611722,rot-fuxa,0.12,73.2
1790611722,rot-grafana,0.06,81.0
1790611722,rot-edgex-postgres,0.07,55.2
1790611722,rot-edgex-mqtt-broker,0.09,1.8
1790611722,rot-flink-jobmanager,3.80,907.7
1790611722,rot-kafka,31.43,518.1
1790611722,rot-influxdb,0.03,89.2
1790611722,rot-prometheus,0.11,109.6
1790611722,rot-emqx,1.71,178.5
1790611722,rot-alertmanager,0.09,19.4
1790611722,rot-plant-simulator,0.34,32.0
1790611722,rot-cadvisor,0.23,51.4
1790611725,rot-ai-web-1,0.00,11.9
1790611725,rot-ai-knowledge-1,0.23,147.2
1790611725,rot-ai-alarm-worker-1,0.14,33.3
1790611725,rot-ai-work-db-1,9.17,52.3
1790611725,rot-ai-graph-1,2.03,722.4
1790611725,rot-edgex-app-mqtt-export,0.21,20.8
1790611725,rot-edgex-device-modbus,0.68,23.4
1790611725,rot-edgex-core-command,0.00,15.5
1790611725,rot-edgex-ui,0.00,15.5
1790611725,rot-edgex-core-data,0.23,18.4
1790611725,rot-edgex-core-metadata,0.12,16.8
1790611725,rot-edgex-common-config,0.01,0.6
1790611725,rot-edgex-core-keeper,0.38,14.9
1790611725,rot-flink-taskmanager,28.90,1515.5
1790611725,rot-telegraf-sink,2.60,107.3
1790611725,rot-alert-republisher,0.34,54.8
1790611725,rot-kafka-exporter,0.06,18.2
1790611725,rot-telegraf-bridge,0.49,122.5
1790611725,rot-fuxa,0.28,73.2
1790611725,rot-grafana,0.12,80.6
1790611725,rot-edgex-postgres,0.27,56.0
1790611725,rot-edgex-mqtt-broker,0.97,1.8
1790611725,rot-flink-jobmanager,19.03,908.9
1790611725,rot-kafka,6.45,500.9
1790611725,rot-influxdb,0.48,92.4
1790611725,rot-prometheus,0.16,108.6
1790611725,rot-emqx,103.18,225.1
1790611725,rot-alertmanager,0.12,19.3
1790611725,rot-plant-simulator,21.61,35.4
1790611725,rot-cadvisor,0.18,50.8
1790611729,rot-ai-web-1,0.00,11.9
1790611729,rot-ai-knowledge-1,0.63,147.2
1790611729,rot-ai-alarm-worker-1,0.06,33.3
1790611729,rot-ai-work-db-1,0.57,52.4
1790611729,rot-ai-graph-1,0.64,721.8
1790611729,rot-edgex-app-mqtt-export,0.53,21.9
1790611729,rot-edgex-device-modbus,0.34,25.8
1790611729,rot-edgex-core-command,0.01,15.6
1790611729,rot-edgex-ui,0.00,15.5
1790611729,rot-edgex-core-data,0.16,19.0
1790611729,rot-edgex-core-metadata,0.01,16.4
1790611729,rot-edgex-common-config,0.00,0.6
1790611729,rot-edgex-core-keeper,0.00,21.6
1790611729,rot-flink-taskmanager,3.39,1515.5
1790611729,rot-telegraf-sink,0.91,107.0
1790611729,rot-alert-republisher,0.17,55.8
1790611729,rot-kafka-exporter,0.03,19.6
1790611729,rot-telegraf-bridge,0.22,127.6
1790611729,rot-fuxa,0.11,72.9
1790611729,rot-grafana,0.67,121.6
1790611729,rot-edgex-postgres,0.77,56.1
1790611729,rot-edgex-mqtt-broker,0.05,1.3
1790611729,rot-flink-jobmanager,0.71,907.9
1790611729,rot-kafka,3.47,508.5
1790611729,rot-influxdb,0.33,99.8
1790611729,rot-prometheus,0.00,109.5
1790611729,rot-emqx,1.16,187.6
1790611729,rot-alertmanager,0.12,19.4
1790611729,rot-plant-simulator,0.43,36.4
1790611729,rot-cadvisor,0.29,51.1
1790611732,rot-ai-web-1,0.00,11.7
1790611732,rot-ai-knowledge-1,4.27,147.4
1790611732,rot-ai-alarm-worker-1,0.09,33.2
1790611732,rot-ai-work-db-1,0.81,50.6
1790611732,rot-ai-graph-1,19.53,720.9
1790611732,rot-edgex-app-mqtt-export,0.44,19.7
1790611732,rot-edgex-device-modbus,0.83,23.9
1790611732,rot-edgex-core-command,0.00,14.8
1790611732,rot-edgex-ui,0.00,13.7
1790611732,rot-edgex-core-data,1.44,21.4
1790611732,rot-edgex-core-metadata,0.00,15.2
1790611732,rot-edgex-common-config,0.00,0.6
1790611732,rot-edgex-core-keeper,0.02,20.5
1790611732,rot-flink-taskmanager,6.33,1514.5
1790611732,rot-telegraf-sink,1.42,102.0
1790611732,rot-alert-republisher,0.25,49.2
1790611732,rot-kafka-exporter,0.08,18.5
1790611732,rot-telegraf-bridge,0.46,129.3
1790611732,rot-fuxa,0.18,71.2
1790611732,rot-grafana,0.08,109.5
1790611732,rot-edgex-postgres,0.34,53.2
1790611732,rot-edgex-mqtt-broker,0.06,1.6
1790611732,rot-flink-jobmanager,2.16,907.7
1790611732,rot-kafka,5.27,496.6
1790611732,rot-influxdb,0.63,94.4
1790611732,rot-prometheus,0.34,104.6
1790611732,rot-emqx,3.24,182.4
1790611732,rot-alertmanager,0.66,27.8
1790611732,rot-plant-simulator,0.99,34.6
1790611732,rot-cadvisor,0.35,48.3
1790611736,rot-ai-web-1,0.00,11.7
1790611736,rot-ai-knowledge-1,0.50,147.7
1790611736,rot-ai-alarm-worker-1,0.08,33.0
1790611736,rot-ai-work-db-1,0.46,52.9
1790611736,rot-ai-graph-1,0.77,720.7
1790611736,rot-edgex-app-mqtt-export,0.63,26.3
1790611736,rot-edgex-device-modbus,0.32,23.7
1790611736,rot-edgex-core-command,0.07,15.0
1790611736,rot-edgex-ui,0.00,13.7
1790611736,rot-edgex-core-data,0.22,21.1
1790611736,rot-edgex-core-metadata,0.00,15.2
1790611736,rot-edgex-common-config,0.01,0.6
1790611736,rot-edgex-core-keeper,0.83,22.2
1790611736,rot-flink-taskmanager,16.61,1497.1
1790611736,rot-telegraf-sink,1.03,101.8
1790611736,rot-alert-republisher,0.29,49.5
1790611736,rot-kafka-exporter,3.64,21.5
1790611736,rot-telegraf-bridge,0.30,134.3
1790611736,rot-fuxa,0.20,71.7
1790611736,rot-grafana,0.04,109.5
1790611736,rot-edgex-postgres,0.20,56.6
1790611736,rot-edgex-mqtt-broker,0.08,1.3
1790611736,rot-flink-jobmanager,0.94,907.6
1790611736,rot-kafka,8.63,525.5
1790611736,rot-influxdb,0.51,94.4
1790611736,rot-prometheus,1.12,104.3
1790611736,rot-emqx,20.38,211.5
1790611736,rot-alertmanager,0.12,27.7
1790611736,rot-plant-simulator,0.45,35.4
1790611736,rot-cadvisor,0.24,48.8
1790611740,rot-ai-web-1,0.00,11.7
1790611740,rot-ai-knowledge-1,1.28,147.4
1790611740,rot-ai-alarm-worker-1,0.09,33.2
1790611740,rot-ai-work-db-1,5.10,53.7
1790611740,rot-ai-graph-1,0.71,720.8
1790611740,rot-edgex-app-mqtt-export,0.21,28.2
1790611740,rot-edgex-device-modbus,0.22,23.7
1790611740,rot-edgex-core-command,0.00,14.8
1790611740,rot-edgex-ui,0.00,13.7
1790611740,rot-edgex-core-data,0.08,21.1
1790611740,rot-edgex-core-metadata,0.01,15.4
1790611740,rot-edgex-common-config,0.00,0.6
1790611740,rot-edgex-core-keeper,0.04,20.8
1790611740,rot-flink-taskmanager,4.44,1497.1
1790611740,rot-telegraf-sink,1.02,102.5
1790611740,rot-alert-republisher,0.22,49.2
1790611740,rot-kafka-exporter,0.05,20.5
1790611740,rot-telegraf-bridge,0.24,138.9
1790611740,rot-fuxa,0.11,78.3
1790611740,rot-grafana,0.06,109.5
1790611740,rot-edgex-postgres,0.07,55.5
1790611740,rot-edgex-mqtt-broker,0.04,1.3
1790611740,rot-flink-jobmanager,1.54,907.9
1790611740,rot-kafka,3.13,523.7
1790611740,rot-influxdb,0.21,103.8
1790611740,rot-prometheus,0.03,116.1
1790611740,rot-emqx,1.11,191.3
1790611740,rot-alertmanager,0.06,27.7
1790611740,rot-plant-simulator,0.28,35.9
1790611740,rot-cadvisor,0.31,48.6
1790611744,rot-ai-web-1,0.00,11.7
1790611744,rot-ai-knowledge-1,5.99,146.1
1790611744,rot-ai-alarm-worker-1,0.11,32.9
1790611744,rot-ai-work-db-1,0.00,48.6
1790611744,rot-ai-graph-1,173.31,935.9
1790611744,rot-edgex-app-mqtt-export,0.19,26.9
1790611744,rot-edgex-device-modbus,0.51,24.1
1790611744,rot-edgex-core-command,0.07,13.5
1790611744,rot-edgex-ui,0.00,12.4
1790611744,rot-edgex-core-data,0.19,19.9
1790611744,rot-edgex-core-metadata,0.00,13.9
1790611744,rot-edgex-common-config,0.00,0.6
1790611744,rot-edgex-core-keeper,0.00,18.9
1790611744,rot-flink-taskmanager,5.46,1495.0
1790611744,rot-telegraf-sink,1.53,94.7
1790611744,rot-alert-republisher,0.25,69.2
1790611744,rot-kafka-exporter,0.04,19.1
1790611744,rot-telegraf-bridge,6.66,169.4
1790611744,rot-fuxa,2.19,77.5
1790611744,rot-grafana,0.10,101.5
1790611744,rot-edgex-postgres,0.09,53.4
1790611744,rot-edgex-mqtt-broker,0.07,1.6
1790611744,rot-flink-jobmanager,5.95,905.3
1790611744,rot-kafka,10.64,529.7
1790611744,rot-influxdb,0.50,103.8
1790611744,rot-prometheus,0.00,111.4
1790611744,rot-emqx,1.40,187.6
1790611744,rot-alertmanager,0.16,25.4
1790611744,rot-plant-simulator,0.55,34.5
1790611744,rot-cadvisor,0.30,46.2
1790611748,rot-ai-web-1,0.00,11.7
1790611748,rot-ai-knowledge-1,1.09,144.1
1790611748,rot-ai-alarm-worker-1,0.08,32.9
1790611748,rot-ai-work-db-1,1.07,50.3
1790611748,rot-ai-graph-1,1.16,717.0
1790611748,rot-edgex-app-mqtt-export,0.48,24.8
1790611748,rot-edgex-device-modbus,0.57,23.2
1790611748,rot-edgex-core-command,0.00,13.3
1790611748,rot-edgex-ui,0.00,12.1
1790611748,rot-edgex-core-data,0.28,20.0
1790611748,rot-edgex-core-metadata,0.00,24.4
1790611748,rot-edgex-common-config,0.00,0.6
1790611748,rot-edgex-core-keeper,0.60,21.6
1790611748,rot-flink-taskmanager,7.49,1495.0
1790611748,rot-telegraf-sink,2.21,101.5
1790611748,rot-alert-republisher,0.41,64.6
1790611748,rot-kafka-exporter,8.64,19.2
1790611748,rot-telegraf-bridge,1.09,157.6
1790611748,rot-fuxa,0.24,76.4
1790611748,rot-grafana,0.23,94.4
1790611748,rot-edgex-postgres,0.36,55.3
1790611748,rot-edgex-mqtt-broker,0.06,1.6
1790611748,rot-flink-jobmanager,2.03,904.1
1790611748,rot-kafka,210.76,583.6
1790611748,rot-influxdb,4.93,101.0
1790611748,rot-prometheus,0.36,127.6
1790611748,rot-emqx,1.44,184.4
1790611748,rot-alertmanager,0.14,24.4
1790611748,rot-plant-simulator,0.65,35.1
1790611748,rot-cadvisor,0.43,50.9
1790611751,rot-ai-web-1,0.00,11.5
1790611751,rot-ai-knowledge-1,0.60,142.7
1790611751,rot-ai-alarm-worker-1,0.07,32.4
1790611751,rot-ai-work-db-1,5.31,50.5
1790611751,rot-ai-graph-1,0.79,710.2
1790611751,rot-edgex-app-mqtt-export,0.15,23.6
1790611751,rot-edgex-device-modbus,0.44,22.2
1790611751,rot-edgex-core-command,0.09,12.7
1790611751,rot-edgex-ui,0.00,11.1
1790611751,rot-edgex-core-data,0.27,18.1
1790611751,rot-edgex-core-metadata,0.04,22.7
1790611751,rot-edgex-common-config,0.00,0.6
1790611751,rot-edgex-core-keeper,0.13,20.9
1790611751,rot-flink-taskmanager,7.13,1494.0
1790611751,rot-telegraf-sink,1.03,96.5
1790611751,rot-alert-republisher,0.34,59.5
1790611751,rot-kafka-exporter,0.04,18.2
1790611751,rot-telegraf-bridge,0.28,148.4
1790611751,rot-fuxa,0.41,77.1
1790611751,rot-grafana,0.04,91.3
1790611751,rot-edgex-postgres,0.11,56.8
1790611751,rot-edgex-mqtt-broker,0.08,1.3
1790611751,rot-flink-jobmanager,4.98,904.4
1790611751,rot-kafka,4.15,514.1
1790611751,rot-influxdb,0.04,111.9
1790611751,rot-prometheus,0.35,122.6
1790611751,rot-emqx,1.09,187.7
1790611751,rot-alertmanager,0.09,31.1
1790611751,rot-plant-simulator,0.58,33.9
1790611751,rot-cadvisor,3.40,53.2
1790611755,rot-ai-web-1,0.00,11.6
1790611755,rot-ai-knowledge-1,0.22,145.5
1790611755,rot-ai-alarm-worker-1,0.16,31.8
1790611755,rot-ai-work-db-1,0.73,49.8
1790611755,rot-ai-graph-1,113.15,802.7
1790611755,rot-edgex-app-mqtt-export,0.41,29.0
1790611755,rot-edgex-device-modbus,0.54,21.2
1790611755,rot-edgex-core-command,0.00,11.8
1790611755,rot-edgex-ui,0.00,10.3
1790611755,rot-edgex-core-data,0.75,23.2
1790611755,rot-edgex-core-metadata,0.00,22.1
1790611755,rot-edgex-common-config,0.01,0.6
1790611755,rot-edgex-core-keeper,0.02,19.9
1790611755,rot-flink-taskmanager,9.24,1494.0
1790611755,rot-telegraf-sink,1.64,92.6
1790611755,rot-alert-republisher,0.36,59.4
1790611755,rot-kafka-exporter,0.14,17.6
1790611755,rot-telegraf-bridge,0.37,145.2
1790611755,rot-fuxa,0.40,75.0
1790611755,rot-grafana,0.12,88.0
1790611755,rot-edgex-postgres,4.90,55.7
1790611755,rot-edgex-mqtt-broker,0.14,1.3
1790611755,rot-flink-jobmanager,7.37,902.6
1790611755,rot-kafka,7.65,512.4
1790611755,rot-influxdb,0.63,108.3
1790611755,rot-prometheus,0.10,118.9
1790611755,rot-emqx,2.32,186.3
1790611755,rot-alertmanager,0.14,29.9
1790611755,rot-plant-simulator,0.98,32.7
1790611755,rot-cadvisor,0.27,51.1
1790611759,rot-ai-web-1,0.00,11.6
1790611759,rot-ai-knowledge-1,0.17,144.1
1790611759,rot-ai-alarm-worker-1,0.08,32.0
1790611759,rot-ai-work-db-1,0.00,49.6
1790611759,rot-ai-graph-1,54.05,732.1
1790611759,rot-edgex-app-mqtt-export,0.15,29.6
1790611759,rot-edgex-device-modbus,0.32,19.8
1790611759,rot-edgex-core-command,0.00,11.9
1790611759,rot-edgex-ui,0.00,10.2
1790611759,rot-edgex-core-data,0.17,22.4
1790611759,rot-edgex-core-metadata,0.04,21.1
1790611759,rot-edgex-common-config,0.00,0.6
1790611759,rot-edgex-core-keeper,0.04,19.3
1790611759,rot-flink-taskmanager,4.17,1490.9
1790611759,rot-telegraf-sink,1.06,87.6
1790611759,rot-alert-republisher,0.42,62.0
1790611759,rot-kafka-exporter,0.06,18.7
1790611759,rot-telegraf-bridge,0.34,137.0
1790611759,rot-fuxa,0.31,75.4
1790611759,rot-grafana,1.23,99.5
1790611759,rot-edgex-postgres,0.11,53.2
1790611759,rot-edgex-mqtt-broker,0.06,1.8
1790611759,rot-flink-jobmanager,0.99,902.0
1790611759,rot-kafka,3.50,504.7
1790611759,rot-influxdb,0.26,107.7
1790611759,rot-prometheus,0.80,115.7
1790611759,rot-emqx,2.15,183.5
1790611759,rot-alertmanager,0.07,28.0
1790611759,rot-plant-simulator,0.55,37.9
1790611759,rot-cadvisor,0.14,51.8
1790611762,rot-ai-web-1,0.00,11.6
1790611762,rot-ai-knowledge-1,0.20,143.8
1790611762,rot-ai-alarm-worker-1,0.08,31.7
1790611762,rot-ai-work-db-1,0.00,50.4
1790611762,rot-ai-graph-1,0.88,730.3
1790611762,rot-edgex-app-mqtt-export,0.43,28.9
1790611762,rot-edgex-device-modbus,0.62,25.4
1790611762,rot-edgex-core-command,0.04,11.8
1790611762,rot-edgex-ui,0.00,10.1
1790611762,rot-edgex-core-data,0.28,21.9
1790611762,rot-edgex-core-metadata,0.00,20.6
1790611762,rot-edgex-common-config,0.01,0.6
1790611762,rot-edgex-core-keeper,0.15,18.9
1790611762,rot-flink-taskmanager,5.24,1490.9
1790611762,rot-telegraf-sink,1.26,93.4
1790611762,rot-alert-republisher,0.34,61.0
1790611762,rot-kafka-exporter,0.07,18.7
1790611762,rot-telegraf-bridge,0.35,155.1
1790611762,rot-fuxa,0.21,74.8
1790611762,rot-grafana,0.08,98.3
1790611762,rot-edgex-postgres,0.18,54.6
1790611762,rot-edgex-mqtt-broker,0.08,1.6
1790611762,rot-flink-jobmanager,2.64,902.4
1790611762,rot-kafka,8.55,516.6
1790611762,rot-influxdb,0.29,106.8
1790611762,rot-prometheus,0.16,114.5
1790611762,rot-emqx,1.45,187.9
1790611762,rot-alertmanager,0.12,27.7
1790611762,rot-plant-simulator,0.55,37.1
1790611762,rot-cadvisor,1.12,52.1
1790611766,rot-ai-web-1,0.00,11.7
1790611766,rot-ai-knowledge-1,0.23,147.3
1790611766,rot-ai-alarm-worker-1,0.08,31.9
1790611766,rot-ai-work-db-1,3.89,55.1
1790611766,rot-ai-graph-1,1.51,730.3
1790611766,rot-edgex-app-mqtt-export,0.15,28.9
1790611766,rot-edgex-device-modbus,0.36,31.7
1790611766,rot-edgex-core-command,0.00,11.8
1790611766,rot-edgex-ui,0.00,10.1
1790611766,rot-edgex-core-data,0.13,21.9
1790611766,rot-edgex-core-metadata,0.10,20.8
1790611766,rot-edgex-common-config,0.00,0.6
1790611766,rot-edgex-core-keeper,0.33,19.7
1790611766,rot-flink-taskmanager,29.43,1513.5
1790611766,rot-telegraf-sink,1.14,92.4
1790611766,rot-alert-republisher,0.25,60.9
1790611766,rot-kafka-exporter,0.04,18.7
1790611766,rot-telegraf-bridge,0.31,155.0
1790611766,rot-fuxa,0.26,75.5
1790611766,rot-grafana,0.05,98.3
1790611766,rot-edgex-postgres,2.35,54.2
1790611766,rot-edgex-mqtt-broker,0.06,1.3
1790611766,rot-flink-jobmanager,8.67,902.8
1790611766,rot-kafka,4.46,526.3
1790611766,rot-influxdb,0.44,106.1
1790611766,rot-prometheus,0.24,114.7
1790611766,rot-emqx,1.28,187.7
1790611766,rot-alertmanager,0.08,27.7
1790611766,rot-plant-simulator,7.71,40.1
1790611766,rot-cadvisor,0.41,51.1
1790611769,rot-ai-web-1,0.00,11.4
1790611769,rot-ai-knowledge-1,0.90,143.4
1790611769,rot-ai-alarm-worker-1,0.10,31.2
1790611769,rot-ai-work-db-1,0.85,44.9
1790611769,rot-ai-graph-1,214.84,858.3
1790611769,rot-edgex-app-mqtt-export,0.25,24.9
1790611769,rot-edgex-device-modbus,0.59,27.1
1790611769,rot-edgex-core-command,0.05,10.8
1790611769,rot-edgex-ui,0.00,8.8
1790611769,rot-edgex-core-data,0.29,19.7
1790611769,rot-edgex-core-metadata,0.03,17.6
1790611769,rot-edgex-common-config,0.00,0.6
1790611769,rot-edgex-core-keeper,0.00,16.4
1790611769,rot-flink-taskmanager,6.54,1510.4
1790611769,rot-telegraf-sink,1.89,84.3
1790611769,rot-alert-republisher,0.27,51.4
1790611769,rot-kafka-exporter,0.05,18.9
1790611769,rot-telegraf-bridge,0.36,135.3
1790611769,rot-fuxa,0.46,70.9
1790611769,rot-grafana,0.10,85.2
1790611769,rot-edgex-postgres,0.85,51.7
1790611769,rot-edgex-mqtt-broker,0.11,1.6
1790611769,rot-flink-jobmanager,1.67,901.3
1790611769,rot-kafka,4.93,506.4
1790611769,rot-influxdb,0.63,96.0
1790611769,rot-prometheus,0.00,105.4
1790611769,rot-emqx,1.20,181.4
1790611769,rot-alertmanager,0.16,24.3
1790611769,rot-plant-simulator,0.75,34.9
1790611769,rot-cadvisor,0.47,47.2
1790611773,rot-ai-web-1,0.00,11.6
1790611773,rot-ai-knowledge-1,0.17,147.7
1790611773,rot-ai-alarm-worker-1,0.10,31.8
1790611773,rot-ai-work-db-1,0.95,48.4
1790611773,rot-ai-graph-1,0.90,731.8
1790611773,rot-edgex-app-mqtt-export,0.14,24.9
1790611773,rot-edgex-device-modbus,0.53,26.9
1790611773,rot-edgex-core-command,0.03,10.8
1790611773,rot-edgex-ui,0.00,9.0
1790611773,rot-edgex-core-data,0.36,21.9
1790611773,rot-edgex-core-metadata,0.01,23.7
1790611773,rot-edgex-common-config,0.00,0.6
1790611773,rot-edgex-core-keeper,0.00,17.0
1790611773,rot-flink-taskmanager,4.28,1511.4
1790611773,rot-telegraf-sink,1.11,90.8
1790611773,rot-alert-republisher,0.25,51.8
1790611773,rot-kafka-exporter,0.05,18.9
1790611773,rot-telegraf-bridge,1.03,136.0
1790611773,rot-fuxa,0.18,71.4
1790611773,rot-grafana,0.08,85.1
1790611773,rot-edgex-postgres,0.11,53.1
1790611773,rot-edgex-mqtt-broker,0.06,1.3
1790611773,rot-flink-jobmanager,2.85,902.3
1790611773,rot-kafka,97.30,510.2
1790611773,rot-influxdb,0.07,100.6
1790611773,rot-prometheus,0.00,105.3
1790611773,rot-emqx,14.46,189.6
1790611773,rot-alertmanager,0.11,24.3
1790611773,rot-plant-simulator,0.62,35.0
1790611773,rot-cadvisor,0.23,47.5
1790611777,rot-ai-web-1,0.00,11.6
1790611777,rot-ai-knowledge-1,0.64,147.2
1790611777,rot-ai-alarm-worker-1,0.07,31.3
1790611777,rot-ai-work-db-1,0.76,48.1
1790611777,rot-ai-graph-1,0.69,731.2
1790611777,rot-edgex-app-mqtt-export,0.28,28.0
1790611777,rot-edgex-device-modbus,0.42,26.9
1790611777,rot-edgex-core-command,0.00,10.7
1790611777,rot-edgex-ui,0.00,9.0
1790611777,rot-edgex-core-data,0.18,23.0
1790611777,rot-edgex-core-metadata,0.00,23.4
1790611777,rot-edgex-common-config,0.00,0.6
1790611777,rot-edgex-core-keeper,1.00,27.8
1790611777,rot-flink-taskmanager,4.84,1508.4
1790611777,rot-telegraf-sink,1.20,94.1
1790611777,rot-alert-republisher,0.56,57.9
1790611777,rot-kafka-exporter,4.56,19.6
1790611777,rot-telegraf-bridge,0.30,136.8
1790611777,rot-fuxa,0.13,71.4
1790611777,rot-grafana,0.12,84.5
1790611777,rot-edgex-postgres,0.27,53.7
1790611777,rot-edgex-mqtt-broker,0.07,1.3
1790611777,rot-flink-jobmanager,1.14,902.1
1790611777,rot-kafka,9.06,511.9
1790611777,rot-influxdb,2.35,113.8
1790611777,rot-prometheus,0.26,116.4
1790611777,rot-emqx,0.64,189.2
1790611777,rot-alertmanager,0.09,39.0
1790611777,rot-plant-simulator,0.31,39.2
1790611777,rot-cadvisor,0.38,50.0
1790611781,rot-ai-web-1,0.00,11.6
1790611781,rot-ai-knowledge-1,0.58,147.4
1790611781,rot-ai-alarm-worker-1,0.10,31.8
1790611781,rot-ai-work-db-1,0.46,48.4
1790611781,rot-ai-graph-1,0.71,731.1
1790611781,rot-edgex-app-mqtt-export,0.11,28.0
1790611781,rot-edgex-device-modbus,0.22,26.6
1790611781,rot-edgex-core-command,0.00,10.7
1790611781,rot-edgex-ui,0.00,9.0
1790611781,rot-edgex-core-data,0.15,23.1
1790611781,rot-edgex-core-metadata,0.04,23.4
1790611781,rot-edgex-common-config,0.00,0.6
1790611781,rot-edgex-core-keeper,0.05,27.8
1790611781,rot-flink-taskmanager,5.23,1507.3
1790611781,rot-telegraf-sink,1.01,93.4
1790611781,rot-alert-republisher,0.20,57.9
1790611781,rot-kafka-exporter,0.03,19.6
1790611781,rot-telegraf-bridge,0.34,136.8
1790611781,rot-fuxa,0.13,71.4
1790611781,rot-grafana,0.06,84.5
1790611781,rot-edgex-postgres,0.10,53.7
1790611781,rot-edgex-mqtt-broker,0.05,1.3
1790611781,rot-flink-jobmanager,3.70,903.0
1790611781,rot-kafka,8.31,527.6
1790611781,rot-influxdb,0.48,113.8
1790611781,rot-prometheus,0.27,115.9
1790611781,rot-emqx,0.91,189.2
1790611781,rot-alertmanager,0.11,39.0
1790611781,rot-plant-simulator,0.34,39.0
1790611781,rot-cadvisor,0.95,51.3
1790611784,rot-ai-web-1,0.00,11.4
1790611784,rot-ai-knowledge-1,1.50,145.7
1790611784,rot-ai-alarm-worker-1,0.10,31.5
1790611784,rot-ai-work-db-1,0.00,44.5
1790611784,rot-ai-graph-1,41.73,722.9
1790611784,rot-edgex-app-mqtt-export,0.24,23.3
1790611784,rot-edgex-device-modbus,0.64,25.0
1790611784,rot-edgex-core-command,0.00,9.8
1790611784,rot-edgex-ui,0.00,18.4
1790611784,rot-edgex-core-data,0.21,21.1
1790611784,rot-edgex-core-metadata,0.00,18.9
1790611784,rot-edgex-common-config,0.00,0.6
1790611784,rot-edgex-core-keeper,0.05,23.3
1790611784,rot-flink-taskmanager,5.46,1506.3
1790611784,rot-telegraf-sink,1.35,81.4
1790611784,rot-alert-republisher,0.31,49.1
1790611784,rot-kafka-exporter,0.31,19.6
1790611784,rot-telegraf-bridge,0.33,122.1
1790611784,rot-fuxa,0.25,67.3
1790611784,rot-grafana,0.07,73.0
1790611784,rot-edgex-postgres,0.13,49.5
1790611784,rot-edgex-mqtt-broker,0.08,1.3
1790611784,rot-flink-jobmanager,5.94,901.9
1790611784,rot-kafka,167.77,553.1
1790611784,rot-influxdb,0.07,102.7
1790611784,rot-prometheus,0.10,106.5
1790611784,rot-emqx,86.00,186.6
1790611784,rot-alertmanager,0.11,31.6
1790611784,rot-plant-simulator,0.79,35.5
1790611784,rot-cadvisor,0.20,45.5
1790611788,rot-ai-web-1,0.00,11.4
1790611788,rot-ai-knowledge-1,0.17,143.4
1790611788,rot-ai-alarm-worker-1,0.07,44.9
1790611788,rot-ai-work-db-1,0.34,47.6
1790611788,rot-ai-graph-1,0.74,713.4
1790611788,rot-edgex-app-mqtt-export,0.15,26.7
1790611788,rot-edgex-device-modbus,0.32,22.8
1790611788,rot-edgex-core-command,0.00,9.5
1790611788,rot-edgex-ui,0.00,16.6
1790611788,rot-edgex-core-data,0.15,19.7
1790611788,rot-edgex-core-metadata,0.00,20.9
1790611788,rot-edgex-common-config,0.00,0.6
1790611788,rot-edgex-core-keeper,0.05,24.1
1790611788,rot-flink-taskmanager,3.64,1505.3
1790611788,rot-telegraf-sink,0.94,77.3
1790611788,rot-alert-republisher,0.24,156.4
1790611788,rot-kafka-exporter,0.03,19.0
1790611788,rot-telegraf-bridge,0.23,118.8
1790611788,rot-fuxa,0.18,69.6
1790611788,rot-grafana,4.35,87.7
1790611788,rot-edgex-postgres,0.89,56.1
1790611788,rot-edgex-mqtt-broker,0.06,1.6
1790611788,rot-flink-jobmanager,1.30,901.4
1790611788,rot-kafka,3.83,502.2
1790611788,rot-influxdb,2.71,108.1
1790611788,rot-prometheus,0.74,108.9
1790611788,rot-emqx,1.91,181.9
1790611788,rot-alertmanager,0.11,28.8
1790611788,rot-plant-simulator,0.42,35.8
1790611788,rot-cadvisor,0.36,44.0
1790611791,rot-ai-web-1,0.00,11.2
1790611791,rot-ai-knowledge-1,0.71,142.5
1790611791,rot-ai-alarm-worker-1,0.11,43.8
1790611791,rot-ai-work-db-1,4.87,52.5
1790611791,rot-ai-graph-1,0.76,709.5
1790611791,rot-edgex-app-mqtt-export,0.45,24.9
1790611791,rot-edgex-device-modbus,0.47,21.4
1790611791,rot-edgex-core-command,0.04,9.2
1790611791,rot-edgex-ui,0.00,15.2
1790611791,rot-edgex-core-data,0.29,18.5
1790611791,rot-edgex-core-metadata,0.03,19.7
1790611791,rot-edgex-common-config,0.00,0.6
1790611791,rot-edgex-core-keeper,0.07,22.6
1790611791,rot-flink-taskmanager,7.95,1520.6
1790611791,rot-telegraf-sink,1.54,73.9
1790611791,rot-alert-republisher,0.32,146.2
1790611791,rot-kafka-exporter,0.04,18.1
1790611791,rot-telegraf-bridge,0.26,114.5
1790611791,rot-fuxa,0.12,68.9
1790611791,rot-grafana,0.09,115.6
1790611791,rot-edgex-postgres,0.12,54.0
1790611791,rot-edgex-mqtt-broker,0.05,1.3
1790611791,rot-flink-jobmanager,5.62,901.6
1790611791,rot-kafka,4.55,511.0
1790611791,rot-influxdb,0.06,106.7
1790611791,rot-prometheus,0.35,106.0
1790611791,rot-emqx,0.92,181.0
1790611791,rot-alertmanager,0.13,27.1
1790611791,rot-plant-simulator,0.48,34.1
1790611791,rot-cadvisor,1.42,43.9
1790611795,rot-ai-web-1,0.00,11.9
1790611795,rot-ai-knowledge-1,0.80,146.2
1790611795,rot-ai-alarm-worker-1,0.09,41.8
1790611795,rot-ai-work-db-1,0.01,50.5
1790611795,rot-ai-graph-1,192.49,887.7
1790611795,rot-edgex-app-mqtt-export,0.18,29.5
1790611795,rot-edgex-device-modbus,0.38,20.1
1790611795,rot-edgex-core-command,0.00,13.0
1790611795,rot-edgex-ui,0.00,14.3
1790611795,rot-edgex-core-data,0.21,17.8
1790611795,rot-edgex-core-metadata,0.00,18.9
1790611795,rot-edgex-common-config,0.00,0.6
1790611795,rot-edgex-core-keeper,0.02,21.1
1790611795,rot-flink-taskmanager,19.43,1520.6
1790611795,rot-telegraf-sink,1.25,72.6
1790611795,rot-alert-republisher,0.25,164.1
1790611795,rot-kafka-exporter,0.05,18.4
1790611795,rot-telegraf-bridge,0.26,117.0
1790611795,rot-fuxa,0.19,68.6
1790611795,rot-grafana,0.06,105.7
1790611795,rot-edgex-postgres,2.11,54.7
1790611795,rot-edgex-mqtt-broker,0.05,1.6
1790611795,rot-flink-jobmanager,13.83,902.4
1790611795,rot-kafka,4.69,508.4
1790611795,rot-influxdb,0.28,103.1
1790611795,rot-prometheus,0.08,103.5
1790611795,rot-emqx,71.01,234.7
1790611795,rot-alertmanager,0.10,31.0
1790611795,rot-plant-simulator,0.43,32.9
1790611795,rot-cadvisor,0.12,42.2
1790611799,rot-ai-web-1,0.00,11.7
1790611799,rot-ai-knowledge-1,0.16,143.7
1790611799,rot-ai-alarm-worker-1,0.10,39.4
1790611799,rot-ai-work-db-1,0.02,51.2
1790611799,rot-ai-graph-1,0.86,722.8
1790611799,rot-edgex-app-mqtt-export,0.21,26.1
1790611799,rot-edgex-device-modbus,0.46,25.8
1790611799,rot-edgex-core-command,0.00,12.3
1790611799,rot-edgex-ui,0.00,12.5
1790611799,rot-edgex-core-data,0.22,20.7
1790611799,rot-edgex-core-metadata,0.03,22.7
1790611799,rot-edgex-common-config,0.01,0.6
1790611799,rot-edgex-core-keeper,0.00,22.2
1790611799,rot-flink-taskmanager,5.57,1517.6
1790611799,rot-telegraf-sink,1.63,68.4
1790611799,rot-alert-republisher,0.28,135.9
1790611799,rot-kafka-exporter,0.06,23.2
1790611799,rot-telegraf-bridge,0.24,108.7
1790611799,rot-fuxa,0.16,67.9
1790611799,rot-grafana,0.12,106.5
1790611799,rot-edgex-postgres,0.11,51.7
1790611799,rot-edgex-mqtt-broker,0.07,1.6
1790611799,rot-flink-jobmanager,1.16,899.5
1790611799,rot-kafka,135.29,596.4
1790611799,rot-influxdb,0.58,97.5
1790611799,rot-prometheus,0.76,102.5
1790611799,rot-emqx,1.07,183.7
1790611799,rot-alertmanager,0.09,27.6
1790611799,rot-plant-simulator,0.64,38.0
1790611799,rot-cadvisor,0.41,43.0
1790611802,rot-ai-web-1,1.46,12.7
1790611802,rot-ai-knowledge-1,0.15,143.5
1790611802,rot-ai-alarm-worker-1,0.07,39.2
1790611802,rot-ai-work-db-1,3.56,53.2
1790611802,rot-ai-graph-1,0.73,723.1
1790611802,rot-edgex-app-mqtt-export,0.20,26.4
1790611802,rot-edgex-device-modbus,0.26,25.8
1790611802,rot-edgex-core-command,0.00,24.4
1790611802,rot-edgex-ui,0.00,12.6
1790611802,rot-edgex-core-data,0.11,20.9
1790611802,rot-edgex-core-metadata,0.00,22.6
1790611802,rot-edgex-common-config,0.00,0.6
1790611802,rot-edgex-core-keeper,0.05,22.2
1790611802,rot-flink-taskmanager,3.33,1517.6
1790611802,rot-telegraf-sink,0.76,89.8
1790611802,rot-alert-republisher,0.35,136.2
1790611802,rot-kafka-exporter,0.04,22.9
1790611802,rot-telegraf-bridge,0.33,109.2
1790611802,rot-fuxa,0.27,68.0
1790611802,rot-grafana,0.04,106.4
1790611802,rot-edgex-postgres,0.11,55.3
1790611802,rot-edgex-mqtt-broker,0.05,1.8
1790611802,rot-flink-jobmanager,1.25,899.9
1790611802,rot-kafka,2.84,525.9
1790611802,rot-influxdb,0.25,103.3
1790611802,rot-prometheus,0.00,102.5
1790611802,rot-emqx,1.05,183.2
1790611802,rot-alertmanager,0.08,27.6
1790611802,rot-plant-simulator,0.31,37.1
1790611802,rot-cadvisor,0.04,45.7
1790611806,rot-ai-web-1,0.00,11.8
1790611806,rot-ai-knowledge-1,0.90,144.8
1790611806,rot-ai-alarm-worker-1,0.10,38.6
1790611806,rot-ai-work-db-1,0.00,51.7
1790611806,rot-ai-graph-1,0.95,717.3
1790611806,rot-edgex-app-mqtt-export,0.23,25.2
1790611806,rot-edgex-device-modbus,0.44,24.1
1790611806,rot-edgex-core-command,0.00,22.7
1790611806,rot-edgex-ui,0.00,12.4
1790611806,rot-edgex-core-data,0.24,19.7
1790611806,rot-edgex-core-metadata,0.11,21.6
1790611806,rot-edgex-common-config,0.01,0.6
1790611806,rot-edgex-core-keeper,0.26,22.0
1790611806,rot-flink-taskmanager,16.86,1517.6
1790611806,rot-telegraf-sink,1.35,135.9
1790611806,rot-alert-republisher,0.37,123.8
1790611806,rot-kafka-exporter,0.05,22.4
1790611806,rot-telegraf-bridge,0.37,106.5
1790611806,rot-fuxa,0.25,74.6
1790611806,rot-grafana,0.06,100.2
1790611806,rot-edgex-postgres,3.65,55.0
1790611806,rot-edgex-mqtt-broker,0.07,1.3
1790611806,rot-flink-jobmanager,9.91,899.9
1790611806,rot-kafka,4.79,518.2
1790611806,rot-influxdb,0.41,98.5
1790611806,rot-prometheus,0.14,100.1
1790611806,rot-emqx,1.97,181.0
1790611806,rot-alertmanager,0.13,26.2
1790611806,rot-plant-simulator,0.64,35.8
1790611806,rot-cadvisor,0.27,44.1
1790611809,rot-ai-web-1,0.00,11.7
1790611809,rot-ai-knowledge-1,1.07,143.6
1790611809,rot-ai-alarm-worker-1,0.13,37.8
1790611809,rot-ai-work-db-1,0.96,50.9
1790611809,rot-ai-graph-1,196.27,924.1
1790611809,rot-edgex-app-mqtt-export,1.97,32.4
1790611809,rot-edgex-device-modbus,0.50,21.7
1790611809,rot-edgex-core-command,0.01,20.9
1790611809,rot-edgex-ui,0.00,10.7
1790611809,rot-edgex-core-data,0.39,18.0
1790611809,rot-edgex-core-metadata,0.02,19.9
1790611809,rot-edgex-common-config,0.00,0.6
1790611809,rot-edgex-core-keeper,0.00,23.9
1790611809,rot-flink-taskmanager,5.44,1515.5
1790611809,rot-telegraf-sink,2.54,132.3
1790611809,rot-alert-republisher,0.34,108.6
1790611809,rot-kafka-exporter,0.09,21.5
1790611809,rot-telegraf-bridge,1.21,118.0
1790611809,rot-fuxa,0.19,72.3
1790611809,rot-grafana,0.16,93.2
1790611809,rot-edgex-postgres,0.73,53.1
1790611809,rot-edgex-mqtt-broker,0.08,1.8
1790611809,rot-flink-jobmanager,1.34,899.8
1790611809,rot-kafka,48.28,518.8
1790611809,rot-influxdb,0.13,106.7
1790611809,rot-prometheus,0.00,110.2
1790611809,rot-emqx,2.10,182.5
1790611809,rot-alertmanager,0.10,24.4
1790611809,rot-plant-simulator,0.62,34.8
1790611809,rot-cadvisor,0.28,43.7
1790611813,rot-ai-web-1,3.34,12.5
1790611813,rot-ai-knowledge-1,0.20,140.7
1790611813,rot-ai-alarm-worker-1,0.15,35.7
1790611813,rot-ai-work-db-1,7.58,50.1
1790611813,rot-ai-graph-1,1.48,717.3
1790611813,rot-edgex-app-mqtt-export,0.47,29.8
1790611813,rot-edgex-device-modbus,0.62,24.9
1790611813,rot-edgex-core-command,0.00,18.3
1790611813,rot-edgex-ui,0.00,9.7
1790611813,rot-edgex-core-data,0.25,20.3
1790611813,rot-edgex-core-metadata,0.00,22.9
1790611813,rot-edgex-common-config,0.00,0.6
1790611813,rot-edgex-core-keeper,0.19,21.3
1790611813,rot-flink-taskmanager,7.24,1513.5
1790611813,rot-telegraf-sink,2.15,118.0
1790611813,rot-alert-republisher,0.43,87.2
1790611813,rot-kafka-exporter,0.14,20.0
1790611813,rot-telegraf-bridge,0.65,114.0
1790611813,rot-fuxa,0.21,70.6
1790611813,rot-grafana,0.11,81.2
1790611813,rot-edgex-postgres,0.24,54.5
1790611813,rot-edgex-mqtt-broker,0.12,1.6
1790611813,rot-flink-jobmanager,1.82,899.9
1790611813,rot-kafka,6.98,508.1
1790611813,rot-influxdb,0.50,99.1
1790611813,rot-prometheus,0.00,103.5
1790611813,rot-emqx,1.95,179.2
1790611813,rot-alertmanager,0.13,21.7
1790611813,rot-plant-simulator,0.55,32.4
1790611813,rot-cadvisor,0.29,46.5
1790611816,rot-ai-knowledge-1,97.26,143.0
1790611816,rot-ai-alarm-worker-1,0.17,35.9
1790611816,rot-ai-work-db-1,0.00,49.6
1790611816,rot-ai-graph-1,1.39,713.3
1790611816,rot-edgex-app-mqtt-export,0.35,29.5
1790611816,rot-edgex-device-modbus,0.80,24.7
1790611816,rot-edgex-core-command,0.00,18.2
1790611816,rot-edgex-ui,0.00,9.6
1790611816,rot-edgex-core-data,0.21,20.2
1790611816,rot-edgex-core-metadata,0.43,22.9
1790611816,rot-edgex-common-config,0.00,0.6
1790611816,rot-edgex-core-keeper,0.61,21.4
1790611816,rot-flink-taskmanager,24.51,1515.5
1790611816,rot-telegraf-sink,3.03,121.0
1790611816,rot-alert-republisher,0.53,85.7
1790611816,rot-kafka-exporter,0.05,19.9
1790611816,rot-telegraf-bridge,3.37,132.0
1790611816,rot-fuxa,0.29,70.3
1790611816,rot-grafana,0.68,84.0
1790611816,rot-edgex-postgres,8.69,54.5
1790611816,rot-edgex-mqtt-broker,0.49,1.8
1790611816,rot-flink-jobmanager,10.78,904.8
1790611816,rot-kafka,8.58,509.4
1790611816,rot-influxdb,0.44,100.8
1790611816,rot-prometheus,0.57,103.0
1790611816,rot-emqx,1.53,178.4
1790611816,rot-alertmanager,0.42,21.6
1790611816,rot-plant-simulator,0.86,33.4
1790611816,rot-cadvisor,0.17,52.1
1790611820,rot-ai-graph-1,3.89,717.7
1790611820,rot-edgex-app-mqtt-export,0.28,29.7
1790611820,rot-edgex-device-modbus,0.43,24.4
1790611820,rot-edgex-core-command,0.04,18.0
1790611820,rot-edgex-ui,0.00,9.6
1790611820,rot-edgex-core-data,0.26,25.4
1790611820,rot-edgex-core-metadata,0.00,22.6
1790611820,rot-edgex-common-config,0.00,0.6
1790611820,rot-edgex-core-keeper,0.00,20.7
1790611820,rot-flink-taskmanager,5.99,1517.6
1790611820,rot-telegraf-sink,1.81,127.6
1790611820,rot-alert-republisher,0.33,112.0
1790611820,rot-kafka-exporter,0.07,20.9
1790611820,rot-telegraf-bridge,1.26,140.5
1790611820,rot-fuxa,0.22,70.4
1790611820,rot-grafana,3.35,116.2
1790611820,rot-edgex-postgres,0.16,54.4
1790611820,rot-edgex-mqtt-broker,0.10,1.6
1790611820,rot-flink-jobmanager,1.29,904.8
1790611820,rot-kafka,5.09,517.9
1790611820,rot-influxdb,0.08,103.1
1790611820,rot-prometheus,0.00,110.1
1790611820,rot-emqx,41.10,188.1
1790611820,rot-alertmanager,0.13,21.4
1790611820,rot-plant-simulator,0.53,38.7
1790611820,rot-cadvisor,0.24,52.6
1790611823,rot-edgex-core-metadata,0.15,25.5
1790611823,rot-edgex-common-config,0.00,0.6
1790611823,rot-edgex-core-keeper,0.21,28.9
1790611823,rot-kafka-exporter,0.00,0.0
1790611823,rot-edgex-postgres,1.70,49.7
1790611823,rot-edgex-mqtt-broker,0.06,1.3
1790611823,rot-flink-jobmanager,80.28,907.4
1790611823,rot-kafka,293.91,559.0
1790611823,rot-emqx,2.52,189.1
1790611823,rot-plant-simulator,0.23,38.1
